aspect_sentiment_id,smartphone_id,review_id,sentence_id,aspect,sentiment,confidence,opinion_term,method
12665,1,6,31686,price,positive,0.95,happy,lexicon
12666,1,6,31687,design,positive,0.95,excellent,lexicon
12667,1,6,31690,battery,neutral,0.55,,lexicon
12668,1,6,31693,price,neutral,0.55,,lexicon
12669,1,6,31694,price,neutral,0.55,,lexicon
12670,1,7,31701,display,positive,0.88,good,lexicon
12671,1,7,31701,design,positive,0.88,good,lexicon
12672,1,7,31702,display,neutral,0.55,,lexicon
12673,1,7,31705,performance,negative,0.905,overheating,lexicon
12674,1,7,31706,display,neutral,0.55,,lexicon
12675,1,7,31707,camera,neutral,0.55,,lexicon
12676,1,7,31709,battery,neutral,0.55,,lexicon
12677,1,7,31711,price,positive,0.77,solid,lexicon
12678,1,8,31713,battery,positive,0.725,like,lexicon
12679,1,8,31718,display,neutral,0.55,,lexicon
12680,1,9,31719,design,positive,0.914,pleased,lexicon
12681,1,9,31721,design,neutral,0.55,,lexicon
12682,1,9,31722,battery,negative,0.95,disappointed,lexicon
12683,1,10,31723,battery,neutral,0.55,,lexicon
12684,1,10,31726,battery,negative,0.905,defective,lexicon
12685,1,10,31728,battery,neutral,0.55,,lexicon
12686,1,10,31730,battery,neutral,0.55,,lexicon
12687,1,10,31730,camera,neutral,0.55,,lexicon
12688,1,10,31730,display,neutral,0.55,,lexicon
12689,1,10,31740,display,neutral,0.471,good,lexicon
12690,1,10,31744,camera,positive,0.77,nice,lexicon
12691,2,49,31746,price,positive,0.95,happy,lexicon
12692,2,49,31747,design,positive,0.95,excellent,lexicon
12693,2,49,31750,battery,neutral,0.55,,lexicon
12694,2,49,31753,price,neutral,0.55,,lexicon
12695,2,49,31754,price,neutral,0.55,,lexicon
12696,2,50,31761,display,positive,0.88,good,lexicon
12697,2,50,31761,design,positive,0.88,good,lexicon
12698,2,50,31762,display,neutral,0.55,,lexicon
12699,2,50,31765,performance,negative,0.905,overheating,lexicon
12700,2,50,31766,display,neutral,0.55,,lexicon
12701,2,50,31767,camera,neutral,0.55,,lexicon
12702,2,50,31769,battery,neutral,0.55,,lexicon
12703,2,50,31771,price,positive,0.77,solid,lexicon
12704,2,51,31773,battery,positive,0.725,like,lexicon
12705,2,51,31778,display,neutral,0.55,,lexicon
12706,2,52,31779,design,positive,0.914,pleased,lexicon
12707,2,52,31781,design,neutral,0.55,,lexicon
12708,2,52,31782,battery,negative,0.95,disappointed,lexicon
12709,2,53,31783,battery,neutral,0.55,,lexicon
12710,2,53,31786,battery,negative,0.905,defective,lexicon
12711,2,53,31788,battery,neutral,0.55,,lexicon
12712,2,53,31790,battery,neutral,0.55,,lexicon
12713,2,53,31790,camera,neutral,0.55,,lexicon
12714,2,53,31790,display,neutral,0.55,,lexicon
12715,2,53,31800,display,neutral,0.471,good,lexicon
12716,2,53,31804,camera,positive,0.77,nice,lexicon
12717,2,54,31808,design,positive,0.93,beautiful,lexicon
12718,2,54,31809,battery,positive,0.95,great,lexicon
12719,2,54,31809,camera,positive,0.86,great,lexicon
12720,2,54,31810,design,positive,0.86,great,lexicon
12721,2,55,31813,design,positive,0.95,excellent,lexicon
12722,2,55,31814,battery,neutral,0.55,,lexicon
12723,2,55,31816,price,positive,0.95,recommend,lexicon
12724,2,56,31821,battery,neutral,0.55,,lexicon
12725,2,61,31832,battery,positive,0.86,great,lexicon
12726,2,62,31834,battery,positive,0.883,smooth,lexicon
12727,2,62,31834,performance,neutral,0.354,smooth,lexicon
12728,2,63,31842,camera,neutral,0.55,,lexicon
12729,2,63,31843,display,positive,0.806,broken,lexicon
12730,2,63,31844,battery,neutral,0.55,,lexicon
12731,2,63,31844,display,neutral,0.55,,lexicon
12732,2,63,31846,battery,positive,0.725,like,lexicon
12733,2,63,31847,design,neutral,0.55,,lexicon
12734,2,63,31850,design,positive,0.703,fine,lexicon
12735,2,63,31854,design,negative,0.842,excellent,lexicon
12736,2,63,31856,battery,neutral,0.55,,lexicon
12737,2,63,31857,battery,neutral,0.55,,lexicon
12738,3,1553,31864,design,positive,0.93,beautiful,lexicon
12739,3,1553,31865,battery,positive,0.95,great,lexicon
12740,3,1553,31865,camera,positive,0.86,great,lexicon
12741,3,1553,31866,design,positive,0.86,great,lexicon
12742,3,1554,31869,design,positive,0.95,excellent,lexicon
12743,3,1554,31870,battery,neutral,0.55,,lexicon
12744,3,1554,31872,price,positive,0.95,recommend,lexicon
12745,3,1555,31877,battery,neutral,0.55,,lexicon
12746,3,1560,31888,battery,positive,0.86,great,lexicon
12747,3,1561,31890,battery,positive,0.883,smooth,lexicon
12748,3,1561,31890,performance,neutral,0.354,smooth,lexicon
12749,3,1562,31898,camera,neutral,0.55,,lexicon
12750,3,1562,31899,display,positive,0.806,broken,lexicon
12751,3,1562,31900,battery,neutral,0.55,,lexicon
12752,3,1562,31900,display,neutral,0.55,,lexicon
12753,3,1562,31902,battery,positive,0.725,like,lexicon
12754,3,1562,31903,design,neutral,0.55,,lexicon
12755,3,1562,31906,design,positive,0.703,fine,lexicon
12756,3,1562,31910,design,negative,0.842,excellent,lexicon
12757,3,1562,31912,battery,neutral,0.55,,lexicon
12758,3,1562,31913,battery,neutral,0.55,,lexicon
12759,4,2426,31918,price,positive,0.95,happy,lexicon
12760,4,2426,31919,design,positive,0.95,excellent,lexicon
12761,4,2426,31922,battery,neutral,0.55,,lexicon
12762,4,2426,31925,price,neutral,0.55,,lexicon
12763,4,2426,31926,price,neutral,0.55,,lexicon
12764,4,2427,31933,display,positive,0.88,good,lexicon
12765,4,2427,31933,design,positive,0.88,good,lexicon
12766,4,2427,31934,display,neutral,0.55,,lexicon
12767,4,2427,31937,performance,negative,0.905,overheating,lexicon
12768,4,2427,31938,display,neutral,0.55,,lexicon
12769,4,2427,31939,camera,neutral,0.55,,lexicon
12770,4,2427,31941,battery,neutral,0.55,,lexicon
12771,4,2427,31943,price,positive,0.77,solid,lexicon
12772,4,2428,31945,battery,positive,0.725,like,lexicon
12773,4,2428,31950,display,neutral,0.55,,lexicon
12774,4,2429,31951,design,positive,0.914,pleased,lexicon
12775,4,2429,31953,design,neutral,0.55,,lexicon
12776,4,2429,31954,battery,negative,0.95,disappointed,lexicon
12777,4,2430,31955,battery,neutral,0.55,,lexicon
12778,4,2430,31958,battery,negative,0.905,defective,lexicon
12779,4,2430,31960,battery,neutral,0.55,,lexicon
12780,4,2430,31962,battery,neutral,0.55,,lexicon
12781,4,2430,31962,camera,neutral,0.55,,lexicon
12782,4,2430,31962,display,neutral,0.55,,lexicon
12783,4,2430,31972,display,neutral,0.471,good,lexicon
12784,4,2430,31976,camera,positive,0.77,nice,lexicon
12785,4,2431,31980,design,positive,0.93,beautiful,lexicon
12786,4,2431,31981,battery,positive,0.95,great,lexicon
12787,4,2431,31981,camera,positive,0.86,great,lexicon
12788,4,2431,31982,design,positive,0.86,great,lexicon
12789,4,2432,31985,design,positive,0.95,excellent,lexicon
12790,4,2432,31986,battery,neutral,0.55,,lexicon
12791,4,2432,31988,price,positive,0.95,recommend,lexicon
12792,4,2433,31993,battery,neutral,0.55,,lexicon
12793,4,2438,32004,battery,positive,0.86,great,lexicon
12794,4,2439,32006,battery,positive,0.883,smooth,lexicon
12795,4,2439,32006,performance,neutral,0.354,smooth,lexicon
12796,4,2440,32014,camera,neutral,0.55,,lexicon
12797,4,2440,32015,display,positive,0.806,broken,lexicon
12798,4,2440,32016,battery,neutral,0.55,,lexicon
12799,4,2440,32016,display,neutral,0.55,,lexicon
12800,4,2440,32018,battery,positive,0.725,like,lexicon
12801,4,2440,32019,design,neutral,0.55,,lexicon
12802,4,2440,32022,design,positive,0.703,fine,lexicon
12803,4,2440,32026,design,negative,0.842,excellent,lexicon
12804,4,2440,32028,battery,neutral,0.55,,lexicon
12805,4,2440,32029,battery,neutral,0.55,,lexicon
12806,4,2442,32035,battery,neutral,0.55,,lexicon
12807,4,2442,32039,price,positive,0.752,expensive,lexicon
12808,4,2442,32040,display,positive,0.927,flawless,lexicon
12809,4,2443,32042,display,negative,0.883,broken,lexicon
12810,4,2444,32043,battery,neutral,0.55,,lexicon
12811,4,2444,32045,battery,positive,0.792,good,lexicon
12812,4,2445,32046,price,positive,0.85,nice,lexicon
12813,4,2445,32053,display,positive,0.927,perfect,lexicon
12814,4,2445,32055,battery,neutral,0.55,,lexicon
12815,4,2445,32056,battery,negative,0.748,issues,lexicon
12816,4,2445,32062,price,positive,0.866,good,lexicon
12817,4,2446,32064,battery,neutral,0.55,,lexicon
12818,4,2446,32066,battery,neutral,0.55,,lexicon
12819,4,2447,32068,performance,negative,0.734,slow,lexicon
12820,4,2447,32068,battery,positive,0.875,all day,lexicon
12821,4,2447,32068,price,neutral,0.385,good,lexicon
12822,4,2447,32069,display,neutral,0.55,,lexicon
12823,4,2447,32070,display,positive,0.77,nice,lexicon
12824,4,2447,32071,display,neutral,0.55,,lexicon
12825,4,2447,32073,camera,negative,0.71,shattered,lexicon
12826,4,2449,32076,battery,neutral,0.55,,lexicon
12827,4,2449,32079,performance,positive,0.883,smooth,lexicon
12828,4,2449,32081,battery,neutral,0.55,,lexicon
12829,4,2449,32084,price,positive,0.883,love,lexicon
12830,4,2449,32085,battery,negative,0.905,hate,lexicon
12831,4,2449,32086,battery,negative,0.705,annoying,lexicon
12832,4,2449,32087,battery,positive,0.698,issue,lexicon
12833,5,3692,32089,price,positive,0.95,happy,lexicon
12834,5,3692,32090,design,positive,0.95,excellent,lexicon
12835,5,3692,32093,battery,neutral,0.55,,lexicon
12836,5,3692,32096,price,neutral,0.55,,lexicon
12837,5,3692,32097,price,neutral,0.55,,lexicon
12838,5,3693,32104,display,positive,0.88,good,lexicon
12839,5,3693,32104,design,positive,0.88,good,lexicon
12840,5,3693,32105,display,neutral,0.55,,lexicon
12841,5,3693,32108,performance,negative,0.905,overheating,lexicon
12842,5,3693,32109,display,neutral,0.55,,lexicon
12843,5,3693,32110,camera,neutral,0.55,,lexicon
12844,5,3693,32112,battery,neutral,0.55,,lexicon
12845,5,3693,32114,price,positive,0.77,solid,lexicon
12846,5,3694,32116,battery,positive,0.725,like,lexicon
12847,5,3694,32121,display,neutral,0.55,,lexicon
12848,5,3695,32122,design,positive,0.914,pleased,lexicon
12849,5,3695,32124,design,neutral,0.55,,lexicon
12850,5,3695,32125,battery,negative,0.95,disappointed,lexicon
12851,5,3696,32126,battery,neutral,0.55,,lexicon
12852,5,3696,32129,battery,negative,0.905,defective,lexicon
12853,5,3696,32131,battery,neutral,0.55,,lexicon
12854,5,3696,32133,battery,neutral,0.55,,lexicon
12855,5,3696,32133,camera,neutral,0.55,,lexicon
12856,5,3696,32133,display,neutral,0.55,,lexicon
12857,5,3696,32143,display,neutral,0.471,good,lexicon
12858,5,3696,32147,camera,positive,0.77,nice,lexicon
12859,5,3697,32151,design,positive,0.93,beautiful,lexicon
12860,5,3697,32152,battery,positive,0.95,great,lexicon
12861,5,3697,32152,camera,positive,0.86,great,lexicon
12862,5,3697,32153,design,positive,0.86,great,lexicon
12863,5,3698,32156,design,positive,0.95,excellent,lexicon
12864,5,3698,32157,battery,neutral,0.55,,lexicon
12865,5,3698,32159,price,positive,0.95,recommend,lexicon
12866,5,3699,32164,battery,neutral,0.55,,lexicon
12867,5,3704,32175,battery,positive,0.86,great,lexicon
12868,5,3705,32177,battery,positive,0.883,smooth,lexicon
12869,5,3705,32177,performance,neutral,0.354,smooth,lexicon
12870,5,3706,32185,camera,neutral,0.55,,lexicon
12871,5,3706,32186,display,positive,0.806,broken,lexicon
12872,5,3706,32187,battery,neutral,0.55,,lexicon
12873,5,3706,32187,display,neutral,0.55,,lexicon
12874,5,3706,32189,battery,positive,0.725,like,lexicon
12875,5,3706,32190,design,neutral,0.55,,lexicon
12876,5,3706,32193,design,positive,0.703,fine,lexicon
12877,5,3706,32197,design,negative,0.842,excellent,lexicon
12878,5,3706,32199,battery,neutral,0.55,,lexicon
12879,5,3706,32200,battery,neutral,0.55,,lexicon
12880,5,3708,32206,battery,neutral,0.55,,lexicon
12881,5,3708,32210,price,positive,0.752,expensive,lexicon
12882,5,3708,32211,display,positive,0.927,flawless,lexicon
12883,5,3709,32213,display,negative,0.883,broken,lexicon
12884,5,3710,32214,battery,neutral,0.55,,lexicon
12885,5,3710,32216,battery,positive,0.792,good,lexicon
12886,5,3711,32217,price,positive,0.85,nice,lexicon
12887,5,3711,32224,display,positive,0.927,perfect,lexicon
12888,5,3711,32226,battery,neutral,0.55,,lexicon
12889,5,3711,32227,battery,negative,0.748,issues,lexicon
12890,5,3711,32233,price,positive,0.866,good,lexicon
12891,5,3712,32235,battery,neutral,0.55,,lexicon
12892,5,3712,32237,battery,neutral,0.55,,lexicon
12893,5,3713,32239,performance,negative,0.734,slow,lexicon
12894,5,3713,32239,battery,positive,0.875,all day,lexicon
12895,5,3713,32239,price,neutral,0.385,good,lexicon
12896,5,3713,32240,display,neutral,0.55,,lexicon
12897,5,3713,32241,display,positive,0.77,nice,lexicon
12898,5,3713,32242,display,neutral,0.55,,lexicon
12899,5,3713,32244,camera,negative,0.71,shattered,lexicon
12900,5,3715,32247,battery,neutral,0.55,,lexicon
12901,5,3715,32250,performance,positive,0.883,smooth,lexicon
12902,5,3715,32252,battery,neutral,0.55,,lexicon
12903,5,3715,32255,price,positive,0.883,love,lexicon
12904,5,3715,32256,battery,negative,0.905,hate,lexicon
12905,5,3715,32257,battery,negative,0.705,annoying,lexicon
12906,5,3715,32258,battery,positive,0.698,issue,lexicon
12907,6,3767,32260,price,positive,0.95,happy,lexicon
12908,6,3767,32261,design,positive,0.95,excellent,lexicon
12909,6,3767,32264,battery,neutral,0.55,,lexicon
12910,6,3767,32267,price,neutral,0.55,,lexicon
12911,6,3767,32268,price,neutral,0.55,,lexicon
12912,6,3768,32275,display,positive,0.88,good,lexicon
12913,6,3768,32275,design,positive,0.88,good,lexicon
12914,6,3768,32276,display,neutral,0.55,,lexicon
12915,6,3768,32279,performance,negative,0.905,overheating,lexicon
12916,6,3768,32280,display,neutral,0.55,,lexicon
12917,6,3768,32281,camera,neutral,0.55,,lexicon
12918,6,3768,32283,battery,neutral,0.55,,lexicon
12919,6,3768,32285,price,positive,0.77,solid,lexicon
12920,6,3769,32287,battery,positive,0.725,like,lexicon
12921,6,3769,32292,display,neutral,0.55,,lexicon
12922,6,3770,32293,design,positive,0.914,pleased,lexicon
12923,6,3770,32295,design,neutral,0.55,,lexicon
12924,6,3770,32296,battery,negative,0.95,disappointed,lexicon
12925,6,3771,32297,battery,neutral,0.55,,lexicon
12926,6,3771,32300,battery,negative,0.905,defective,lexicon
12927,6,3771,32302,battery,neutral,0.55,,lexicon
12928,6,3771,32304,battery,neutral,0.55,,lexicon
12929,6,3771,32304,camera,neutral,0.55,,lexicon
12930,6,3771,32304,display,neutral,0.55,,lexicon
12931,6,3771,32314,display,neutral,0.471,good,lexicon
12932,6,3771,32318,camera,positive,0.77,nice,lexicon
12933,6,3772,32322,design,positive,0.93,beautiful,lexicon
12934,6,3772,32323,battery,positive,0.95,great,lexicon
12935,6,3772,32323,camera,positive,0.86,great,lexicon
12936,6,3772,32324,design,positive,0.86,great,lexicon
12937,6,3773,32327,design,positive,0.95,excellent,lexicon
12938,6,3773,32328,battery,neutral,0.55,,lexicon
12939,6,3773,32330,price,positive,0.95,recommend,lexicon
12940,6,3774,32335,battery,neutral,0.55,,lexicon
12941,6,3779,32346,battery,positive,0.86,great,lexicon
12942,6,3780,32348,battery,positive,0.883,smooth,lexicon
12943,6,3780,32348,performance,neutral,0.354,smooth,lexicon
12944,6,3781,32356,camera,neutral,0.55,,lexicon
12945,6,3781,32357,display,positive,0.806,broken,lexicon
12946,6,3781,32358,battery,neutral,0.55,,lexicon
12947,6,3781,32358,display,neutral,0.55,,lexicon
12948,6,3781,32360,battery,positive,0.725,like,lexicon
12949,6,3781,32361,design,neutral,0.55,,lexicon
12950,6,3781,32364,design,positive,0.703,fine,lexicon
12951,6,3781,32368,design,negative,0.842,excellent,lexicon
12952,6,3781,32370,battery,neutral,0.55,,lexicon
12953,6,3781,32371,battery,neutral,0.55,,lexicon
12954,6,3783,32377,battery,neutral,0.55,,lexicon
12955,6,3783,32381,price,positive,0.752,expensive,lexicon
12956,6,3783,32382,display,positive,0.927,flawless,lexicon
12957,6,3784,32384,display,negative,0.883,broken,lexicon
12958,6,3785,32385,battery,neutral,0.55,,lexicon
12959,6,3785,32387,battery,positive,0.792,good,lexicon
12960,6,3786,32388,price,positive,0.85,nice,lexicon
12961,6,3786,32395,display,positive,0.927,perfect,lexicon
12962,6,3786,32397,battery,neutral,0.55,,lexicon
12963,6,3786,32398,battery,negative,0.748,issues,lexicon
12964,6,3786,32404,price,positive,0.866,good,lexicon
12965,6,3787,32406,battery,neutral,0.55,,lexicon
12966,6,3787,32408,battery,neutral,0.55,,lexicon
12967,6,3788,32410,performance,negative,0.734,slow,lexicon
12968,6,3788,32410,battery,positive,0.875,all day,lexicon
12969,6,3788,32410,price,neutral,0.385,good,lexicon
12970,6,3788,32411,display,neutral,0.55,,lexicon
12971,6,3788,32412,display,positive,0.77,nice,lexicon
12972,6,3788,32413,display,neutral,0.55,,lexicon
12973,6,3788,32415,camera,negative,0.71,shattered,lexicon
12974,6,3790,32418,battery,neutral,0.55,,lexicon
12975,6,3790,32421,performance,positive,0.883,smooth,lexicon
12976,6,3790,32423,battery,neutral,0.55,,lexicon
12977,6,3790,32426,price,positive,0.883,love,lexicon
12978,6,3790,32427,battery,negative,0.905,hate,lexicon
12979,6,3790,32428,battery,negative,0.705,annoying,lexicon
12980,6,3790,32429,battery,positive,0.698,issue,lexicon
12981,7,2021,32431,design,positive,0.945,fantastic,lexicon
12982,7,2021,32431,price,positive,0.945,fantastic,lexicon
12983,7,2021,32432,design,positive,0.945,fantastic,lexicon
12984,7,2021,32432,price,positive,0.945,fantastic,lexicon
12985,7,2021,32435,display,positive,0.95,perfect,lexicon
12986,7,2021,32435,design,positive,0.95,perfect,lexicon
12987,7,2021,32437,design,positive,0.86,crisp,lexicon
12988,7,2021,32438,battery,positive,0.95,smooth,lexicon
12989,7,2021,32438,camera,positive,0.95,smooth,lexicon
12990,7,2021,32438,display,positive,0.95,smooth,lexicon
12991,7,2021,32438,performance,positive,0.95,smooth,lexicon
12992,7,2021,32439,price,neutral,0.55,,lexicon
12993,7,2021,32441,price,positive,0.95,happy,lexicon
12994,7,2022,32445,display,neutral,0.55,,lexicon
12995,7,2022,32446,battery,positive,0.716,problems,lexicon
12996,7,2023,32452,battery,positive,0.927,perfect,lexicon
12997,7,2023,32452,camera,positive,0.95,recommend,lexicon
12998,7,2023,32452,display,positive,0.95,recommend,lexicon
12999,7,2024,32464,display,neutral,0.55,,lexicon
13000,7,2024,32465,camera,neutral,0.55,,lexicon
13001,7,2024,32466,camera,neutral,0.55,,lexicon
13002,7,2024,32468,camera,neutral,0.55,,lexicon
13003,7,2024,32482,camera,neutral,0.55,,lexicon
13004,7,2024,32488,camera,negative,0.842,perfect,lexicon
13005,7,2024,32489,camera,neutral,0.55,,lexicon
13006,7,2024,32490,camera,neutral,0.55,,lexicon
13007,7,2024,32506,display,neutral,0.55,,lexicon
13008,7,2024,32508,display,neutral,0.55,,lexicon
13009,7,2024,32509,display,positive,0.748,better,lexicon
13010,7,2024,32514,battery,neutral,0.55,,lexicon
13011,7,2024,32530,price,negative,0.905,not worth,lexicon
13012,7,2025,32535,design,neutral,0.55,,lexicon
13013,7,2025,32545,camera,positive,0.748,better,lexicon
13014,7,2025,32547,battery,positive,0.792,good,lexicon
13015,7,2025,32551,price,negative,0.748,issue,lexicon
13016,7,2026,32559,battery,positive,0.95,amazing,lexicon
13017,7,2026,32559,camera,positive,0.95,amazing,lexicon
13018,7,2026,32560,battery,positive,0.703,fine,lexicon
13019,7,2027,32562,battery,positive,0.708,great,lexicon
13020,7,2028,32563,design,positive,0.77,nice,lexicon
13021,7,2028,32564,display,neutral,0.55,,lexicon
13022,7,2030,32566,design,positive,0.86,great,lexicon
13023,7,2030,32567,battery,neutral,0.55,,lexicon
13024,7,2030,32569,battery,positive,0.95,good,lexicon
13025,7,2035,32572,battery,neutral,0.55,,lexicon
13026,7,2035,32579,battery,negative,0.748,issues,lexicon
13027,7,2035,32580,battery,negative,0.748,issues,lexicon
13028,7,2035,32581,battery,neutral,0.55,,lexicon
13029,7,2035,32581,camera,neutral,0.55,,lexicon
13030,8,2476,32584,design,positive,0.945,fantastic,lexicon
13031,8,2476,32584,price,positive,0.945,fantastic,lexicon
13032,8,2476,32585,design,positive,0.945,fantastic,lexicon
13033,8,2476,32585,price,positive,0.945,fantastic,lexicon
13034,8,2476,32588,display,positive,0.95,perfect,lexicon
13035,8,2476,32588,design,positive,0.95,perfect,lexicon
13036,8,2476,32590,design,positive,0.86,crisp,lexicon
13037,8,2476,32591,battery,positive,0.95,smooth,lexicon
13038,8,2476,32591,camera,positive,0.95,smooth,lexicon
13039,8,2476,32591,display,positive,0.95,smooth,lexicon
13040,8,2476,32591,performance,positive,0.95,smooth,lexicon
13041,8,2476,32592,price,neutral,0.55,,lexicon
13042,8,2476,32594,price,positive,0.95,happy,lexicon
13043,8,2477,32598,display,neutral,0.55,,lexicon
13044,8,2477,32599,battery,positive,0.716,problems,lexicon
13045,8,2478,32605,battery,positive,0.927,perfect,lexicon
13046,8,2478,32605,camera,positive,0.95,recommend,lexicon
13047,8,2478,32605,display,positive,0.95,recommend,lexicon
13048,8,2479,32617,display,neutral,0.55,,lexicon
13049,8,2479,32618,camera,neutral,0.55,,lexicon
13050,8,2479,32619,camera,neutral,0.55,,lexicon
13051,8,2479,32621,camera,neutral,0.55,,lexicon
13052,8,2479,32635,camera,neutral,0.55,,lexicon
13053,8,2479,32641,camera,negative,0.842,perfect,lexicon
13054,8,2479,32642,camera,neutral,0.55,,lexicon
13055,8,2479,32643,camera,neutral,0.55,,lexicon
13056,8,2479,32659,display,neutral,0.55,,lexicon
13057,8,2479,32661,display,neutral,0.55,,lexicon
13058,8,2479,32662,display,positive,0.748,better,lexicon
13059,8,2479,32667,battery,neutral,0.55,,lexicon
13060,8,2479,32683,price,negative,0.905,not worth,lexicon
13061,8,2480,32688,design,neutral,0.55,,lexicon
13062,8,2480,32698,camera,positive,0.748,better,lexicon
13063,8,2480,32700,battery,positive,0.792,good,lexicon
13064,8,2480,32704,price,negative,0.748,issue,lexicon
13065,8,2481,32712,battery,positive,0.95,amazing,lexicon
13066,8,2481,32712,camera,positive,0.95,amazing,lexicon
13067,8,2481,32713,battery,positive,0.703,fine,lexicon
13068,8,2482,32715,battery,positive,0.708,great,lexicon
13069,8,2483,32716,design,positive,0.77,nice,lexicon
13070,8,2483,32717,display,neutral,0.55,,lexicon
13071,8,2485,32719,design,positive,0.86,great,lexicon
13072,8,2485,32720,battery,neutral,0.55,,lexicon
13073,8,2485,32722,battery,positive,0.95,good,lexicon
13074,8,2490,32725,battery,neutral,0.55,,lexicon
13075,8,2490,32732,battery,negative,0.748,issues,lexicon
13076,8,2490,32733,battery,negative,0.748,issues,lexicon
13077,8,2490,32734,battery,neutral,0.55,,lexicon
13078,8,2490,32734,camera,neutral,0.55,,lexicon
13079,8,2491,32737,battery,neutral,0.55,,lexicon
13080,8,2491,32738,display,positive,0.927,perfect,lexicon
13081,8,2491,32739,battery,neutral,0.55,,lexicon
13082,8,2491,32748,battery,negative,0.838,bad,lexicon
13083,8,2491,32749,battery,negative,0.838,drain,lexicon
13084,8,2491,32750,battery,negative,0.945,faulty,lexicon
13085,8,2491,32751,battery,positive,0.725,like,lexicon
13086,8,2491,32752,battery,neutral,0.55,,lexicon
13087,8,2491,32755,battery,negative,0.748,issues,lexicon
13088,8,2491,32755,camera,negative,0.748,issues,lexicon
13089,8,2492,32760,battery,positive,0.914,all day,lexicon
13090,8,2492,32762,price,positive,0.927,worth every penny,lexicon
13091,8,2492,32764,battery,neutral,0.55,,lexicon
13092,8,2492,32767,display,neutral,0.55,great,lexicon
13093,8,2492,32767,design,neutral,0.55,great,lexicon
13094,8,2492,32767,performance,positive,0.95,fast,lexicon
13095,8,2492,32770,camera,positive,0.95,amazing,lexicon
13096,8,2492,32771,camera,neutral,0.55,,lexicon
13097,8,2492,32775,battery,positive,0.905,best,lexicon
13098,8,2492,32779,battery,neutral,0.55,,lexicon
13099,8,2492,32779,performance,neutral,0.471,slow,lexicon
13100,8,2492,32782,camera,positive,0.86,beautiful,lexicon
13101,8,2492,32782,display,positive,0.86,beautiful,lexicon
13102,8,2492,32784,performance,positive,0.95,fast,lexicon
13103,8,2492,32796,battery,positive,0.815,satisfied,lexicon
13104,8,2493,32798,price,neutral,0.55,,lexicon
13105,8,2493,32802,performance,positive,0.86,fast,lexicon
13106,8,2493,32805,price,neutral,0.55,,lexicon
13107,8,2493,32807,price,positive,0.815,worth,lexicon
13108,8,2494,32810,battery,neutral,0.55,,lexicon
13109,8,2496,32814,price,positive,0.86,great,lexicon
13110,8,2496,32816,display,negative,0.716,cracked,lexicon
13111,8,2496,32818,performance,positive,0.86,great,lexicon
13112,8,2496,32819,performance,neutral,0.55,,lexicon
13113,8,2496,32820,battery,positive,0.883,smooth,lexicon
13114,8,2496,32820,performance,positive,0.883,smooth,lexicon
13115,8,2496,32821,display,positive,0.95,perfect,lexicon
13116,8,2496,32823,price,positive,0.95,fantastic,lexicon
13117,8,2496,32824,price,negative,0.752,premium,lexicon
13118,8,2496,32825,price,neutral,0.55,,lexicon
13119,8,2496,32827,performance,neutral,0.55,,lexicon
13120,8,2496,32828,display,neutral,0.55,,lexicon
13121,8,2496,32831,performance,positive,0.927,excellent,lexicon
13122,8,2496,32831,price,positive,0.927,excellent,lexicon
13123,8,2496,32833,price,positive,0.838,recommend,lexicon
13124,8,2497,32835,display,negative,0.611,blurry,lexicon
13125,8,2497,32835,battery,neutral,0.55,,lexicon
13126,8,2497,32835,design,negative,0.611,blurry,lexicon
13127,8,2497,32836,display,neutral,0.55,,lexicon
13128,8,2499,32839,display,neutral,0.55,,lexicon
13129,8,2499,32841,design,neutral,0.55,,lexicon
13130,8,2499,32842,battery,positive,0.792,good,lexicon
13131,8,2499,32842,performance,positive,0.792,good,lexicon
13132,8,2499,32846,price,positive,0.86,great,lexicon
13133,9,3174,32851,design,positive,0.945,fantastic,lexicon
13134,9,3174,32851,price,positive,0.945,fantastic,lexicon
13135,9,3174,32852,design,positive,0.945,fantastic,lexicon
13136,9,3174,32852,price,positive,0.945,fantastic,lexicon
13137,9,3174,32855,display,positive,0.95,perfect,lexicon
13138,9,3174,32855,design,positive,0.95,perfect,lexicon
13139,9,3174,32857,design,positive,0.86,crisp,lexicon
13140,9,3174,32858,battery,positive,0.95,smooth,lexicon
13141,9,3174,32858,camera,positive,0.95,smooth,lexicon
13142,9,3174,32858,display,positive,0.95,smooth,lexicon
13143,9,3174,32858,performance,positive,0.95,smooth,lexicon
13144,9,3174,32859,price,neutral,0.55,,lexicon
13145,9,3174,32861,price,positive,0.95,happy,lexicon
13146,9,3175,32865,display,neutral,0.55,,lexicon
13147,9,3175,32866,battery,positive,0.716,problems,lexicon
13148,9,3176,32872,battery,positive,0.927,perfect,lexicon
13149,9,3176,32872,camera,positive,0.95,recommend,lexicon
13150,9,3176,32872,display,positive,0.95,recommend,lexicon
13151,9,3177,32884,display,neutral,0.55,,lexicon
13152,9,3177,32885,camera,neutral,0.55,,lexicon
13153,9,3177,32886,camera,neutral,0.55,,lexicon
13154,9,3177,32888,camera,neutral,0.55,,lexicon
13155,9,3177,32902,camera,neutral,0.55,,lexicon
13156,9,3177,32908,camera,negative,0.842,perfect,lexicon
13157,9,3177,32909,camera,neutral,0.55,,lexicon
13158,9,3177,32910,camera,neutral,0.55,,lexicon
13159,9,3177,32926,display,neutral,0.55,,lexicon
13160,9,3177,32928,display,neutral,0.55,,lexicon
13161,9,3177,32929,display,positive,0.748,better,lexicon
13162,9,3177,32934,battery,neutral,0.55,,lexicon
13163,9,3177,32950,price,negative,0.905,not worth,lexicon
13164,9,3178,32955,design,neutral,0.55,,lexicon
13165,9,3178,32965,camera,positive,0.748,better,lexicon
13166,9,3178,32967,battery,positive,0.792,good,lexicon
13167,9,3178,32971,price,negative,0.748,issue,lexicon
13168,9,3179,32979,battery,positive,0.95,amazing,lexicon
13169,9,3179,32979,camera,positive,0.95,amazing,lexicon
13170,9,3179,32980,battery,positive,0.703,fine,lexicon
13171,9,3180,32982,battery,positive,0.708,great,lexicon
13172,9,3181,32983,design,positive,0.77,nice,lexicon
13173,9,3181,32984,display,neutral,0.55,,lexicon
13174,9,3183,32986,design,positive,0.86,great,lexicon
13175,9,3183,32987,battery,neutral,0.55,,lexicon
13176,9,3183,32989,battery,positive,0.95,good,lexicon
13177,9,3188,32992,battery,neutral,0.55,,lexicon
13178,9,3188,32999,battery,negative,0.748,issues,lexicon
13179,9,3188,33000,battery,negative,0.748,issues,lexicon
13180,9,3188,33001,battery,neutral,0.55,,lexicon
13181,9,3188,33001,camera,neutral,0.55,,lexicon
13182,9,3189,33004,battery,neutral,0.55,,lexicon
13183,9,3189,33005,display,positive,0.927,perfect,lexicon
13184,9,3189,33006,battery,neutral,0.55,,lexicon
13185,9,3189,33015,battery,negative,0.838,bad,lexicon
13186,9,3189,33016,battery,negative,0.838,drain,lexicon
13187,9,3189,33017,battery,negative,0.945,faulty,lexicon
13188,9,3189,33018,battery,positive,0.725,like,lexicon
13189,9,3189,33019,battery,neutral,0.55,,lexicon
13190,9,3189,33022,battery,negative,0.748,issues,lexicon
13191,9,3189,33022,camera,negative,0.748,issues,lexicon
13192,9,3190,33027,battery,positive,0.914,all day,lexicon
13193,9,3190,33029,price,positive,0.927,worth every penny,lexicon
13194,9,3190,33031,battery,neutral,0.55,,lexicon
13195,9,3190,33034,display,neutral,0.55,great,lexicon
13196,9,3190,33034,design,neutral,0.55,great,lexicon
13197,9,3190,33034,performance,positive,0.95,fast,lexicon
13198,9,3190,33037,camera,positive,0.95,amazing,lexicon
13199,9,3190,33038,camera,neutral,0.55,,lexicon
13200,9,3190,33042,battery,positive,0.905,best,lexicon
13201,9,3190,33046,battery,neutral,0.55,,lexicon
13202,9,3190,33046,performance,neutral,0.471,slow,lexicon
13203,9,3190,33049,camera,positive,0.86,beautiful,lexicon
13204,9,3190,33049,display,positive,0.86,beautiful,lexicon
13205,9,3190,33051,performance,positive,0.95,fast,lexicon
13206,9,3190,33063,battery,positive,0.815,satisfied,lexicon
13207,9,3191,33065,price,neutral,0.55,,lexicon
13208,9,3191,33069,performance,positive,0.86,fast,lexicon
13209,9,3191,33072,price,neutral,0.55,,lexicon
13210,9,3191,33074,price,positive,0.815,worth,lexicon
13211,9,3192,33077,battery,neutral,0.55,,lexicon
13212,9,3194,33081,price,positive,0.86,great,lexicon
13213,9,3194,33083,display,negative,0.716,cracked,lexicon
13214,9,3194,33085,performance,positive,0.86,great,lexicon
13215,9,3194,33086,performance,neutral,0.55,,lexicon
13216,9,3194,33087,battery,positive,0.883,smooth,lexicon
13217,9,3194,33087,performance,positive,0.883,smooth,lexicon
13218,9,3194,33088,display,positive,0.95,perfect,lexicon
13219,9,3194,33090,price,positive,0.95,fantastic,lexicon
13220,9,3194,33091,price,negative,0.752,premium,lexicon
13221,9,3194,33092,price,neutral,0.55,,lexicon
13222,9,3194,33094,performance,neutral,0.55,,lexicon
13223,9,3194,33095,display,neutral,0.55,,lexicon
13224,9,3194,33098,performance,positive,0.927,excellent,lexicon
13225,9,3194,33098,price,positive,0.927,excellent,lexicon
13226,9,3194,33100,price,positive,0.838,recommend,lexicon
13227,9,3195,33102,display,negative,0.611,blurry,lexicon
13228,9,3195,33102,battery,neutral,0.55,,lexicon
13229,9,3195,33102,design,negative,0.611,blurry,lexicon
13230,9,3195,33103,display,neutral,0.55,,lexicon
13231,9,3197,33106,display,neutral,0.55,,lexicon
13232,9,3197,33108,design,neutral,0.55,,lexicon
13233,9,3197,33109,battery,positive,0.792,good,lexicon
13234,9,3197,33109,performance,positive,0.792,good,lexicon
13235,9,3197,33113,price,positive,0.86,great,lexicon
13236,10,3642,33118,design,positive,0.945,fantastic,lexicon
13237,10,3642,33118,price,positive,0.945,fantastic,lexicon
13238,10,3642,33119,design,positive,0.945,fantastic,lexicon
13239,10,3642,33119,price,positive,0.945,fantastic,lexicon
13240,10,3642,33122,display,positive,0.95,perfect,lexicon
13241,10,3642,33122,design,positive,0.95,perfect,lexicon
13242,10,3642,33124,design,positive,0.86,crisp,lexicon
13243,10,3642,33125,battery,positive,0.95,smooth,lexicon
13244,10,3642,33125,camera,positive,0.95,smooth,lexicon
13245,10,3642,33125,display,positive,0.95,smooth,lexicon
13246,10,3642,33125,performance,positive,0.95,smooth,lexicon
13247,10,3642,33126,price,neutral,0.55,,lexicon
13248,10,3642,33128,price,positive,0.95,happy,lexicon
13249,10,3643,33132,display,neutral,0.55,,lexicon
13250,10,3643,33133,battery,positive,0.716,problems,lexicon
13251,10,3644,33139,battery,positive,0.927,perfect,lexicon
13252,10,3644,33139,camera,positive,0.95,recommend,lexicon
13253,10,3644,33139,display,positive,0.95,recommend,lexicon
13254,10,3645,33151,display,neutral,0.55,,lexicon
13255,10,3645,33152,camera,neutral,0.55,,lexicon
13256,10,3645,33153,camera,neutral,0.55,,lexicon
13257,10,3645,33155,camera,neutral,0.55,,lexicon
13258,10,3645,33169,camera,neutral,0.55,,lexicon
13259,10,3645,33175,camera,negative,0.842,perfect,lexicon
13260,10,3645,33176,camera,neutral,0.55,,lexicon
13261,10,3645,33177,camera,neutral,0.55,,lexicon
13262,10,3645,33193,display,neutral,0.55,,lexicon
13263,10,3645,33195,display,neutral,0.55,,lexicon
13264,10,3645,33196,display,positive,0.748,better,lexicon
13265,10,3645,33201,battery,neutral,0.55,,lexicon
13266,10,3645,33217,price,negative,0.905,not worth,lexicon
13267,10,3646,33222,design,neutral,0.55,,lexicon
13268,10,3646,33232,camera,positive,0.748,better,lexicon
13269,10,3646,33234,battery,positive,0.792,good,lexicon
13270,10,3646,33238,price,negative,0.748,issue,lexicon
13271,10,3647,33246,battery,positive,0.95,amazing,lexicon
13272,10,3647,33246,camera,positive,0.95,amazing,lexicon
13273,10,3647,33247,battery,positive,0.703,fine,lexicon
13274,10,3648,33252,price,neutral,0.55,,lexicon
13275,10,3649,33261,price,positive,0.792,good,lexicon
13276,10,3649,33263,display,positive,0.725,like,lexicon
13277,10,3649,33265,performance,negative,0.883,laggy,lexicon
13278,10,3649,33266,performance,negative,0.905,overheating,lexicon
13279,10,3649,33269,performance,neutral,0.55,,lexicon
13280,10,3652,33276,performance,positive,0.95,fast,lexicon
13281,10,3656,33278,battery,neutral,0.55,,lexicon
13282,10,3656,33285,battery,negative,0.748,issues,lexicon
13283,10,3656,33286,battery,negative,0.748,issues,lexicon
13284,10,3656,33287,battery,neutral,0.55,,lexicon
13285,10,3656,33287,camera,neutral,0.55,,lexicon
13286,10,3657,33291,battery,positive,0.708,great,lexicon
13287,10,3658,33292,battery,neutral,0.55,,lexicon
13288,10,3658,33293,display,positive,0.927,perfect,lexicon
13289,10,3658,33294,battery,neutral,0.55,,lexicon
13290,10,3658,33303,battery,negative,0.838,bad,lexicon
13291,10,3658,33304,battery,negative,0.838,drain,lexicon
13292,10,3658,33305,battery,negative,0.945,faulty,lexicon
13293,10,3658,33306,battery,positive,0.725,like,lexicon
13294,10,3658,33307,battery,neutral,0.55,,lexicon
13295,10,3658,33310,battery,negative,0.748,issues,lexicon
13296,10,3658,33310,camera,negative,0.748,issues,lexicon
13297,10,3659,33315,battery,positive,0.914,all day,lexicon
13298,10,3659,33317,price,positive,0.927,worth every penny,lexicon
13299,10,3659,33319,battery,neutral,0.55,,lexicon
13300,10,3659,33322,display,neutral,0.55,great,lexicon
13301,10,3659,33322,design,neutral,0.55,great,lexicon
13302,10,3659,33322,performance,positive,0.95,fast,lexicon
13303,10,3659,33325,camera,positive,0.95,amazing,lexicon
13304,10,3659,33326,camera,neutral,0.55,,lexicon
13305,10,3659,33330,battery,positive,0.905,best,lexicon
13306,10,3659,33334,battery,neutral,0.55,,lexicon
13307,10,3659,33334,performance,neutral,0.471,slow,lexicon
13308,10,3659,33337,camera,positive,0.86,beautiful,lexicon
13309,10,3659,33337,display,positive,0.86,beautiful,lexicon
13310,10,3659,33339,performance,positive,0.95,fast,lexicon
13311,10,3659,33351,battery,positive,0.815,satisfied,lexicon
13312,10,3660,33353,price,neutral,0.55,,lexicon
13313,10,3660,33357,performance,positive,0.86,fast,lexicon
13314,10,3660,33360,price,neutral,0.55,,lexicon
13315,10,3660,33362,price,positive,0.815,worth,lexicon
13316,10,3661,33365,battery,neutral,0.55,,lexicon
13317,10,3663,33369,price,positive,0.86,great,lexicon
13318,10,3663,33371,display,negative,0.716,cracked,lexicon
13319,10,3663,33373,performance,positive,0.86,great,lexicon
13320,10,3663,33374,performance,neutral,0.55,,lexicon
13321,10,3663,33375,battery,positive,0.883,smooth,lexicon
13322,10,3663,33375,performance,positive,0.883,smooth,lexicon
13323,10,3663,33376,display,positive,0.95,perfect,lexicon
13324,10,3663,33378,price,positive,0.95,fantastic,lexicon
13325,10,3663,33379,price,negative,0.752,premium,lexicon
13326,10,3663,33380,price,neutral,0.55,,lexicon
13327,10,3663,33382,performance,neutral,0.55,,lexicon
13328,10,3663,33383,display,neutral,0.55,,lexicon
13329,10,3663,33386,performance,positive,0.927,excellent,lexicon
13330,10,3663,33386,price,positive,0.927,excellent,lexicon
13331,10,3663,33388,price,positive,0.838,recommend,lexicon
13332,10,3664,33390,display,negative,0.611,blurry,lexicon
13333,10,3664,33390,battery,neutral,0.55,,lexicon
13334,10,3664,33390,design,negative,0.611,blurry,lexicon
13335,10,3664,33391,display,neutral,0.55,,lexicon
13336,10,3666,33394,display,neutral,0.55,,lexicon
13337,10,3666,33396,design,neutral,0.55,,lexicon
13338,10,3666,33397,battery,positive,0.792,good,lexicon
13339,10,3666,33397,performance,positive,0.792,good,lexicon
13340,10,3666,33401,price,positive,0.86,great,lexicon
13341,11,3742,33402,design,positive,0.945,fantastic,lexicon
13342,11,3742,33402,price,positive,0.945,fantastic,lexicon
13343,11,3742,33403,design,positive,0.945,fantastic,lexicon
13344,11,3742,33403,price,positive,0.945,fantastic,lexicon
13345,11,3742,33406,display,positive,0.95,perfect,lexicon
13346,11,3742,33406,design,positive,0.95,perfect,lexicon
13347,11,3742,33408,design,positive,0.86,crisp,lexicon
13348,11,3742,33409,battery,positive,0.95,smooth,lexicon
13349,11,3742,33409,camera,positive,0.95,smooth,lexicon
13350,11,3742,33409,display,positive,0.95,smooth,lexicon
13351,11,3742,33409,performance,positive,0.95,smooth,lexicon
13352,11,3742,33410,price,neutral,0.55,,lexicon
13353,11,3742,33412,price,positive,0.95,happy,lexicon
13354,11,3743,33416,display,neutral,0.55,,lexicon
13355,11,3743,33417,battery,positive,0.716,problems,lexicon
13356,11,3744,33423,battery,positive,0.927,perfect,lexicon
13357,11,3744,33423,camera,positive,0.95,recommend,lexicon
13358,11,3744,33423,display,positive,0.95,recommend,lexicon
13359,11,3745,33435,display,neutral,0.55,,lexicon
13360,11,3745,33436,camera,neutral,0.55,,lexicon
13361,11,3745,33437,camera,neutral,0.55,,lexicon
13362,11,3745,33439,camera,neutral,0.55,,lexicon
13363,11,3745,33453,camera,neutral,0.55,,lexicon
13364,11,3745,33459,camera,negative,0.842,perfect,lexicon
13365,11,3745,33460,camera,neutral,0.55,,lexicon
13366,11,3745,33461,camera,neutral,0.55,,lexicon
13367,11,3745,33477,display,neutral,0.55,,lexicon
13368,11,3745,33479,display,neutral,0.55,,lexicon
13369,11,3745,33480,display,positive,0.748,better,lexicon
13370,11,3745,33485,battery,neutral,0.55,,lexicon
13371,11,3745,33501,price,negative,0.905,not worth,lexicon
13372,11,3746,33506,design,neutral,0.55,,lexicon
13373,11,3746,33516,camera,positive,0.748,better,lexicon
13374,11,3746,33518,battery,positive,0.792,good,lexicon
13375,11,3746,33522,price,negative,0.748,issue,lexicon
13376,11,3747,33530,battery,positive,0.95,amazing,lexicon
13377,11,3747,33530,camera,positive,0.95,amazing,lexicon
13378,11,3747,33531,battery,positive,0.703,fine,lexicon
13379,11,3748,33536,price,neutral,0.55,,lexicon
13380,11,3749,33545,price,positive,0.792,good,lexicon
13381,11,3749,33547,display,positive,0.725,like,lexicon
13382,11,3749,33549,performance,negative,0.883,laggy,lexicon
13383,11,3749,33550,performance,negative,0.905,overheating,lexicon
13384,11,3749,33553,performance,neutral,0.55,,lexicon
13385,11,3752,33560,performance,positive,0.95,fast,lexicon
13386,11,3756,33562,battery,neutral,0.55,,lexicon
13387,11,3756,33569,battery,negative,0.748,issues,lexicon
13388,11,3756,33570,battery,negative,0.748,issues,lexicon
13389,11,3756,33571,battery,neutral,0.55,,lexicon
13390,11,3756,33571,camera,neutral,0.55,,lexicon
13391,11,3757,33575,battery,positive,0.708,great,lexicon
13392,11,3758,33576,battery,neutral,0.55,,lexicon
13393,11,3758,33577,display,positive,0.927,perfect,lexicon
13394,11,3758,33578,battery,neutral,0.55,,lexicon
13395,11,3758,33587,battery,negative,0.838,bad,lexicon
13396,11,3758,33588,battery,negative,0.838,drain,lexicon
13397,11,3758,33589,battery,negative,0.945,faulty,lexicon
13398,11,3758,33590,battery,positive,0.725,like,lexicon
13399,11,3758,33591,battery,neutral,0.55,,lexicon
13400,11,3758,33594,battery,negative,0.748,issues,lexicon
13401,11,3758,33594,camera,negative,0.748,issues,lexicon
13402,11,3759,33599,battery,positive,0.914,all day,lexicon
13403,11,3759,33601,price,positive,0.927,worth every penny,lexicon
13404,11,3759,33603,battery,neutral,0.55,,lexicon
13405,11,3759,33606,display,neutral,0.55,great,lexicon
13406,11,3759,33606,design,neutral,0.55,great,lexicon
13407,11,3759,33606,performance,positive,0.95,fast,lexicon
13408,11,3759,33609,camera,positive,0.95,amazing,lexicon
13409,11,3759,33610,camera,neutral,0.55,,lexicon
13410,11,3759,33614,battery,positive,0.905,best,lexicon
13411,11,3759,33618,battery,neutral,0.55,,lexicon
13412,11,3759,33618,performance,neutral,0.471,slow,lexicon
13413,11,3759,33621,camera,positive,0.86,beautiful,lexicon
13414,11,3759,33621,display,positive,0.86,beautiful,lexicon
13415,11,3759,33623,performance,positive,0.95,fast,lexicon
13416,11,3759,33635,battery,positive,0.815,satisfied,lexicon
13417,11,3760,33637,price,neutral,0.55,,lexicon
13418,11,3760,33641,performance,positive,0.86,fast,lexicon
13419,11,3760,33644,price,neutral,0.55,,lexicon
13420,11,3760,33646,price,positive,0.815,worth,lexicon
13421,11,3761,33649,battery,neutral,0.55,,lexicon
13422,11,3763,33653,price,positive,0.86,great,lexicon
13423,11,3763,33655,display,negative,0.716,cracked,lexicon
13424,11,3763,33657,performance,positive,0.86,great,lexicon
13425,11,3763,33658,performance,neutral,0.55,,lexicon
13426,11,3763,33659,battery,positive,0.883,smooth,lexicon
13427,11,3763,33659,performance,positive,0.883,smooth,lexicon
13428,11,3763,33660,display,positive,0.95,perfect,lexicon
13429,11,3763,33662,price,positive,0.95,fantastic,lexicon
13430,11,3763,33663,price,negative,0.752,premium,lexicon
13431,11,3763,33664,price,neutral,0.55,,lexicon
13432,11,3763,33666,performance,neutral,0.55,,lexicon
13433,11,3763,33667,display,neutral,0.55,,lexicon
13434,11,3763,33670,performance,positive,0.927,excellent,lexicon
13435,11,3763,33670,price,positive,0.927,excellent,lexicon
13436,11,3763,33672,price,positive,0.838,recommend,lexicon
13437,11,3764,33674,display,negative,0.611,blurry,lexicon
13438,11,3764,33674,battery,neutral,0.55,,lexicon
13439,11,3764,33674,design,negative,0.611,blurry,lexicon
13440,11,3764,33675,display,neutral,0.55,,lexicon
13441,11,3766,33678,display,neutral,0.55,,lexicon
13442,11,3766,33680,design,neutral,0.55,,lexicon
13443,11,3766,33681,battery,positive,0.792,good,lexicon
13444,11,3766,33681,performance,positive,0.792,good,lexicon
13445,11,3766,33685,price,positive,0.86,great,lexicon
13446,12,11,33687,price,positive,0.86,great,lexicon
13447,12,11,33688,performance,positive,0.815,worth,lexicon
13448,12,11,33688,price,positive,0.815,worth,lexicon
13449,12,11,33689,performance,positive,0.86,fast,lexicon
13450,12,11,33689,battery,negative,0.86,died,lexicon
13451,12,11,33700,performance,positive,0.86,fast,lexicon
13452,12,11,33710,battery,positive,0.725,like,lexicon
13453,12,11,33714,battery,negative,0.838,drain,lexicon
13454,12,11,33721,price,neutral,0.55,,lexicon
13455,12,11,33723,price,neutral,0.55,,lexicon
13456,12,11,33733,battery,neutral,0.55,,lexicon
13457,12,11,33734,display,neutral,0.55,,lexicon
13458,12,11,33757,price,neutral,0.55,,lexicon
13459,12,11,33784,camera,neutral,0.55,,lexicon
13460,12,11,33792,battery,positive,0.892,best,lexicon
13461,12,12,33797,price,positive,0.927,worth every penny,lexicon
13462,12,12,33799,battery,positive,0.725,like,lexicon
13463,12,12,33799,camera,positive,0.86,great,lexicon
13464,12,12,33799,display,positive,0.86,great,lexicon
13465,12,12,33799,performance,positive,0.86,great,lexicon
13466,12,12,33800,battery,neutral,0.55,,lexicon
13467,12,12,33801,price,positive,0.815,worth,lexicon
13468,12,12,33804,display,neutral,0.55,,lexicon
13469,12,12,33806,battery,positive,0.95,durable,lexicon
13470,12,12,33806,camera,positive,0.86,great,lexicon
13471,12,12,33807,battery,positive,0.703,fine,lexicon
13472,12,12,33807,display,positive,0.786,fine,lexicon
13473,12,13,33812,battery,neutral,0.55,,lexicon
13474,12,13,33813,battery,negative,0.86,drains,lexicon
13475,12,13,33814,design,negative,0.866,problem,lexicon
13476,12,14,33817,battery,positive,0.95,excellent,lexicon
13477,12,14,33817,price,positive,0.86,great,lexicon
13478,12,14,33818,battery,positive,0.95,excellent,lexicon
13479,12,14,33818,price,positive,0.86,great,lexicon
13480,12,14,33822,camera,neutral,0.55,,lexicon
13481,12,14,33822,display,neutral,0.55,,lexicon
13482,12,14,33823,battery,neutral,0.55,,lexicon
13483,12,14,33824,battery,neutral,0.55,,lexicon
13484,12,14,33825,performance,positive,0.86,great,lexicon
13485,12,14,33825,price,positive,0.86,great,lexicon
13486,12,14,33826,battery,neutral,0.55,,lexicon
13487,12,14,33826,camera,neutral,0.55,,lexicon
13488,12,14,33826,display,neutral,0.55,,lexicon
13489,12,15,33829,performance,positive,0.95,flawless,lexicon
13490,12,15,33830,camera,positive,0.95,excellent,lexicon
13491,12,15,33830,performance,positive,0.95,excellent,lexicon
13492,12,15,33832,battery,positive,0.882,solid,lexicon
13493,12,15,33832,design,positive,0.95,premium,lexicon
13494,12,15,33834,price,positive,0.95,amazing,lexicon
13495,12,16,33840,battery,positive,0.815,clear,lexicon
13496,12,16,33840,display,positive,0.815,clear,lexicon
13497,12,16,33841,battery,neutral,0.55,,lexicon
13498,12,16,33842,price,positive,0.878,worth,lexicon
13499,12,17,33843,display,positive,0.815,satisfied,lexicon
13500,12,17,33844,battery,positive,0.86,great,lexicon
13501,12,17,33845,battery,positive,0.792,good,lexicon
13502,12,18,33848,price,neutral,0.55,,lexicon
13503,12,18,33849,camera,neutral,0.55,,lexicon
13504,12,18,33850,camera,negative,0.883,blurry,lexicon
13505,12,18,33850,display,negative,0.883,blurry,lexicon
13506,12,18,33850,design,negative,0.883,blurry,lexicon
13507,12,18,33851,camera,positive,0.703,fine,lexicon
13508,12,22,33854,battery,positive,0.703,fine,lexicon
13509,12,22,33854,price,positive,0.815,worth,lexicon
13510,12,24,33859,display,negative,0.838,bad,lexicon
13511,12,24,33864,display,positive,0.883,love,lexicon
13512,12,25,33865,battery,positive,0.86,great,lexicon
13513,12,25,33866,design,positive,0.865,nice,lexicon
13514,12,25,33867,battery,neutral,0.55,,lexicon
13515,12,25,33869,performance,positive,0.824,overheating,lexicon
13516,12,25,33870,performance,neutral,0.55,,lexicon
13517,13,64,33872,price,positive,0.86,great,lexicon
13518,13,64,33873,performance,positive,0.815,worth,lexicon
13519,13,64,33873,price,positive,0.815,worth,lexicon
13520,13,64,33874,performance,positive,0.86,fast,lexicon
13521,13,64,33874,battery,negative,0.86,died,lexicon
13522,13,64,33885,performance,positive,0.86,fast,lexicon
13523,13,64,33895,battery,positive,0.725,like,lexicon
13524,13,64,33899,battery,negative,0.838,drain,lexicon
13525,13,64,33906,price,neutral,0.55,,lexicon
13526,13,64,33908,price,neutral,0.55,,lexicon
13527,13,64,33918,battery,neutral,0.55,,lexicon
13528,13,64,33919,display,neutral,0.55,,lexicon
13529,13,64,33942,price,neutral,0.55,,lexicon
13530,13,64,33969,camera,neutral,0.55,,lexicon
13531,13,64,33977,battery,positive,0.892,best,lexicon
13532,13,65,33982,price,positive,0.927,worth every penny,lexicon
13533,13,65,33984,battery,positive,0.725,like,lexicon
13534,13,65,33984,camera,positive,0.86,great,lexicon
13535,13,65,33984,display,positive,0.86,great,lexicon
13536,13,65,33984,performance,positive,0.86,great,lexicon
13537,13,65,33985,battery,neutral,0.55,,lexicon
13538,13,65,33986,price,positive,0.815,worth,lexicon
13539,13,65,33989,display,neutral,0.55,,lexicon
13540,13,65,33991,battery,positive,0.95,durable,lexicon
13541,13,65,33991,camera,positive,0.86,great,lexicon
13542,13,65,33992,battery,positive,0.703,fine,lexicon
13543,13,65,33992,display,positive,0.786,fine,lexicon
13544,13,66,33997,battery,neutral,0.55,,lexicon
13545,13,66,33998,battery,negative,0.86,drains,lexicon
13546,13,66,33999,design,negative,0.866,problem,lexicon
13547,13,67,34002,battery,positive,0.95,excellent,lexicon
13548,13,67,34002,price,positive,0.86,great,lexicon
13549,13,67,34003,battery,positive,0.95,excellent,lexicon
13550,13,67,34003,price,positive,0.86,great,lexicon
13551,13,67,34007,camera,neutral,0.55,,lexicon
13552,13,67,34007,display,neutral,0.55,,lexicon
13553,13,67,34008,battery,neutral,0.55,,lexicon
13554,13,67,34009,battery,neutral,0.55,,lexicon
13555,13,67,34010,performance,positive,0.86,great,lexicon
13556,13,67,34010,price,positive,0.86,great,lexicon
13557,13,67,34011,battery,neutral,0.55,,lexicon
13558,13,67,34011,camera,neutral,0.55,,lexicon
13559,13,67,34011,display,neutral,0.55,,lexicon
13560,13,68,34014,performance,positive,0.95,flawless,lexicon
13561,13,68,34015,camera,positive,0.95,excellent,lexicon
13562,13,68,34015,performance,positive,0.95,excellent,lexicon
13563,13,68,34017,battery,positive,0.882,solid,lexicon
13564,13,68,34017,design,positive,0.95,premium,lexicon
13565,13,68,34019,price,positive,0.95,amazing,lexicon
13566,13,69,34025,battery,positive,0.815,clear,lexicon
13567,13,69,34025,display,positive,0.815,clear,lexicon
13568,13,69,34026,battery,neutral,0.55,,lexicon
13569,13,69,34027,price,positive,0.878,worth,lexicon
13570,13,70,34028,display,positive,0.815,satisfied,lexicon
13571,13,70,34029,battery,positive,0.86,great,lexicon
13572,13,70,34030,battery,positive,0.792,good,lexicon
13573,13,71,34033,price,neutral,0.55,,lexicon
13574,13,71,34034,camera,neutral,0.55,,lexicon
13575,13,71,34035,camera,negative,0.883,blurry,lexicon
13576,13,71,34035,display,negative,0.883,blurry,lexicon
13577,13,71,34035,design,negative,0.883,blurry,lexicon
13578,13,71,34036,camera,positive,0.703,fine,lexicon
13579,13,75,34039,battery,positive,0.703,fine,lexicon
13580,13,75,34039,price,positive,0.815,worth,lexicon
13581,13,77,34044,display,negative,0.838,bad,lexicon
13582,13,77,34049,display,positive,0.883,love,lexicon
13583,13,78,34050,battery,positive,0.86,great,lexicon
13584,13,78,34051,design,positive,0.865,nice,lexicon
13585,13,78,34052,battery,neutral,0.55,,lexicon
13586,13,78,34054,performance,positive,0.824,overheating,lexicon
13587,13,78,34055,performance,neutral,0.55,,lexicon
13588,14,3314,34057,price,positive,0.86,great,lexicon
13589,14,3314,34058,performance,positive,0.815,worth,lexicon
13590,14,3314,34058,price,positive,0.815,worth,lexicon
13591,14,3314,34059,performance,positive,0.86,fast,lexicon
13592,14,3314,34059,battery,negative,0.86,died,lexicon
13593,14,3314,34070,performance,positive,0.86,fast,lexicon
13594,14,3314,34080,battery,positive,0.725,like,lexicon
13595,14,3314,34084,battery,negative,0.838,drain,lexicon
13596,14,3314,34091,price,neutral,0.55,,lexicon
13597,14,3314,34093,price,neutral,0.55,,lexicon
13598,14,3314,34103,battery,neutral,0.55,,lexicon
13599,14,3314,34104,display,neutral,0.55,,lexicon
13600,14,3314,34127,price,neutral,0.55,,lexicon
13601,14,3314,34154,camera,neutral,0.55,,lexicon
13602,14,3314,34162,battery,positive,0.892,best,lexicon
13603,14,3315,34167,price,positive,0.927,worth every penny,lexicon
13604,14,3315,34169,battery,positive,0.725,like,lexicon
13605,14,3315,34169,camera,positive,0.86,great,lexicon
13606,14,3315,34169,display,positive,0.86,great,lexicon
13607,14,3315,34169,performance,positive,0.86,great,lexicon
13608,14,3315,34170,battery,neutral,0.55,,lexicon
13609,14,3315,34171,price,positive,0.815,worth,lexicon
13610,14,3315,34174,display,neutral,0.55,,lexicon
13611,14,3315,34176,battery,positive,0.95,durable,lexicon
13612,14,3315,34176,camera,positive,0.86,great,lexicon
13613,14,3315,34177,battery,positive,0.703,fine,lexicon
13614,14,3315,34177,display,positive,0.786,fine,lexicon
13615,14,3316,34182,battery,neutral,0.55,,lexicon
13616,14,3316,34183,battery,negative,0.86,drains,lexicon
13617,14,3316,34184,design,negative,0.866,problem,lexicon
13618,14,3317,34187,battery,positive,0.95,excellent,lexicon
13619,14,3317,34187,price,positive,0.86,great,lexicon
13620,14,3317,34188,battery,positive,0.95,excellent,lexicon
13621,14,3317,34188,price,positive,0.86,great,lexicon
13622,14,3317,34192,camera,neutral,0.55,,lexicon
13623,14,3317,34192,display,neutral,0.55,,lexicon
13624,14,3317,34193,battery,neutral,0.55,,lexicon
13625,14,3317,34194,battery,neutral,0.55,,lexicon
13626,14,3317,34195,performance,positive,0.86,great,lexicon
13627,14,3317,34195,price,positive,0.86,great,lexicon
13628,14,3317,34196,battery,neutral,0.55,,lexicon
13629,14,3317,34196,camera,neutral,0.55,,lexicon
13630,14,3317,34196,display,neutral,0.55,,lexicon
13631,14,3318,34199,performance,positive,0.95,flawless,lexicon
13632,14,3318,34200,camera,positive,0.95,excellent,lexicon
13633,14,3318,34200,performance,positive,0.95,excellent,lexicon
13634,14,3318,34202,battery,positive,0.882,solid,lexicon
13635,14,3318,34202,design,positive,0.95,premium,lexicon
13636,14,3318,34204,price,positive,0.95,amazing,lexicon
13637,14,3319,34210,battery,positive,0.815,clear,lexicon
13638,14,3319,34210,display,positive,0.815,clear,lexicon
13639,14,3319,34211,battery,neutral,0.55,,lexicon
13640,14,3319,34212,price,positive,0.878,worth,lexicon
13641,14,3320,34213,display,positive,0.815,satisfied,lexicon
13642,14,3320,34214,battery,positive,0.86,great,lexicon
13643,14,3320,34215,battery,positive,0.792,good,lexicon
13644,14,3321,34218,price,neutral,0.55,,lexicon
13645,14,3321,34219,camera,neutral,0.55,,lexicon
13646,14,3321,34220,camera,negative,0.883,blurry,lexicon
13647,14,3321,34220,display,negative,0.883,blurry,lexicon
13648,14,3321,34220,design,negative,0.883,blurry,lexicon
13649,14,3321,34221,camera,positive,0.703,fine,lexicon
13650,14,3325,34224,battery,positive,0.703,fine,lexicon
13651,14,3325,34224,price,positive,0.815,worth,lexicon
13652,14,3327,34229,display,negative,0.838,bad,lexicon
13653,14,3327,34234,display,positive,0.883,love,lexicon
13654,14,3328,34235,battery,positive,0.86,great,lexicon
13655,14,3328,34236,design,positive,0.865,nice,lexicon
13656,14,3328,34237,battery,neutral,0.55,,lexicon
13657,14,3328,34239,performance,positive,0.824,overheating,lexicon
13658,14,3328,34240,performance,neutral,0.55,,lexicon
13659,14,3329,34242,design,positive,0.792,good,lexicon
13660,14,3329,34243,battery,neutral,0.55,,lexicon
13661,14,3329,34246,battery,neutral,0.55,,lexicon
13662,14,3330,34248,battery,neutral,0.55,,lexicon
13663,14,3330,34251,display,neutral,0.55,,lexicon
13664,14,3330,34252,display,positive,0.927,flawless,lexicon
13665,14,3330,34253,battery,neutral,0.55,,lexicon
13666,14,3330,34254,battery,positive,0.602,fast,lexicon
13667,14,3330,34254,performance,positive,0.602,fast,lexicon
13668,14,3330,34255,battery,neutral,0.55,,lexicon
13669,14,3330,34257,price,neutral,0.55,,lexicon
13670,14,3330,34258,battery,positive,0.792,good,lexicon
13671,14,3330,34259,battery,neutral,0.55,,lexicon
13672,14,3331,34262,price,positive,0.86,great,lexicon
13673,14,3331,34265,battery,positive,0.792,good,lexicon
13674,14,3331,34265,camera,positive,0.95,fast,lexicon
13675,14,3331,34265,performance,positive,0.95,fast,lexicon
13676,14,3331,34267,price,positive,0.792,good,lexicon
13677,14,3332,34269,design,positive,0.725,like,lexicon
13678,14,3333,34272,battery,positive,0.86,great,lexicon
13679,14,3333,34272,camera,positive,0.86,great,lexicon
13680,14,3337,34286,camera,negative,0.883,broken,lexicon
13681,14,3337,34287,battery,positive,0.86,great,lexicon
13682,14,3337,34288,camera,neutral,0.55,,lexicon
13683,14,3337,34289,camera,negative,0.883,blurry,lexicon
13684,14,3337,34290,camera,neutral,0.55,,lexicon
13685,14,3337,34291,camera,neutral,0.55,,lexicon
13686,15,208,34297,battery,positive,0.945,premium,lexicon
13687,15,208,34298,battery,neutral,0.55,,lexicon
13688,15,208,34300,price,positive,0.773,best,lexicon
13689,15,208,34302,display,neutral,0.511,flawless,lexicon
13690,15,208,34302,performance,neutral,0.511,flawless,lexicon
13691,15,208,34303,camera,positive,0.95,best,lexicon
13692,15,208,34303,display,positive,0.838,sturdy,lexicon
13693,15,208,34304,price,neutral,0.432,broken,lexicon
13694,15,209,34307,price,positive,0.95,great,lexicon
13695,15,209,34309,battery,negative,0.883,disappointing,lexicon
13696,15,209,34311,price,positive,0.909,worth,lexicon
13697,15,209,34314,display,neutral,0.55,,lexicon
13698,15,209,34315,battery,neutral,0.55,,lexicon
13699,15,209,34316,battery,neutral,0.55,,lexicon
13700,15,209,34316,display,neutral,0.55,,lexicon
13701,15,209,34317,performance,positive,0.95,fast,lexicon
13702,15,209,34318,display,neutral,0.55,,lexicon
13703,15,209,34319,display,positive,0.86,great,lexicon
13704,15,209,34319,design,positive,0.86,great,lexicon
13705,15,209,34320,performance,neutral,0.55,,lexicon
13706,15,209,34323,camera,positive,0.838,sharp,lexicon
13707,15,210,34329,battery,neutral,0.55,,lexicon
13708,15,210,34330,battery,neutral,0.55,,lexicon
13709,15,210,34331,battery,neutral,0.55,,lexicon
13710,15,210,34335,camera,neutral,0.55,,lexicon
13711,15,210,34344,price,neutral,0.55,,lexicon
13712,15,210,34351,price,neutral,0.55,,lexicon
13713,15,211,34367,display,neutral,0.55,,lexicon
13714,15,211,34371,performance,positive,0.86,fast,lexicon
13715,15,211,34373,display,neutral,0.55,,lexicon
13716,15,211,34374,display,neutral,0.55,,lexicon
13717,15,211,34382,battery,neutral,0.55,,lexicon
13718,15,212,34389,battery,positive,0.86,great,lexicon
13719,15,212,34389,camera,positive,0.86,great,lexicon
13720,15,212,34389,display,positive,0.86,great,lexicon
13721,15,212,34391,price,positive,0.914,great,lexicon
13722,15,213,34395,display,positive,0.86,great,lexicon
13723,15,213,34396,battery,positive,0.927,excellent,lexicon
13724,15,213,34396,price,positive,0.927,excellent,lexicon
13725,15,214,34399,display,negative,0.788,great,lexicon
13726,15,215,34402,price,positive,0.866,good,lexicon
13727,15,215,34407,price,positive,0.815,satisfied,lexicon
13728,15,216,34411,price,positive,0.914,good,lexicon
13729,15,216,34412,design,neutral,0.55,,lexicon
13730,15,216,34414,display,neutral,0.55,,lexicon
13731,15,216,34420,battery,neutral,0.55,,lexicon
13732,15,216,34424,design,neutral,0.55,,lexicon
13733,15,219,34427,performance,negative,0.86,slow,lexicon
13734,15,219,34428,performance,negative,0.86,slow,lexicon
13735,15,219,34429,battery,neutral,0.55,,lexicon
13736,15,220,34435,battery,neutral,0.55,,lexicon
13737,15,222,34444,battery,neutral,0.55,,lexicon
13738,15,222,34451,battery,neutral,0.55,,lexicon
13739,15,222,34452,battery,neutral,0.401,excellent,lexicon
13740,15,222,34453,battery,neutral,0.55,,lexicon
13741,15,222,34453,price,neutral,0.55,,lexicon
13742,15,222,34454,camera,negative,0.77,problem,lexicon
13743,15,222,34455,camera,neutral,0.55,,lexicon
13744,15,222,34459,camera,neutral,0.55,,lexicon
13745,15,222,34464,camera,neutral,0.55,,lexicon
13746,15,222,34465,camera,neutral,0.55,,lexicon
13747,15,222,34466,camera,neutral,0.55,,lexicon
13748,16,387,34481,battery,positive,0.945,premium,lexicon
13749,16,387,34482,battery,neutral,0.55,,lexicon
13750,16,387,34484,price,positive,0.773,best,lexicon
13751,16,387,34486,display,neutral,0.511,flawless,lexicon
13752,16,387,34486,performance,neutral,0.511,flawless,lexicon
13753,16,387,34487,camera,positive,0.95,best,lexicon
13754,16,387,34487,display,positive,0.838,sturdy,lexicon
13755,16,387,34488,price,neutral,0.432,broken,lexicon
13756,16,388,34491,price,positive,0.95,great,lexicon
13757,16,388,34493,battery,negative,0.883,disappointing,lexicon
13758,16,388,34495,price,positive,0.909,worth,lexicon
13759,16,388,34498,display,neutral,0.55,,lexicon
13760,16,388,34499,battery,neutral,0.55,,lexicon
13761,16,388,34500,battery,neutral,0.55,,lexicon
13762,16,388,34500,display,neutral,0.55,,lexicon
13763,16,388,34501,performance,positive,0.95,fast,lexicon
13764,16,388,34502,display,neutral,0.55,,lexicon
13765,16,388,34503,display,positive,0.86,great,lexicon
13766,16,388,34503,design,positive,0.86,great,lexicon
13767,16,388,34504,performance,neutral,0.55,,lexicon
13768,16,388,34507,camera,positive,0.838,sharp,lexicon
13769,16,389,34513,battery,neutral,0.55,,lexicon
13770,16,389,34514,battery,neutral,0.55,,lexicon
13771,16,389,34515,battery,neutral,0.55,,lexicon
13772,16,389,34519,camera,neutral,0.55,,lexicon
13773,16,389,34528,price,neutral,0.55,,lexicon
13774,16,389,34535,price,neutral,0.55,,lexicon
13775,16,390,34551,display,neutral,0.55,,lexicon
13776,16,390,34555,performance,positive,0.86,fast,lexicon
13777,16,390,34557,display,neutral,0.55,,lexicon
13778,16,390,34558,display,neutral,0.55,,lexicon
13779,16,390,34566,battery,neutral,0.55,,lexicon
13780,16,391,34573,battery,positive,0.86,great,lexicon
13781,16,391,34573,camera,positive,0.86,great,lexicon
13782,16,391,34573,display,positive,0.86,great,lexicon
13783,16,391,34575,price,positive,0.914,great,lexicon
13784,16,392,34579,display,positive,0.86,great,lexicon
13785,16,392,34580,battery,positive,0.927,excellent,lexicon
13786,16,392,34580,price,positive,0.927,excellent,lexicon
13787,16,393,34583,display,negative,0.788,great,lexicon
13788,16,394,34586,price,positive,0.866,good,lexicon
13789,16,394,34591,price,positive,0.815,satisfied,lexicon
13790,16,395,34595,price,positive,0.914,good,lexicon
13791,16,395,34596,design,neutral,0.55,,lexicon
13792,16,395,34598,display,neutral,0.55,,lexicon
13793,16,395,34604,battery,neutral,0.55,,lexicon
13794,16,395,34608,design,neutral,0.55,,lexicon
13795,16,398,34611,performance,negative,0.86,slow,lexicon
13796,16,398,34612,performance,negative,0.86,slow,lexicon
13797,16,398,34613,battery,neutral,0.55,,lexicon
13798,16,399,34619,battery,neutral,0.55,,lexicon
13799,16,401,34628,battery,neutral,0.55,,lexicon
13800,16,401,34635,battery,neutral,0.55,,lexicon
13801,16,401,34636,battery,neutral,0.401,excellent,lexicon
13802,16,401,34637,battery,neutral,0.55,,lexicon
13803,16,401,34637,price,neutral,0.55,,lexicon
13804,16,401,34638,camera,negative,0.77,problem,lexicon
13805,16,401,34639,camera,neutral,0.55,,lexicon
13806,16,401,34643,camera,neutral,0.55,,lexicon
13807,16,401,34648,camera,neutral,0.55,,lexicon
13808,16,401,34649,camera,neutral,0.55,,lexicon
13809,16,401,34650,camera,neutral,0.55,,lexicon
13810,16,402,34664,battery,positive,0.95,excellent,lexicon
13811,16,402,34665,battery,neutral,0.55,,lexicon
13812,16,402,34665,camera,neutral,0.55,,lexicon
13813,16,402,34666,display,positive,0.815,premium,lexicon
13814,16,402,34668,battery,positive,0.77,bad,lexicon
13815,16,402,34668,price,positive,0.77,bad,lexicon
13816,16,403,34674,design,neutral,0.55,,lexicon
13817,16,403,34675,battery,neutral,0.55,,lexicon
13818,16,403,34683,price,positive,0.86,great,lexicon
13819,16,404,34689,battery,neutral,0.55,,lexicon
13820,16,405,34691,price,positive,0.895,good,lexicon
13821,16,405,34692,battery,positive,0.703,fine,lexicon
13822,16,406,34697,design,positive,0.725,like,lexicon
13823,16,406,34698,battery,neutral,0.55,,lexicon
13824,16,407,34703,battery,neutral,0.55,,lexicon
13825,16,407,34704,battery,positive,0.95,premium,lexicon
13826,16,408,34707,price,positive,0.883,value for money,lexicon
13827,16,408,34709,display,neutral,0.55,,lexicon
13828,16,408,34710,battery,neutral,0.55,,lexicon
13829,16,409,34716,battery,positive,0.86,great,lexicon
13830,16,409,34716,price,positive,0.86,great,lexicon
13831,16,409,34719,camera,neutral,0.55,,lexicon
13832,16,410,34722,display,positive,0.927,perfect,lexicon
13833,16,410,34723,display,positive,0.927,perfect,lexicon
13834,16,411,34725,battery,positive,0.815,premium,lexicon
13835,16,411,34728,battery,neutral,0.55,,lexicon
13836,16,411,34729,battery,neutral,0.55,,lexicon
13837,16,411,34732,battery,positive,0.703,fine,lexicon
13838,17,1528,34736,battery,positive,0.945,premium,lexicon
13839,17,1528,34737,battery,neutral,0.55,,lexicon
13840,17,1528,34739,price,positive,0.773,best,lexicon
13841,17,1528,34741,display,neutral,0.511,flawless,lexicon
13842,17,1528,34741,performance,neutral,0.511,flawless,lexicon
13843,17,1528,34742,camera,positive,0.95,best,lexicon
13844,17,1528,34742,display,positive,0.838,sturdy,lexicon
13845,17,1528,34743,price,neutral,0.432,broken,lexicon
13846,17,1529,34746,price,positive,0.95,great,lexicon
13847,17,1529,34748,battery,negative,0.883,disappointing,lexicon
13848,17,1529,34750,price,positive,0.909,worth,lexicon
13849,17,1529,34753,display,neutral,0.55,,lexicon
13850,17,1529,34754,battery,neutral,0.55,,lexicon
13851,17,1529,34755,battery,neutral,0.55,,lexicon
13852,17,1529,34755,display,neutral,0.55,,lexicon
13853,17,1529,34756,performance,positive,0.95,fast,lexicon
13854,17,1529,34757,display,neutral,0.55,,lexicon
13855,17,1529,34758,display,positive,0.86,great,lexicon
13856,17,1529,34758,design,positive,0.86,great,lexicon
13857,17,1529,34759,performance,neutral,0.55,,lexicon
13858,17,1529,34762,camera,positive,0.838,sharp,lexicon
13859,17,1530,34768,battery,neutral,0.55,,lexicon
13860,17,1530,34769,battery,neutral,0.55,,lexicon
13861,17,1530,34770,battery,neutral,0.55,,lexicon
13862,17,1530,34774,camera,neutral,0.55,,lexicon
13863,17,1530,34783,price,neutral,0.55,,lexicon
13864,17,1530,34790,price,neutral,0.55,,lexicon
13865,17,1531,34806,display,neutral,0.55,,lexicon
13866,17,1531,34810,performance,positive,0.86,fast,lexicon
13867,17,1531,34812,display,neutral,0.55,,lexicon
13868,17,1531,34813,display,neutral,0.55,,lexicon
13869,17,1531,34821,battery,neutral,0.55,,lexicon
13870,17,1532,34828,battery,positive,0.86,great,lexicon
13871,17,1532,34828,camera,positive,0.86,great,lexicon
13872,17,1532,34828,display,positive,0.86,great,lexicon
13873,17,1532,34830,price,positive,0.914,great,lexicon
13874,17,1533,34834,display,positive,0.86,great,lexicon
13875,17,1533,34835,battery,positive,0.927,excellent,lexicon
13876,17,1533,34835,price,positive,0.927,excellent,lexicon
13877,17,1534,34838,display,negative,0.788,great,lexicon
13878,17,1535,34841,price,positive,0.866,good,lexicon
13879,17,1535,34846,price,positive,0.815,satisfied,lexicon
13880,17,1536,34850,price,positive,0.914,good,lexicon
13881,17,1536,34851,design,neutral,0.55,,lexicon
13882,17,1536,34853,display,neutral,0.55,,lexicon
13883,17,1536,34859,battery,neutral,0.55,,lexicon
13884,17,1536,34863,design,neutral,0.55,,lexicon
13885,17,1539,34866,performance,negative,0.86,slow,lexicon
13886,17,1539,34867,performance,negative,0.86,slow,lexicon
13887,17,1539,34868,battery,neutral,0.55,,lexicon
13888,17,1540,34874,battery,neutral,0.55,,lexicon
13889,17,1542,34883,battery,neutral,0.55,,lexicon
13890,17,1542,34890,battery,neutral,0.55,,lexicon
13891,17,1542,34891,battery,neutral,0.401,excellent,lexicon
13892,17,1542,34892,battery,neutral,0.55,,lexicon
13893,17,1542,34892,price,neutral,0.55,,lexicon
13894,17,1542,34893,camera,negative,0.77,problem,lexicon
13895,17,1542,34894,camera,neutral,0.55,,lexicon
13896,17,1542,34898,camera,neutral,0.55,,lexicon
13897,17,1542,34903,camera,neutral,0.55,,lexicon
13898,17,1542,34904,camera,neutral,0.55,,lexicon
13899,17,1542,34905,camera,neutral,0.55,,lexicon
13900,17,1543,34919,battery,positive,0.95,excellent,lexicon
13901,17,1543,34920,battery,neutral,0.55,,lexicon
13902,17,1543,34920,camera,neutral,0.55,,lexicon
13903,17,1543,34921,display,positive,0.815,premium,lexicon
13904,17,1543,34923,battery,positive,0.77,bad,lexicon
13905,17,1543,34923,price,positive,0.77,bad,lexicon
13906,17,1544,34929,design,neutral,0.55,,lexicon
13907,17,1544,34930,battery,neutral,0.55,,lexicon
13908,17,1544,34938,price,positive,0.86,great,lexicon
13909,17,1545,34944,battery,neutral,0.55,,lexicon
13910,17,1546,34946,price,positive,0.895,good,lexicon
13911,17,1546,34947,battery,positive,0.703,fine,lexicon
13912,17,1547,34952,design,positive,0.725,like,lexicon
13913,17,1547,34953,battery,neutral,0.55,,lexicon
13914,17,1548,34958,battery,neutral,0.55,,lexicon
13915,17,1548,34959,battery,positive,0.95,premium,lexicon
13916,17,1549,34962,price,positive,0.883,value for money,lexicon
13917,17,1549,34964,display,neutral,0.55,,lexicon
13918,17,1549,34965,battery,neutral,0.55,,lexicon
13919,17,1550,34971,battery,positive,0.86,great,lexicon
13920,17,1550,34971,price,positive,0.86,great,lexicon
13921,17,1550,34974,camera,neutral,0.55,,lexicon
13922,17,1551,34977,display,positive,0.927,perfect,lexicon
13923,17,1551,34978,display,positive,0.927,perfect,lexicon
13924,17,1552,34980,battery,positive,0.815,premium,lexicon
13925,17,1552,34983,battery,neutral,0.55,,lexicon
13926,17,1552,34984,battery,neutral,0.55,,lexicon
13927,17,1552,34987,battery,positive,0.703,fine,lexicon
13928,18,1578,34991,battery,positive,0.945,premium,lexicon
13929,18,1578,34992,battery,neutral,0.55,,lexicon
13930,18,1578,34994,price,positive,0.773,best,lexicon
13931,18,1578,34996,display,neutral,0.511,flawless,lexicon
13932,18,1578,34996,performance,neutral,0.511,flawless,lexicon
13933,18,1578,34997,camera,positive,0.95,best,lexicon
13934,18,1578,34997,display,positive,0.838,sturdy,lexicon
13935,18,1578,34998,price,neutral,0.432,broken,lexicon
13936,18,1579,35001,price,positive,0.95,great,lexicon
13937,18,1579,35003,battery,negative,0.883,disappointing,lexicon
13938,18,1579,35005,price,positive,0.909,worth,lexicon
13939,18,1579,35008,display,neutral,0.55,,lexicon
13940,18,1579,35009,battery,neutral,0.55,,lexicon
13941,18,1579,35010,battery,neutral,0.55,,lexicon
13942,18,1579,35010,display,neutral,0.55,,lexicon
13943,18,1579,35011,performance,positive,0.95,fast,lexicon
13944,18,1579,35012,display,neutral,0.55,,lexicon
13945,18,1579,35013,display,positive,0.86,great,lexicon
13946,18,1579,35013,design,positive,0.86,great,lexicon
13947,18,1579,35014,performance,neutral,0.55,,lexicon
13948,18,1579,35017,camera,positive,0.838,sharp,lexicon
13949,18,1580,35023,battery,neutral,0.55,,lexicon
13950,18,1580,35024,battery,neutral,0.55,,lexicon
13951,18,1580,35025,battery,neutral,0.55,,lexicon
13952,18,1580,35029,camera,neutral,0.55,,lexicon
13953,18,1580,35038,price,neutral,0.55,,lexicon
13954,18,1580,35045,price,neutral,0.55,,lexicon
13955,18,1581,35061,display,neutral,0.55,,lexicon
13956,18,1581,35065,performance,positive,0.86,fast,lexicon
13957,18,1581,35067,display,neutral,0.55,,lexicon
13958,18,1581,35068,display,neutral,0.55,,lexicon
13959,18,1581,35076,battery,neutral,0.55,,lexicon
13960,18,1582,35083,battery,positive,0.86,great,lexicon
13961,18,1582,35083,camera,positive,0.86,great,lexicon
13962,18,1582,35083,display,positive,0.86,great,lexicon
13963,18,1582,35085,price,positive,0.914,great,lexicon
13964,18,1583,35089,display,positive,0.86,great,lexicon
13965,18,1583,35090,battery,positive,0.927,excellent,lexicon
13966,18,1583,35090,price,positive,0.927,excellent,lexicon
13967,18,1584,35093,display,negative,0.788,great,lexicon
13968,18,1585,35096,price,positive,0.866,good,lexicon
13969,18,1585,35101,price,positive,0.815,satisfied,lexicon
13970,18,1586,35105,price,positive,0.914,good,lexicon
13971,18,1586,35106,design,neutral,0.55,,lexicon
13972,18,1586,35108,display,neutral,0.55,,lexicon
13973,18,1586,35114,battery,neutral,0.55,,lexicon
13974,18,1586,35118,design,neutral,0.55,,lexicon
13975,18,1589,35121,performance,negative,0.86,slow,lexicon
13976,18,1589,35122,performance,negative,0.86,slow,lexicon
13977,18,1589,35123,battery,neutral,0.55,,lexicon
13978,18,1590,35129,battery,neutral,0.55,,lexicon
13979,18,1592,35138,battery,neutral,0.55,,lexicon
13980,18,1592,35145,battery,neutral,0.55,,lexicon
13981,18,1592,35146,battery,neutral,0.401,excellent,lexicon
13982,18,1592,35147,battery,neutral,0.55,,lexicon
13983,18,1592,35147,price,neutral,0.55,,lexicon
13984,18,1592,35148,camera,negative,0.77,problem,lexicon
13985,18,1592,35149,camera,neutral,0.55,,lexicon
13986,18,1592,35153,camera,neutral,0.55,,lexicon
13987,18,1592,35158,camera,neutral,0.55,,lexicon
13988,18,1592,35159,camera,neutral,0.55,,lexicon
13989,18,1592,35160,camera,neutral,0.55,,lexicon
13990,18,1593,35174,battery,positive,0.95,excellent,lexicon
13991,18,1593,35175,battery,neutral,0.55,,lexicon
13992,18,1593,35175,camera,neutral,0.55,,lexicon
13993,18,1593,35176,display,positive,0.815,premium,lexicon
13994,18,1593,35178,battery,positive,0.77,bad,lexicon
13995,18,1593,35178,price,positive,0.77,bad,lexicon
13996,18,1594,35184,design,neutral,0.55,,lexicon
13997,18,1594,35185,battery,neutral,0.55,,lexicon
13998,18,1594,35193,price,positive,0.86,great,lexicon
13999,18,1595,35199,battery,neutral,0.55,,lexicon
14000,18,1596,35201,price,positive,0.895,good,lexicon
14001,18,1596,35202,battery,positive,0.703,fine,lexicon
14002,18,1597,35207,design,positive,0.725,like,lexicon
14003,18,1597,35208,battery,neutral,0.55,,lexicon
14004,18,1598,35213,battery,neutral,0.55,,lexicon
14005,18,1598,35214,battery,positive,0.95,premium,lexicon
14006,18,1599,35217,price,positive,0.883,value for money,lexicon
14007,18,1599,35219,display,neutral,0.55,,lexicon
14008,18,1599,35220,battery,neutral,0.55,,lexicon
14009,18,1600,35226,battery,positive,0.86,great,lexicon
14010,18,1600,35226,price,positive,0.86,great,lexicon
14011,18,1600,35229,camera,neutral,0.55,,lexicon
14012,18,1601,35232,display,positive,0.927,perfect,lexicon
14013,18,1601,35233,display,positive,0.927,perfect,lexicon
14014,18,1602,35235,battery,positive,0.815,premium,lexicon
14015,18,1602,35238,battery,neutral,0.55,,lexicon
14016,18,1602,35239,battery,neutral,0.55,,lexicon
14017,18,1602,35242,battery,positive,0.703,fine,lexicon
14018,19,2295,35246,battery,positive,0.945,premium,lexicon
14019,19,2295,35247,battery,neutral,0.55,,lexicon
14020,19,2295,35249,price,positive,0.773,best,lexicon
14021,19,2295,35251,display,neutral,0.511,flawless,lexicon
14022,19,2295,35251,performance,neutral,0.511,flawless,lexicon
14023,19,2295,35252,camera,positive,0.95,best,lexicon
14024,19,2295,35252,display,positive,0.838,sturdy,lexicon
14025,19,2295,35253,price,neutral,0.432,broken,lexicon
14026,19,2296,35256,price,positive,0.95,great,lexicon
14027,19,2296,35258,battery,negative,0.883,disappointing,lexicon
14028,19,2296,35260,price,positive,0.909,worth,lexicon
14029,19,2296,35263,display,neutral,0.55,,lexicon
14030,19,2296,35264,battery,neutral,0.55,,lexicon
14031,19,2296,35265,battery,neutral,0.55,,lexicon
14032,19,2296,35265,display,neutral,0.55,,lexicon
14033,19,2296,35266,performance,positive,0.95,fast,lexicon
14034,19,2296,35267,display,neutral,0.55,,lexicon
14035,19,2296,35268,display,positive,0.86,great,lexicon
14036,19,2296,35268,design,positive,0.86,great,lexicon
14037,19,2296,35269,performance,neutral,0.55,,lexicon
14038,19,2296,35272,camera,positive,0.838,sharp,lexicon
14039,19,2297,35278,battery,neutral,0.55,,lexicon
14040,19,2297,35279,battery,neutral,0.55,,lexicon
14041,19,2297,35280,battery,neutral,0.55,,lexicon
14042,19,2297,35284,camera,neutral,0.55,,lexicon
14043,19,2297,35293,price,neutral,0.55,,lexicon
14044,19,2297,35300,price,neutral,0.55,,lexicon
14045,19,2298,35316,display,neutral,0.55,,lexicon
14046,19,2298,35320,performance,positive,0.86,fast,lexicon
14047,19,2298,35322,display,neutral,0.55,,lexicon
14048,19,2298,35323,display,neutral,0.55,,lexicon
14049,19,2298,35331,battery,neutral,0.55,,lexicon
14050,19,2299,35338,battery,positive,0.86,great,lexicon
14051,19,2299,35338,camera,positive,0.86,great,lexicon
14052,19,2299,35338,display,positive,0.86,great,lexicon
14053,19,2299,35340,price,positive,0.914,great,lexicon
14054,19,2300,35344,display,positive,0.86,great,lexicon
14055,19,2300,35345,battery,positive,0.927,excellent,lexicon
14056,19,2300,35345,price,positive,0.927,excellent,lexicon
14057,19,2301,35348,display,negative,0.788,great,lexicon
14058,19,2302,35351,price,positive,0.866,good,lexicon
14059,19,2302,35356,price,positive,0.815,satisfied,lexicon
14060,19,2303,35360,price,positive,0.914,good,lexicon
14061,19,2303,35361,design,neutral,0.55,,lexicon
14062,19,2303,35363,display,neutral,0.55,,lexicon
14063,19,2303,35369,battery,neutral,0.55,,lexicon
14064,19,2303,35373,design,neutral,0.55,,lexicon
14065,19,2306,35376,performance,negative,0.86,slow,lexicon
14066,19,2306,35377,performance,negative,0.86,slow,lexicon
14067,19,2306,35378,battery,neutral,0.55,,lexicon
14068,19,2307,35384,battery,neutral,0.55,,lexicon
14069,19,2309,35393,battery,neutral,0.55,,lexicon
14070,19,2309,35400,battery,neutral,0.55,,lexicon
14071,19,2309,35401,battery,neutral,0.401,excellent,lexicon
14072,19,2309,35402,battery,neutral,0.55,,lexicon
14073,19,2309,35402,price,neutral,0.55,,lexicon
14074,19,2309,35403,camera,negative,0.77,problem,lexicon
14075,19,2309,35404,camera,neutral,0.55,,lexicon
14076,19,2309,35408,camera,neutral,0.55,,lexicon
14077,19,2309,35413,camera,neutral,0.55,,lexicon
14078,19,2309,35414,camera,neutral,0.55,,lexicon
14079,19,2309,35415,camera,neutral,0.55,,lexicon
14080,19,2310,35429,battery,positive,0.95,excellent,lexicon
14081,19,2310,35430,battery,neutral,0.55,,lexicon
14082,19,2310,35430,camera,neutral,0.55,,lexicon
14083,19,2310,35431,display,positive,0.815,premium,lexicon
14084,19,2310,35433,battery,positive,0.77,bad,lexicon
14085,19,2310,35433,price,positive,0.77,bad,lexicon
14086,19,2311,35439,design,neutral,0.55,,lexicon
14087,19,2311,35440,battery,neutral,0.55,,lexicon
14088,19,2311,35448,price,positive,0.86,great,lexicon
14089,19,2312,35454,battery,neutral,0.55,,lexicon
14090,19,2313,35456,price,positive,0.895,good,lexicon
14091,19,2313,35457,battery,positive,0.703,fine,lexicon
14092,19,2314,35462,design,positive,0.725,like,lexicon
14093,19,2314,35463,battery,neutral,0.55,,lexicon
14094,19,2315,35468,battery,neutral,0.55,,lexicon
14095,19,2315,35469,battery,positive,0.95,premium,lexicon
14096,19,2316,35472,price,positive,0.883,value for money,lexicon
14097,19,2316,35474,display,neutral,0.55,,lexicon
14098,19,2316,35475,battery,neutral,0.55,,lexicon
14099,19,2317,35481,battery,positive,0.86,great,lexicon
14100,19,2317,35481,price,positive,0.86,great,lexicon
14101,19,2317,35484,camera,neutral,0.55,,lexicon
14102,19,2318,35487,display,positive,0.927,perfect,lexicon
14103,19,2318,35488,display,positive,0.927,perfect,lexicon
14104,19,2319,35490,battery,positive,0.815,premium,lexicon
14105,19,2319,35493,battery,neutral,0.55,,lexicon
14106,19,2319,35494,battery,neutral,0.55,,lexicon
14107,19,2319,35497,battery,positive,0.703,fine,lexicon
14108,20,2707,35501,battery,positive,0.945,premium,lexicon
14109,20,2707,35502,battery,neutral,0.55,,lexicon
14110,20,2707,35504,price,positive,0.773,best,lexicon
14111,20,2707,35506,display,neutral,0.511,flawless,lexicon
14112,20,2707,35506,performance,neutral,0.511,flawless,lexicon
14113,20,2707,35507,camera,positive,0.95,best,lexicon
14114,20,2707,35507,display,positive,0.838,sturdy,lexicon
14115,20,2707,35508,price,neutral,0.432,broken,lexicon
14116,20,2708,35511,price,positive,0.95,great,lexicon
14117,20,2708,35513,battery,negative,0.883,disappointing,lexicon
14118,20,2708,35515,price,positive,0.909,worth,lexicon
14119,20,2708,35518,display,neutral,0.55,,lexicon
14120,20,2708,35519,battery,neutral,0.55,,lexicon
14121,20,2708,35520,battery,neutral,0.55,,lexicon
14122,20,2708,35520,display,neutral,0.55,,lexicon
14123,20,2708,35521,performance,positive,0.95,fast,lexicon
14124,20,2708,35522,display,neutral,0.55,,lexicon
14125,20,2708,35523,display,positive,0.86,great,lexicon
14126,20,2708,35523,design,positive,0.86,great,lexicon
14127,20,2708,35524,performance,neutral,0.55,,lexicon
14128,20,2708,35527,camera,positive,0.838,sharp,lexicon
14129,20,2709,35533,battery,neutral,0.55,,lexicon
14130,20,2709,35534,battery,neutral,0.55,,lexicon
14131,20,2709,35535,battery,neutral,0.55,,lexicon
14132,20,2709,35539,camera,neutral,0.55,,lexicon
14133,20,2709,35548,price,neutral,0.55,,lexicon
14134,20,2709,35555,price,neutral,0.55,,lexicon
14135,20,2710,35571,display,neutral,0.55,,lexicon
14136,20,2710,35575,performance,positive,0.86,fast,lexicon
14137,20,2710,35577,display,neutral,0.55,,lexicon
14138,20,2710,35578,display,neutral,0.55,,lexicon
14139,20,2710,35586,battery,neutral,0.55,,lexicon
14140,20,2711,35593,battery,positive,0.86,great,lexicon
14141,20,2711,35593,camera,positive,0.86,great,lexicon
14142,20,2711,35593,display,positive,0.86,great,lexicon
14143,20,2711,35595,price,positive,0.914,great,lexicon
14144,20,2712,35599,display,positive,0.86,great,lexicon
14145,20,2712,35600,battery,positive,0.927,excellent,lexicon
14146,20,2712,35600,price,positive,0.927,excellent,lexicon
14147,20,2713,35603,display,negative,0.788,great,lexicon
14148,20,2714,35606,price,positive,0.866,good,lexicon
14149,20,2714,35611,price,positive,0.815,satisfied,lexicon
14150,20,2715,35615,price,positive,0.914,good,lexicon
14151,20,2715,35616,design,neutral,0.55,,lexicon
14152,20,2715,35618,display,neutral,0.55,,lexicon
14153,20,2715,35624,battery,neutral,0.55,,lexicon
14154,20,2715,35628,design,neutral,0.55,,lexicon
14155,20,2718,35631,performance,negative,0.86,slow,lexicon
14156,20,2718,35632,performance,negative,0.86,slow,lexicon
14157,20,2718,35633,battery,neutral,0.55,,lexicon
14158,20,2719,35639,battery,neutral,0.55,,lexicon
14159,20,2721,35648,battery,neutral,0.55,,lexicon
14160,20,2721,35655,battery,neutral,0.55,,lexicon
14161,20,2721,35656,battery,neutral,0.401,excellent,lexicon
14162,20,2721,35657,battery,neutral,0.55,,lexicon
14163,20,2721,35657,price,neutral,0.55,,lexicon
14164,20,2721,35658,camera,negative,0.77,problem,lexicon
14165,20,2721,35659,camera,neutral,0.55,,lexicon
14166,20,2721,35663,camera,neutral,0.55,,lexicon
14167,20,2721,35668,camera,neutral,0.55,,lexicon
14168,20,2721,35669,camera,neutral,0.55,,lexicon
14169,20,2721,35670,camera,neutral,0.55,,lexicon
14170,20,2722,35684,battery,positive,0.95,excellent,lexicon
14171,20,2722,35685,battery,neutral,0.55,,lexicon
14172,20,2722,35685,camera,neutral,0.55,,lexicon
14173,20,2722,35686,display,positive,0.815,premium,lexicon
14174,20,2722,35688,battery,positive,0.77,bad,lexicon
14175,20,2722,35688,price,positive,0.77,bad,lexicon
14176,20,2723,35694,design,neutral,0.55,,lexicon
14177,20,2723,35695,battery,neutral,0.55,,lexicon
14178,20,2723,35703,price,positive,0.86,great,lexicon
14179,20,2724,35709,battery,neutral,0.55,,lexicon
14180,20,2725,35711,price,positive,0.895,good,lexicon
14181,20,2725,35712,battery,positive,0.703,fine,lexicon
14182,20,2726,35717,design,positive,0.725,like,lexicon
14183,20,2726,35718,battery,neutral,0.55,,lexicon
14184,20,2727,35723,battery,neutral,0.55,,lexicon
14185,20,2727,35724,battery,positive,0.95,premium,lexicon
14186,20,2728,35727,price,positive,0.883,value for money,lexicon
14187,20,2728,35729,display,neutral,0.55,,lexicon
14188,20,2728,35730,battery,neutral,0.55,,lexicon
14189,20,2729,35736,battery,positive,0.86,great,lexicon
14190,20,2729,35736,price,positive,0.86,great,lexicon
14191,20,2729,35739,camera,neutral,0.55,,lexicon
14192,20,2730,35742,display,positive,0.927,perfect,lexicon
14193,20,2730,35743,display,positive,0.927,perfect,lexicon
14194,20,2731,35745,battery,positive,0.815,premium,lexicon
14195,20,2731,35748,battery,neutral,0.55,,lexicon
14196,20,2731,35749,battery,neutral,0.55,,lexicon
14197,20,2731,35752,battery,positive,0.703,fine,lexicon
14198,21,3059,35756,battery,positive,0.945,premium,lexicon
14199,21,3059,35757,battery,neutral,0.55,,lexicon
14200,21,3059,35759,price,positive,0.773,best,lexicon
14201,21,3059,35761,display,neutral,0.511,flawless,lexicon
14202,21,3059,35761,performance,neutral,0.511,flawless,lexicon
14203,21,3059,35762,camera,positive,0.95,best,lexicon
14204,21,3059,35762,display,positive,0.838,sturdy,lexicon
14205,21,3059,35763,price,neutral,0.432,broken,lexicon
14206,21,3060,35766,price,positive,0.95,great,lexicon
14207,21,3060,35768,battery,negative,0.883,disappointing,lexicon
14208,21,3060,35770,price,positive,0.909,worth,lexicon
14209,21,3060,35773,display,neutral,0.55,,lexicon
14210,21,3060,35774,battery,neutral,0.55,,lexicon
14211,21,3060,35775,battery,neutral,0.55,,lexicon
14212,21,3060,35775,display,neutral,0.55,,lexicon
14213,21,3060,35776,performance,positive,0.95,fast,lexicon
14214,21,3060,35777,display,neutral,0.55,,lexicon
14215,21,3060,35778,display,positive,0.86,great,lexicon
14216,21,3060,35778,design,positive,0.86,great,lexicon
14217,21,3060,35779,performance,neutral,0.55,,lexicon
14218,21,3060,35782,camera,positive,0.838,sharp,lexicon
14219,21,3061,35788,battery,neutral,0.55,,lexicon
14220,21,3061,35789,battery,neutral,0.55,,lexicon
14221,21,3061,35790,battery,neutral,0.55,,lexicon
14222,21,3061,35794,camera,neutral,0.55,,lexicon
14223,21,3061,35803,price,neutral,0.55,,lexicon
14224,21,3061,35810,price,neutral,0.55,,lexicon
14225,21,3062,35826,display,neutral,0.55,,lexicon
14226,21,3062,35830,performance,positive,0.86,fast,lexicon
14227,21,3062,35832,display,neutral,0.55,,lexicon
14228,21,3062,35833,display,neutral,0.55,,lexicon
14229,21,3062,35841,battery,neutral,0.55,,lexicon
14230,21,3063,35848,battery,positive,0.86,great,lexicon
14231,21,3063,35848,camera,positive,0.86,great,lexicon
14232,21,3063,35848,display,positive,0.86,great,lexicon
14233,21,3063,35850,price,positive,0.914,great,lexicon
14234,21,3064,35854,display,positive,0.86,great,lexicon
14235,21,3064,35855,battery,positive,0.927,excellent,lexicon
14236,21,3064,35855,price,positive,0.927,excellent,lexicon
14237,21,3065,35858,display,negative,0.788,great,lexicon
14238,21,3066,35861,price,positive,0.866,good,lexicon
14239,21,3066,35866,price,positive,0.815,satisfied,lexicon
14240,21,3067,35870,price,positive,0.914,good,lexicon
14241,21,3067,35871,design,neutral,0.55,,lexicon
14242,21,3067,35873,display,neutral,0.55,,lexicon
14243,21,3067,35879,battery,neutral,0.55,,lexicon
14244,21,3067,35883,design,neutral,0.55,,lexicon
14245,21,3070,35886,performance,negative,0.86,slow,lexicon
14246,21,3070,35887,performance,negative,0.86,slow,lexicon
14247,21,3070,35888,battery,neutral,0.55,,lexicon
14248,21,3071,35894,battery,neutral,0.55,,lexicon
14249,21,3073,35903,battery,neutral,0.55,,lexicon
14250,21,3073,35910,battery,neutral,0.55,,lexicon
14251,21,3073,35911,battery,neutral,0.401,excellent,lexicon
14252,21,3073,35912,battery,neutral,0.55,,lexicon
14253,21,3073,35912,price,neutral,0.55,,lexicon
14254,21,3073,35913,camera,negative,0.77,problem,lexicon
14255,21,3073,35914,camera,neutral,0.55,,lexicon
14256,21,3073,35918,camera,neutral,0.55,,lexicon
14257,21,3073,35923,camera,neutral,0.55,,lexicon
14258,21,3073,35924,camera,neutral,0.55,,lexicon
14259,21,3073,35925,camera,neutral,0.55,,lexicon
14260,21,3074,35939,battery,positive,0.95,excellent,lexicon
14261,21,3074,35940,battery,neutral,0.55,,lexicon
14262,21,3074,35940,camera,neutral,0.55,,lexicon
14263,21,3074,35941,display,positive,0.815,premium,lexicon
14264,21,3074,35943,battery,positive,0.77,bad,lexicon
14265,21,3074,35943,price,positive,0.77,bad,lexicon
14266,21,3075,35949,design,neutral,0.55,,lexicon
14267,21,3075,35950,battery,neutral,0.55,,lexicon
14268,21,3075,35958,price,positive,0.86,great,lexicon
14269,21,3076,35964,battery,neutral,0.55,,lexicon
14270,21,3077,35966,price,positive,0.895,good,lexicon
14271,21,3077,35967,battery,positive,0.703,fine,lexicon
14272,21,3078,35972,design,positive,0.725,like,lexicon
14273,21,3078,35973,battery,neutral,0.55,,lexicon
14274,21,3079,35978,battery,neutral,0.55,,lexicon
14275,21,3079,35979,battery,positive,0.95,premium,lexicon
14276,21,3080,35982,price,positive,0.883,value for money,lexicon
14277,21,3080,35984,display,neutral,0.55,,lexicon
14278,21,3080,35985,battery,neutral,0.55,,lexicon
14279,21,3081,35991,battery,positive,0.86,great,lexicon
14280,21,3081,35991,price,positive,0.86,great,lexicon
14281,21,3081,35994,camera,neutral,0.55,,lexicon
14282,21,3082,35997,display,positive,0.927,perfect,lexicon
14283,21,3082,35998,display,positive,0.927,perfect,lexicon
14284,21,3083,36000,battery,positive,0.815,premium,lexicon
14285,21,3083,36003,battery,neutral,0.55,,lexicon
14286,21,3083,36004,battery,neutral,0.55,,lexicon
14287,21,3083,36007,battery,positive,0.703,fine,lexicon
14288,22,3084,36011,battery,positive,0.945,premium,lexicon
14289,22,3084,36012,battery,neutral,0.55,,lexicon
14290,22,3084,36014,price,positive,0.773,best,lexicon
14291,22,3084,36016,display,neutral,0.511,flawless,lexicon
14292,22,3084,36016,performance,neutral,0.511,flawless,lexicon
14293,22,3084,36017,camera,positive,0.95,best,lexicon
14294,22,3084,36017,display,positive,0.838,sturdy,lexicon
14295,22,3084,36018,price,neutral,0.432,broken,lexicon
14296,22,3085,36021,price,positive,0.95,great,lexicon
14297,22,3085,36023,battery,negative,0.883,disappointing,lexicon
14298,22,3085,36025,price,positive,0.909,worth,lexicon
14299,22,3085,36028,display,neutral,0.55,,lexicon
14300,22,3085,36029,battery,neutral,0.55,,lexicon
14301,22,3085,36030,battery,neutral,0.55,,lexicon
14302,22,3085,36030,display,neutral,0.55,,lexicon
14303,22,3085,36031,performance,positive,0.95,fast,lexicon
14304,22,3085,36032,display,neutral,0.55,,lexicon
14305,22,3085,36033,display,positive,0.86,great,lexicon
14306,22,3085,36033,design,positive,0.86,great,lexicon
14307,22,3085,36034,performance,neutral,0.55,,lexicon
14308,22,3085,36037,camera,positive,0.838,sharp,lexicon
14309,22,3086,36043,battery,neutral,0.55,,lexicon
14310,22,3086,36044,battery,neutral,0.55,,lexicon
14311,22,3086,36045,battery,neutral,0.55,,lexicon
14312,22,3086,36049,camera,neutral,0.55,,lexicon
14313,22,3086,36058,price,neutral,0.55,,lexicon
14314,22,3086,36065,price,neutral,0.55,,lexicon
14315,22,3087,36081,display,neutral,0.55,,lexicon
14316,22,3087,36085,performance,positive,0.86,fast,lexicon
14317,22,3087,36087,display,neutral,0.55,,lexicon
14318,22,3087,36088,display,neutral,0.55,,lexicon
14319,22,3087,36096,battery,neutral,0.55,,lexicon
14320,22,3088,36103,battery,positive,0.86,great,lexicon
14321,22,3088,36103,camera,positive,0.86,great,lexicon
14322,22,3088,36103,display,positive,0.86,great,lexicon
14323,22,3088,36105,price,positive,0.914,great,lexicon
14324,22,3089,36109,display,positive,0.86,great,lexicon
14325,22,3089,36110,battery,positive,0.927,excellent,lexicon
14326,22,3089,36110,price,positive,0.927,excellent,lexicon
14327,22,3090,36113,display,negative,0.788,great,lexicon
14328,22,3091,36116,price,positive,0.866,good,lexicon
14329,22,3091,36121,price,positive,0.815,satisfied,lexicon
14330,22,3092,36125,price,positive,0.914,good,lexicon
14331,22,3092,36126,design,neutral,0.55,,lexicon
14332,22,3092,36128,display,neutral,0.55,,lexicon
14333,22,3092,36134,battery,neutral,0.55,,lexicon
14334,22,3092,36138,design,neutral,0.55,,lexicon
14335,22,3095,36141,performance,negative,0.86,slow,lexicon
14336,22,3095,36142,performance,negative,0.86,slow,lexicon
14337,22,3095,36143,battery,neutral,0.55,,lexicon
14338,22,3096,36149,battery,neutral,0.55,,lexicon
14339,22,3098,36158,battery,neutral,0.55,,lexicon
14340,22,3098,36165,battery,neutral,0.55,,lexicon
14341,22,3098,36166,battery,neutral,0.401,excellent,lexicon
14342,22,3098,36167,battery,neutral,0.55,,lexicon
14343,22,3098,36167,price,neutral,0.55,,lexicon
14344,22,3098,36168,camera,negative,0.77,problem,lexicon
14345,22,3098,36169,camera,neutral,0.55,,lexicon
14346,22,3098,36173,camera,neutral,0.55,,lexicon
14347,22,3098,36178,camera,neutral,0.55,,lexicon
14348,22,3098,36179,camera,neutral,0.55,,lexicon
14349,22,3098,36180,camera,neutral,0.55,,lexicon
14350,22,3099,36194,battery,positive,0.95,excellent,lexicon
14351,22,3099,36195,battery,neutral,0.55,,lexicon
14352,22,3099,36195,camera,neutral,0.55,,lexicon
14353,22,3099,36196,display,positive,0.815,premium,lexicon
14354,22,3099,36198,battery,positive,0.77,bad,lexicon
14355,22,3099,36198,price,positive,0.77,bad,lexicon
14356,22,3100,36204,design,neutral,0.55,,lexicon
14357,22,3100,36205,battery,neutral,0.55,,lexicon
14358,22,3100,36213,price,positive,0.86,great,lexicon
14359,22,3101,36219,battery,neutral,0.55,,lexicon
14360,22,3102,36221,price,positive,0.895,good,lexicon
14361,22,3102,36222,battery,positive,0.703,fine,lexicon
14362,22,3103,36227,design,positive,0.725,like,lexicon
14363,22,3103,36228,battery,neutral,0.55,,lexicon
14364,22,3104,36233,battery,neutral,0.55,,lexicon
14365,22,3104,36234,battery,positive,0.95,premium,lexicon
14366,22,3105,36237,price,positive,0.883,value for money,lexicon
14367,22,3105,36239,display,neutral,0.55,,lexicon
14368,22,3105,36240,battery,neutral,0.55,,lexicon
14369,22,3106,36246,battery,positive,0.86,great,lexicon
14370,22,3106,36246,price,positive,0.86,great,lexicon
14371,22,3106,36249,camera,neutral,0.55,,lexicon
14372,22,3107,36252,display,positive,0.927,perfect,lexicon
14373,22,3107,36253,display,positive,0.927,perfect,lexicon
14374,22,3108,36255,battery,positive,0.815,premium,lexicon
14375,22,3108,36258,battery,neutral,0.55,,lexicon
14376,22,3108,36259,battery,neutral,0.55,,lexicon
14377,22,3108,36262,battery,positive,0.703,fine,lexicon
14378,23,3109,36266,battery,positive,0.945,premium,lexicon
14379,23,3109,36267,battery,neutral,0.55,,lexicon
14380,23,3109,36269,price,positive,0.773,best,lexicon
14381,23,3109,36271,display,neutral,0.511,flawless,lexicon
14382,23,3109,36271,performance,neutral,0.511,flawless,lexicon
14383,23,3109,36272,camera,positive,0.95,best,lexicon
14384,23,3109,36272,display,positive,0.838,sturdy,lexicon
14385,23,3109,36273,price,neutral,0.432,broken,lexicon
14386,23,3110,36276,price,positive,0.95,great,lexicon
14387,23,3110,36278,battery,negative,0.883,disappointing,lexicon
14388,23,3110,36280,price,positive,0.909,worth,lexicon
14389,23,3110,36283,display,neutral,0.55,,lexicon
14390,23,3110,36284,battery,neutral,0.55,,lexicon
14391,23,3110,36285,battery,neutral,0.55,,lexicon
14392,23,3110,36285,display,neutral,0.55,,lexicon
14393,23,3110,36286,performance,positive,0.95,fast,lexicon
14394,23,3110,36287,display,neutral,0.55,,lexicon
14395,23,3110,36288,display,positive,0.86,great,lexicon
14396,23,3110,36288,design,positive,0.86,great,lexicon
14397,23,3110,36289,performance,neutral,0.55,,lexicon
14398,23,3110,36292,camera,positive,0.838,sharp,lexicon
14399,23,3111,36298,battery,neutral,0.55,,lexicon
14400,23,3111,36299,battery,neutral,0.55,,lexicon
14401,23,3111,36300,battery,neutral,0.55,,lexicon
14402,23,3111,36304,camera,neutral,0.55,,lexicon
14403,23,3111,36313,price,neutral,0.55,,lexicon
14404,23,3111,36320,price,neutral,0.55,,lexicon
14405,23,3112,36336,display,neutral,0.55,,lexicon
14406,23,3112,36340,performance,positive,0.86,fast,lexicon
14407,23,3112,36342,display,neutral,0.55,,lexicon
14408,23,3112,36343,display,neutral,0.55,,lexicon
14409,23,3112,36351,battery,neutral,0.55,,lexicon
14410,23,3113,36358,battery,positive,0.86,great,lexicon
14411,23,3113,36358,camera,positive,0.86,great,lexicon
14412,23,3113,36358,display,positive,0.86,great,lexicon
14413,23,3113,36360,price,positive,0.914,great,lexicon
14414,23,3114,36364,display,positive,0.86,great,lexicon
14415,23,3114,36365,battery,positive,0.927,excellent,lexicon
14416,23,3114,36365,price,positive,0.927,excellent,lexicon
14417,23,3115,36368,display,negative,0.788,great,lexicon
14418,23,3116,36371,price,positive,0.866,good,lexicon
14419,23,3116,36376,price,positive,0.815,satisfied,lexicon
14420,23,3117,36380,price,positive,0.914,good,lexicon
14421,23,3117,36381,design,neutral,0.55,,lexicon
14422,23,3117,36383,display,neutral,0.55,,lexicon
14423,23,3117,36389,battery,neutral,0.55,,lexicon
14424,23,3117,36393,design,neutral,0.55,,lexicon
14425,23,3120,36396,performance,negative,0.86,slow,lexicon
14426,23,3120,36397,performance,negative,0.86,slow,lexicon
14427,23,3120,36398,battery,neutral,0.55,,lexicon
14428,23,3121,36404,battery,neutral,0.55,,lexicon
14429,23,3123,36413,battery,neutral,0.55,,lexicon
14430,23,3123,36420,battery,neutral,0.55,,lexicon
14431,23,3123,36421,battery,neutral,0.401,excellent,lexicon
14432,23,3123,36422,battery,neutral,0.55,,lexicon
14433,23,3123,36422,price,neutral,0.55,,lexicon
14434,23,3123,36423,camera,negative,0.77,problem,lexicon
14435,23,3123,36424,camera,neutral,0.55,,lexicon
14436,23,3123,36428,camera,neutral,0.55,,lexicon
14437,23,3123,36433,camera,neutral,0.55,,lexicon
14438,23,3123,36434,camera,neutral,0.55,,lexicon
14439,23,3123,36435,camera,neutral,0.55,,lexicon
14440,23,3124,36449,battery,positive,0.95,excellent,lexicon
14441,23,3124,36450,battery,neutral,0.55,,lexicon
14442,23,3124,36450,camera,neutral,0.55,,lexicon
14443,23,3124,36451,display,positive,0.815,premium,lexicon
14444,23,3124,36453,battery,positive,0.77,bad,lexicon
14445,23,3124,36453,price,positive,0.77,bad,lexicon
14446,23,3125,36459,design,neutral,0.55,,lexicon
14447,23,3125,36460,battery,neutral,0.55,,lexicon
14448,23,3125,36468,price,positive,0.86,great,lexicon
14449,23,3126,36474,battery,neutral,0.55,,lexicon
14450,23,3127,36476,price,positive,0.895,good,lexicon
14451,23,3127,36477,battery,positive,0.703,fine,lexicon
14452,23,3128,36482,design,positive,0.725,like,lexicon
14453,23,3128,36483,battery,neutral,0.55,,lexicon
14454,23,3129,36488,battery,neutral,0.55,,lexicon
14455,23,3129,36489,battery,positive,0.95,premium,lexicon
14456,23,3130,36492,price,positive,0.883,value for money,lexicon
14457,23,3130,36494,display,neutral,0.55,,lexicon
14458,23,3130,36495,battery,neutral,0.55,,lexicon
14459,23,3131,36501,battery,positive,0.86,great,lexicon
14460,23,3131,36501,price,positive,0.86,great,lexicon
14461,23,3131,36504,camera,neutral,0.55,,lexicon
14462,23,3132,36507,display,positive,0.927,perfect,lexicon
14463,23,3132,36508,display,positive,0.927,perfect,lexicon
14464,23,3133,36510,battery,positive,0.815,premium,lexicon
14465,23,3133,36513,battery,neutral,0.55,,lexicon
14466,23,3133,36514,battery,neutral,0.55,,lexicon
14467,23,3133,36517,battery,positive,0.703,fine,lexicon
14468,24,3214,36521,battery,positive,0.945,premium,lexicon
14469,24,3214,36522,battery,neutral,0.55,,lexicon
14470,24,3214,36524,price,positive,0.773,best,lexicon
14471,24,3214,36526,display,neutral,0.511,flawless,lexicon
14472,24,3214,36526,performance,neutral,0.511,flawless,lexicon
14473,24,3214,36527,camera,positive,0.95,best,lexicon
14474,24,3214,36527,display,positive,0.838,sturdy,lexicon
14475,24,3214,36528,price,neutral,0.432,broken,lexicon
14476,24,3215,36531,price,positive,0.95,great,lexicon
14477,24,3215,36533,battery,negative,0.883,disappointing,lexicon
14478,24,3215,36535,price,positive,0.909,worth,lexicon
14479,24,3215,36538,display,neutral,0.55,,lexicon
14480,24,3215,36539,battery,neutral,0.55,,lexicon
14481,24,3215,36540,battery,neutral,0.55,,lexicon
14482,24,3215,36540,display,neutral,0.55,,lexicon
14483,24,3215,36541,performance,positive,0.95,fast,lexicon
14484,24,3215,36542,display,neutral,0.55,,lexicon
14485,24,3215,36543,display,positive,0.86,great,lexicon
14486,24,3215,36543,design,positive,0.86,great,lexicon
14487,24,3215,36544,performance,neutral,0.55,,lexicon
14488,24,3215,36547,camera,positive,0.838,sharp,lexicon
14489,24,3216,36553,battery,neutral,0.55,,lexicon
14490,24,3216,36554,battery,neutral,0.55,,lexicon
14491,24,3216,36555,battery,neutral,0.55,,lexicon
14492,24,3216,36559,camera,neutral,0.55,,lexicon
14493,24,3216,36568,price,neutral,0.55,,lexicon
14494,24,3216,36575,price,neutral,0.55,,lexicon
14495,24,3217,36591,display,neutral,0.55,,lexicon
14496,24,3217,36595,performance,positive,0.86,fast,lexicon
14497,24,3217,36597,display,neutral,0.55,,lexicon
14498,24,3217,36598,display,neutral,0.55,,lexicon
14499,24,3217,36606,battery,neutral,0.55,,lexicon
14500,24,3218,36613,battery,positive,0.86,great,lexicon
14501,24,3218,36613,camera,positive,0.86,great,lexicon
14502,24,3218,36613,display,positive,0.86,great,lexicon
14503,24,3218,36615,price,positive,0.914,great,lexicon
14504,24,3219,36619,display,positive,0.86,great,lexicon
14505,24,3219,36620,battery,positive,0.927,excellent,lexicon
14506,24,3219,36620,price,positive,0.927,excellent,lexicon
14507,24,3220,36623,display,negative,0.788,great,lexicon
14508,24,3221,36626,price,positive,0.866,good,lexicon
14509,24,3221,36631,price,positive,0.815,satisfied,lexicon
14510,24,3222,36635,price,positive,0.914,good,lexicon
14511,24,3222,36636,design,neutral,0.55,,lexicon
14512,24,3222,36638,display,neutral,0.55,,lexicon
14513,24,3222,36644,battery,neutral,0.55,,lexicon
14514,24,3222,36648,design,neutral,0.55,,lexicon
14515,24,3225,36651,performance,negative,0.86,slow,lexicon
14516,24,3225,36652,performance,negative,0.86,slow,lexicon
14517,24,3225,36653,battery,neutral,0.55,,lexicon
14518,24,3226,36659,battery,neutral,0.55,,lexicon
14519,24,3228,36668,battery,neutral,0.55,,lexicon
14520,24,3228,36675,battery,neutral,0.55,,lexicon
14521,24,3228,36676,battery,neutral,0.401,excellent,lexicon
14522,24,3228,36677,battery,neutral,0.55,,lexicon
14523,24,3228,36677,price,neutral,0.55,,lexicon
14524,24,3228,36678,camera,negative,0.77,problem,lexicon
14525,24,3228,36679,camera,neutral,0.55,,lexicon
14526,24,3228,36683,camera,neutral,0.55,,lexicon
14527,24,3228,36688,camera,neutral,0.55,,lexicon
14528,24,3228,36689,camera,neutral,0.55,,lexicon
14529,24,3228,36690,camera,neutral,0.55,,lexicon
14530,24,3229,36704,battery,positive,0.95,excellent,lexicon
14531,24,3229,36705,battery,neutral,0.55,,lexicon
14532,24,3229,36705,camera,neutral,0.55,,lexicon
14533,24,3229,36706,display,positive,0.815,premium,lexicon
14534,24,3229,36708,battery,positive,0.77,bad,lexicon
14535,24,3229,36708,price,positive,0.77,bad,lexicon
14536,24,3230,36714,design,neutral,0.55,,lexicon
14537,24,3230,36715,battery,neutral,0.55,,lexicon
14538,24,3230,36723,price,positive,0.86,great,lexicon
14539,24,3231,36729,battery,neutral,0.55,,lexicon
14540,24,3232,36731,price,positive,0.895,good,lexicon
14541,24,3232,36732,battery,positive,0.703,fine,lexicon
14542,24,3233,36737,design,positive,0.725,like,lexicon
14543,24,3233,36738,battery,neutral,0.55,,lexicon
14544,24,3234,36743,battery,neutral,0.55,,lexicon
14545,24,3234,36744,battery,positive,0.95,premium,lexicon
14546,24,3235,36747,price,positive,0.883,value for money,lexicon
14547,24,3235,36749,display,neutral,0.55,,lexicon
14548,24,3235,36750,battery,neutral,0.55,,lexicon
14549,24,3236,36756,battery,positive,0.86,great,lexicon
14550,24,3236,36756,price,positive,0.86,great,lexicon
14551,24,3236,36759,camera,neutral,0.55,,lexicon
14552,24,3237,36762,display,positive,0.927,perfect,lexicon
14553,24,3237,36763,display,positive,0.927,perfect,lexicon
14554,24,3238,36765,battery,positive,0.815,premium,lexicon
14555,24,3238,36768,battery,neutral,0.55,,lexicon
14556,24,3238,36769,battery,neutral,0.55,,lexicon
14557,24,3238,36772,battery,positive,0.703,fine,lexicon
14558,25,3239,36776,battery,positive,0.945,premium,lexicon
14559,25,3239,36777,battery,neutral,0.55,,lexicon
14560,25,3239,36779,price,positive,0.773,best,lexicon
14561,25,3239,36781,display,neutral,0.511,flawless,lexicon
14562,25,3239,36781,performance,neutral,0.511,flawless,lexicon
14563,25,3239,36782,camera,positive,0.95,best,lexicon
14564,25,3239,36782,display,positive,0.838,sturdy,lexicon
14565,25,3239,36783,price,neutral,0.432,broken,lexicon
14566,25,3240,36786,price,positive,0.95,great,lexicon
14567,25,3240,36788,battery,negative,0.883,disappointing,lexicon
14568,25,3240,36790,price,positive,0.909,worth,lexicon
14569,25,3240,36793,display,neutral,0.55,,lexicon
14570,25,3240,36794,battery,neutral,0.55,,lexicon
14571,25,3240,36795,battery,neutral,0.55,,lexicon
14572,25,3240,36795,display,neutral,0.55,,lexicon
14573,25,3240,36796,performance,positive,0.95,fast,lexicon
14574,25,3240,36797,display,neutral,0.55,,lexicon
14575,25,3240,36798,display,positive,0.86,great,lexicon
14576,25,3240,36798,design,positive,0.86,great,lexicon
14577,25,3240,36799,performance,neutral,0.55,,lexicon
14578,25,3240,36802,camera,positive,0.838,sharp,lexicon
14579,25,3241,36808,battery,neutral,0.55,,lexicon
14580,25,3241,36809,battery,neutral,0.55,,lexicon
14581,25,3241,36810,battery,neutral,0.55,,lexicon
14582,25,3241,36814,camera,neutral,0.55,,lexicon
14583,25,3241,36823,price,neutral,0.55,,lexicon
14584,25,3241,36830,price,neutral,0.55,,lexicon
14585,25,3242,36846,display,neutral,0.55,,lexicon
14586,25,3242,36850,performance,positive,0.86,fast,lexicon
14587,25,3242,36852,display,neutral,0.55,,lexicon
14588,25,3242,36853,display,neutral,0.55,,lexicon
14589,25,3242,36861,battery,neutral,0.55,,lexicon
14590,25,3243,36868,battery,positive,0.86,great,lexicon
14591,25,3243,36868,camera,positive,0.86,great,lexicon
14592,25,3243,36868,display,positive,0.86,great,lexicon
14593,25,3243,36870,price,positive,0.914,great,lexicon
14594,25,3244,36874,display,positive,0.86,great,lexicon
14595,25,3244,36875,battery,positive,0.927,excellent,lexicon
14596,25,3244,36875,price,positive,0.927,excellent,lexicon
14597,25,3245,36878,display,negative,0.788,great,lexicon
14598,25,3246,36881,price,positive,0.866,good,lexicon
14599,25,3246,36886,price,positive,0.815,satisfied,lexicon
14600,25,3247,36890,price,positive,0.914,good,lexicon
14601,25,3247,36891,design,neutral,0.55,,lexicon
14602,25,3247,36893,display,neutral,0.55,,lexicon
14603,25,3247,36899,battery,neutral,0.55,,lexicon
14604,25,3247,36903,design,neutral,0.55,,lexicon
14605,25,3250,36906,performance,negative,0.86,slow,lexicon
14606,25,3250,36907,performance,negative,0.86,slow,lexicon
14607,25,3250,36908,battery,neutral,0.55,,lexicon
14608,25,3251,36914,battery,neutral,0.55,,lexicon
14609,25,3253,36923,battery,neutral,0.55,,lexicon
14610,25,3253,36930,battery,neutral,0.55,,lexicon
14611,25,3253,36931,battery,neutral,0.401,excellent,lexicon
14612,25,3253,36932,battery,neutral,0.55,,lexicon
14613,25,3253,36932,price,neutral,0.55,,lexicon
14614,25,3253,36933,camera,negative,0.77,problem,lexicon
14615,25,3253,36934,camera,neutral,0.55,,lexicon
14616,25,3253,36938,camera,neutral,0.55,,lexicon
14617,25,3253,36943,camera,neutral,0.55,,lexicon
14618,25,3253,36944,camera,neutral,0.55,,lexicon
14619,25,3253,36945,camera,neutral,0.55,,lexicon
14620,25,3254,36959,battery,positive,0.95,excellent,lexicon
14621,25,3254,36960,battery,neutral,0.55,,lexicon
14622,25,3254,36960,camera,neutral,0.55,,lexicon
14623,25,3254,36961,display,positive,0.815,premium,lexicon
14624,25,3254,36963,battery,positive,0.77,bad,lexicon
14625,25,3254,36963,price,positive,0.77,bad,lexicon
14626,25,3255,36969,design,neutral,0.55,,lexicon
14627,25,3255,36970,battery,neutral,0.55,,lexicon
14628,25,3255,36978,price,positive,0.86,great,lexicon
14629,25,3256,36984,battery,neutral,0.55,,lexicon
14630,25,3257,36986,price,positive,0.895,good,lexicon
14631,25,3257,36987,battery,positive,0.703,fine,lexicon
14632,25,3258,36992,design,positive,0.725,like,lexicon
14633,25,3258,36993,battery,neutral,0.55,,lexicon
14634,25,3259,36998,battery,neutral,0.55,,lexicon
14635,25,3259,36999,battery,positive,0.95,premium,lexicon
14636,25,3260,37002,price,positive,0.883,value for money,lexicon
14637,25,3260,37004,display,neutral,0.55,,lexicon
14638,25,3260,37005,battery,neutral,0.55,,lexicon
14639,25,3261,37011,battery,positive,0.86,great,lexicon
14640,25,3261,37011,price,positive,0.86,great,lexicon
14641,25,3261,37014,camera,neutral,0.55,,lexicon
14642,25,3262,37017,display,positive,0.927,perfect,lexicon
14643,25,3262,37018,display,positive,0.927,perfect,lexicon
14644,25,3263,37020,battery,positive,0.815,premium,lexicon
14645,25,3263,37023,battery,neutral,0.55,,lexicon
14646,25,3263,37024,battery,neutral,0.55,,lexicon
14647,25,3263,37027,battery,positive,0.703,fine,lexicon
14648,26,3617,37031,battery,positive,0.945,premium,lexicon
14649,26,3617,37032,battery,neutral,0.55,,lexicon
14650,26,3617,37034,price,positive,0.773,best,lexicon
14651,26,3617,37036,display,neutral,0.511,flawless,lexicon
14652,26,3617,37036,performance,neutral,0.511,flawless,lexicon
14653,26,3617,37037,camera,positive,0.95,best,lexicon
14654,26,3617,37037,display,positive,0.838,sturdy,lexicon
14655,26,3617,37038,price,neutral,0.432,broken,lexicon
14656,26,3618,37041,price,positive,0.95,great,lexicon
14657,26,3618,37043,battery,negative,0.883,disappointing,lexicon
14658,26,3618,37045,price,positive,0.909,worth,lexicon
14659,26,3618,37048,display,neutral,0.55,,lexicon
14660,26,3618,37049,battery,neutral,0.55,,lexicon
14661,26,3618,37050,battery,neutral,0.55,,lexicon
14662,26,3618,37050,display,neutral,0.55,,lexicon
14663,26,3618,37051,performance,positive,0.95,fast,lexicon
14664,26,3618,37052,display,neutral,0.55,,lexicon
14665,26,3618,37053,display,positive,0.86,great,lexicon
14666,26,3618,37053,design,positive,0.86,great,lexicon
14667,26,3618,37054,performance,neutral,0.55,,lexicon
14668,26,3618,37057,camera,positive,0.838,sharp,lexicon
14669,26,3619,37063,battery,neutral,0.55,,lexicon
14670,26,3619,37064,battery,neutral,0.55,,lexicon
14671,26,3619,37065,battery,neutral,0.55,,lexicon
14672,26,3619,37069,camera,neutral,0.55,,lexicon
14673,26,3619,37078,price,neutral,0.55,,lexicon
14674,26,3619,37085,price,neutral,0.55,,lexicon
14675,26,3620,37101,display,neutral,0.55,,lexicon
14676,26,3620,37105,performance,positive,0.86,fast,lexicon
14677,26,3620,37107,display,neutral,0.55,,lexicon
14678,26,3620,37108,display,neutral,0.55,,lexicon
14679,26,3620,37116,battery,neutral,0.55,,lexicon
14680,26,3621,37123,battery,positive,0.86,great,lexicon
14681,26,3621,37123,camera,positive,0.86,great,lexicon
14682,26,3621,37123,display,positive,0.86,great,lexicon
14683,26,3621,37125,price,positive,0.914,great,lexicon
14684,26,3622,37129,display,positive,0.86,great,lexicon
14685,26,3622,37130,battery,positive,0.927,excellent,lexicon
14686,26,3622,37130,price,positive,0.927,excellent,lexicon
14687,26,3623,37133,display,negative,0.788,great,lexicon
14688,26,3624,37136,price,positive,0.866,good,lexicon
14689,26,3624,37141,price,positive,0.815,satisfied,lexicon
14690,26,3625,37145,price,positive,0.914,good,lexicon
14691,26,3625,37146,design,neutral,0.55,,lexicon
14692,26,3625,37148,display,neutral,0.55,,lexicon
14693,26,3625,37154,battery,neutral,0.55,,lexicon
14694,26,3625,37158,design,neutral,0.55,,lexicon
14695,26,3628,37161,performance,negative,0.86,slow,lexicon
14696,26,3628,37162,performance,negative,0.86,slow,lexicon
14697,26,3628,37163,battery,neutral,0.55,,lexicon
14698,26,3629,37169,battery,neutral,0.55,,lexicon
14699,26,3631,37178,battery,neutral,0.55,,lexicon
14700,26,3631,37185,battery,neutral,0.55,,lexicon
14701,26,3631,37186,battery,neutral,0.401,excellent,lexicon
14702,26,3631,37187,battery,neutral,0.55,,lexicon
14703,26,3631,37187,price,neutral,0.55,,lexicon
14704,26,3631,37188,camera,negative,0.77,problem,lexicon
14705,26,3631,37189,camera,neutral,0.55,,lexicon
14706,26,3631,37193,camera,neutral,0.55,,lexicon
14707,26,3631,37198,camera,neutral,0.55,,lexicon
14708,26,3631,37199,camera,neutral,0.55,,lexicon
14709,26,3631,37200,camera,neutral,0.55,,lexicon
14710,26,3632,37214,battery,positive,0.95,excellent,lexicon
14711,26,3632,37215,battery,neutral,0.55,,lexicon
14712,26,3632,37215,camera,neutral,0.55,,lexicon
14713,26,3632,37216,display,positive,0.815,premium,lexicon
14714,26,3632,37218,battery,positive,0.77,bad,lexicon
14715,26,3632,37218,price,positive,0.77,bad,lexicon
14716,26,3633,37224,design,neutral,0.55,,lexicon
14717,26,3633,37225,battery,neutral,0.55,,lexicon
14718,26,3633,37233,price,positive,0.86,great,lexicon
14719,26,3634,37239,battery,neutral,0.55,,lexicon
14720,26,3635,37241,price,positive,0.895,good,lexicon
14721,26,3635,37242,battery,positive,0.703,fine,lexicon
14722,26,3636,37247,design,positive,0.725,like,lexicon
14723,26,3636,37248,battery,neutral,0.55,,lexicon
14724,26,3637,37253,battery,neutral,0.55,,lexicon
14725,26,3637,37254,battery,positive,0.95,premium,lexicon
14726,26,3638,37257,price,positive,0.883,value for money,lexicon
14727,26,3638,37259,display,neutral,0.55,,lexicon
14728,26,3638,37260,battery,neutral,0.55,,lexicon
14729,26,3639,37266,battery,positive,0.86,great,lexicon
14730,26,3639,37266,price,positive,0.86,great,lexicon
14731,26,3639,37269,camera,neutral,0.55,,lexicon
14732,26,3640,37272,display,positive,0.927,perfect,lexicon
14733,26,3640,37273,display,positive,0.927,perfect,lexicon
14734,26,3641,37275,battery,positive,0.815,premium,lexicon
14735,26,3641,37278,battery,neutral,0.55,,lexicon
14736,26,3641,37279,battery,neutral,0.55,,lexicon
14737,26,3641,37282,battery,positive,0.703,fine,lexicon
14738,27,94,37284,price,positive,0.86,great,lexicon
14739,27,94,37289,battery,neutral,0.55,,lexicon
14740,27,94,37290,battery,neutral,0.55,,lexicon
14741,27,94,37291,price,positive,0.95,great,lexicon
14742,27,94,37292,design,neutral,0.55,,lexicon
14743,27,94,37293,price,positive,0.86,great,lexicon
14744,27,95,37297,design,positive,0.95,good,lexicon
14745,27,95,37298,price,positive,0.88,good,lexicon
14746,27,95,37299,camera,neutral,0.55,,lexicon
14747,27,95,37301,price,positive,0.95,happy,lexicon
14748,27,96,37303,performance,positive,0.95,fast,lexicon
14749,27,96,37303,price,positive,0.95,fast,lexicon
14750,27,97,37313,display,neutral,0.55,,lexicon
14751,27,97,37320,battery,neutral,0.55,,lexicon
14752,27,97,37322,battery,neutral,0.55,,lexicon
14753,27,98,37325,price,neutral,0.55,,lexicon
14754,27,98,37328,price,positive,0.95,love,lexicon
14755,27,98,37329,performance,positive,0.927,amazing,lexicon
14756,27,99,37330,design,positive,0.95,excellent,lexicon
14757,27,99,37331,battery,positive,0.838,recommend,lexicon
14758,27,99,37332,battery,positive,0.95,good,lexicon
14759,27,100,37339,battery,neutral,0.55,,lexicon
14760,27,100,37339,camera,neutral,0.55,,lexicon
14761,27,101,37344,battery,positive,0.725,like,lexicon
14762,27,101,37345,battery,neutral,0.55,,lexicon
14763,27,101,37347,display,neutral,0.55,,lexicon
14764,27,101,37348,price,positive,0.95,amazing,lexicon
14765,27,102,37349,battery,positive,0.927,flawless,lexicon
14766,27,102,37350,battery,negative,0.788,great,lexicon
14767,27,102,37351,price,neutral,0.55,,lexicon
14768,27,103,37355,battery,positive,0.905,fantastic,lexicon
14769,27,103,37357,battery,neutral,0.55,,lexicon
14770,27,103,37358,battery,neutral,0.55,,lexicon
14771,27,103,37361,price,positive,0.95,reasonable,lexicon
14772,27,104,37365,display,positive,0.927,perfect,lexicon
14773,27,104,37367,battery,positive,0.847,good,lexicon
14774,27,104,37373,price,positive,0.95,good,lexicon
14775,27,107,37378,display,positive,0.792,liked,lexicon
14776,27,107,37379,display,neutral,0.55,,lexicon
14777,27,108,37389,price,neutral,0.393,disappointed,lexicon
14778,27,108,37392,battery,neutral,0.55,,lexicon
14779,27,108,37393,battery,positive,0.95,best,lexicon
14780,27,108,37396,battery,neutral,0.55,,lexicon
14781,27,108,37396,price,neutral,0.55,,lexicon
14782,27,108,37398,price,neutral,0.55,,lexicon
14783,27,108,37401,display,neutral,0.55,,lexicon
14784,27,108,37404,price,positive,0.68,cheap,lexicon
14785,27,108,37408,battery,neutral,0.55,,lexicon
14786,27,108,37410,battery,negative,0.838,bad,lexicon
14787,28,283,37413,price,positive,0.86,great,lexicon
14788,28,283,37418,battery,neutral,0.55,,lexicon
14789,28,283,37419,battery,neutral,0.55,,lexicon
14790,28,283,37420,price,positive,0.95,great,lexicon
14791,28,283,37421,design,neutral,0.55,,lexicon
14792,28,283,37422,price,positive,0.86,great,lexicon
14793,28,284,37426,design,positive,0.95,good,lexicon
14794,28,284,37427,price,positive,0.88,good,lexicon
14795,28,284,37428,camera,neutral,0.55,,lexicon
14796,28,284,37430,price,positive,0.95,happy,lexicon
14797,28,285,37432,performance,positive,0.95,fast,lexicon
14798,28,285,37432,price,positive,0.95,fast,lexicon
14799,28,286,37442,display,neutral,0.55,,lexicon
14800,28,286,37449,battery,neutral,0.55,,lexicon
14801,28,286,37451,battery,neutral,0.55,,lexicon
14802,28,287,37454,price,neutral,0.55,,lexicon
14803,28,287,37457,price,positive,0.95,love,lexicon
14804,28,287,37458,performance,positive,0.927,amazing,lexicon
14805,28,288,37459,design,positive,0.95,excellent,lexicon
14806,28,288,37460,battery,positive,0.838,recommend,lexicon
14807,28,288,37461,battery,positive,0.95,good,lexicon
14808,28,289,37468,battery,neutral,0.55,,lexicon
14809,28,289,37468,camera,neutral,0.55,,lexicon
14810,28,290,37473,battery,positive,0.725,like,lexicon
14811,28,290,37474,battery,neutral,0.55,,lexicon
14812,28,290,37476,display,neutral,0.55,,lexicon
14813,28,290,37477,price,positive,0.95,amazing,lexicon
14814,28,291,37478,battery,positive,0.927,flawless,lexicon
14815,28,291,37479,battery,negative,0.788,great,lexicon
14816,28,291,37480,price,neutral,0.55,,lexicon
14817,28,292,37484,battery,positive,0.905,fantastic,lexicon
14818,28,292,37486,battery,neutral,0.55,,lexicon
14819,28,292,37487,battery,neutral,0.55,,lexicon
14820,28,292,37490,price,positive,0.95,reasonable,lexicon
14821,28,293,37494,display,positive,0.927,perfect,lexicon
14822,28,293,37496,battery,positive,0.847,good,lexicon
14823,28,293,37502,price,positive,0.95,good,lexicon
14824,28,296,37507,display,positive,0.792,liked,lexicon
14825,28,296,37508,display,neutral,0.55,,lexicon
14826,28,297,37518,price,neutral,0.393,disappointed,lexicon
14827,28,297,37521,battery,neutral,0.55,,lexicon
14828,28,297,37522,battery,positive,0.95,best,lexicon
14829,28,297,37525,battery,neutral,0.55,,lexicon
14830,28,297,37525,price,neutral,0.55,,lexicon
14831,28,297,37527,price,neutral,0.55,,lexicon
14832,28,297,37530,display,neutral,0.55,,lexicon
14833,28,297,37533,price,positive,0.68,cheap,lexicon
14834,28,297,37537,battery,neutral,0.55,,lexicon
14835,28,297,37539,battery,negative,0.838,bad,lexicon
14836,28,298,37542,battery,negative,0.749,disappointed,lexicon
14837,28,298,37543,battery,neutral,0.55,,lexicon
14838,28,298,37544,battery,positive,0.703,fine,lexicon
14839,28,298,37547,battery,negative,0.883,disappointed,lexicon
14840,28,299,37548,price,positive,0.95,excellent,lexicon
14841,28,302,37552,price,positive,0.95,best,lexicon
14842,28,302,37559,performance,neutral,0.55,,lexicon
14843,28,302,37561,design,neutral,0.55,,lexicon
14844,28,302,37565,battery,neutral,0.55,,lexicon
14845,28,302,37567,price,positive,0.838,affordable,lexicon
14846,28,302,37568,price,positive,0.898,affordable,lexicon
14847,28,302,37569,battery,positive,0.882,good,lexicon
14848,28,302,37570,battery,neutral,0.55,,lexicon
14849,28,303,37575,battery,neutral,0.55,,lexicon
14850,28,303,37576,battery,neutral,0.55,,lexicon
14851,28,303,37578,battery,neutral,0.55,,lexicon
14852,28,303,37579,battery,neutral,0.55,,lexicon
14853,28,303,37579,camera,neutral,0.55,,lexicon
14854,28,303,37582,battery,neutral,0.55,,lexicon
14855,28,303,37587,battery,neutral,0.55,,lexicon
14856,28,304,37593,battery,negative,0.95,horrible,lexicon
14857,28,304,37594,battery,positive,0.927,amazing,lexicon
14858,28,304,37597,battery,neutral,0.55,,lexicon
14859,28,304,37599,battery,negative,0.883,broken,lexicon
14860,28,304,37602,battery,neutral,0.55,,lexicon
14861,28,304,37603,battery,negative,0.883,broken,lexicon
14862,28,304,37605,performance,positive,0.95,perfect,lexicon
14863,28,305,37608,battery,neutral,0.471,excellent,lexicon
14864,28,305,37609,battery,positive,0.752,expensive,lexicon
14865,28,305,37609,price,positive,0.752,expensive,lexicon
14866,28,305,37610,price,positive,0.945,recommend,lexicon
14867,28,305,37611,display,positive,0.927,perfect,lexicon
14868,28,306,37613,battery,neutral,0.55,,lexicon
14869,28,306,37616,display,neutral,0.55,,lexicon
14870,28,306,37618,battery,neutral,0.55,,lexicon
14871,28,306,37618,display,neutral,0.55,,lexicon
14872,28,307,37621,battery,positive,0.927,superb,lexicon
14873,28,307,37624,battery,neutral,0.55,,lexicon
14874,28,307,37626,battery,positive,0.905,best,lexicon
14875,28,307,37627,battery,neutral,0.55,,lexicon
14876,28,307,37627,camera,neutral,0.55,,lexicon
14877,28,307,37628,battery,neutral,0.55,,lexicon
14878,28,307,37628,price,neutral,0.55,,lexicon
14879,28,307,37629,battery,neutral,0.393,beautiful,lexicon
14880,28,307,37630,battery,neutral,0.424,great,lexicon
14881,29,1283,37632,price,positive,0.86,great,lexicon
14882,29,1283,37637,battery,neutral,0.55,,lexicon
14883,29,1283,37638,battery,neutral,0.55,,lexicon
14884,29,1283,37639,price,positive,0.95,great,lexicon
14885,29,1283,37640,design,neutral,0.55,,lexicon
14886,29,1283,37641,price,positive,0.86,great,lexicon
14887,29,1284,37645,design,positive,0.95,good,lexicon
14888,29,1284,37646,price,positive,0.88,good,lexicon
14889,29,1284,37647,camera,neutral,0.55,,lexicon
14890,29,1284,37649,price,positive,0.95,happy,lexicon
14891,29,1285,37651,performance,positive,0.95,fast,lexicon
14892,29,1285,37651,price,positive,0.95,fast,lexicon
14893,29,1286,37661,display,neutral,0.55,,lexicon
14894,29,1286,37668,battery,neutral,0.55,,lexicon
14895,29,1286,37670,battery,neutral,0.55,,lexicon
14896,29,1287,37673,price,neutral,0.55,,lexicon
14897,29,1287,37676,price,positive,0.95,love,lexicon
14898,29,1287,37677,performance,positive,0.927,amazing,lexicon
14899,29,1288,37678,design,positive,0.95,excellent,lexicon
14900,29,1288,37679,battery,positive,0.838,recommend,lexicon
14901,29,1288,37680,battery,positive,0.95,good,lexicon
14902,29,1289,37687,battery,neutral,0.55,,lexicon
14903,29,1289,37687,camera,neutral,0.55,,lexicon
14904,29,1290,37692,battery,positive,0.725,like,lexicon
14905,29,1290,37693,battery,neutral,0.55,,lexicon
14906,29,1290,37695,display,neutral,0.55,,lexicon
14907,29,1290,37696,price,positive,0.95,amazing,lexicon
14908,29,1291,37697,battery,positive,0.927,flawless,lexicon
14909,29,1291,37698,battery,negative,0.788,great,lexicon
14910,29,1291,37699,price,neutral,0.55,,lexicon
14911,29,1292,37703,battery,positive,0.905,fantastic,lexicon
14912,29,1292,37705,battery,neutral,0.55,,lexicon
14913,29,1292,37706,battery,neutral,0.55,,lexicon
14914,29,1292,37709,price,positive,0.95,reasonable,lexicon
14915,29,1293,37713,display,positive,0.927,perfect,lexicon
14916,29,1293,37715,battery,positive,0.847,good,lexicon
14917,29,1293,37721,price,positive,0.95,good,lexicon
14918,29,1296,37726,display,positive,0.792,liked,lexicon
14919,29,1296,37727,display,neutral,0.55,,lexicon
14920,29,1297,37737,price,neutral,0.393,disappointed,lexicon
14921,29,1297,37740,battery,neutral,0.55,,lexicon
14922,29,1297,37741,battery,positive,0.95,best,lexicon
14923,29,1297,37744,battery,neutral,0.55,,lexicon
14924,29,1297,37744,price,neutral,0.55,,lexicon
14925,29,1297,37746,price,neutral,0.55,,lexicon
14926,29,1297,37749,display,neutral,0.55,,lexicon
14927,29,1297,37752,price,positive,0.68,cheap,lexicon
14928,29,1297,37756,battery,neutral,0.55,,lexicon
14929,29,1297,37758,battery,negative,0.838,bad,lexicon
14930,29,1298,37761,battery,negative,0.749,disappointed,lexicon
14931,29,1298,37762,battery,neutral,0.55,,lexicon
14932,29,1298,37763,battery,positive,0.703,fine,lexicon
14933,29,1298,37766,battery,negative,0.883,disappointed,lexicon
14934,29,1299,37767,price,positive,0.95,excellent,lexicon
14935,29,1302,37771,price,positive,0.95,best,lexicon
14936,29,1302,37778,performance,neutral,0.55,,lexicon
14937,29,1302,37780,design,neutral,0.55,,lexicon
14938,29,1302,37784,battery,neutral,0.55,,lexicon
14939,29,1302,37786,price,positive,0.838,affordable,lexicon
14940,29,1302,37787,price,positive,0.898,affordable,lexicon
14941,29,1302,37788,battery,positive,0.882,good,lexicon
14942,29,1302,37789,battery,neutral,0.55,,lexicon
14943,29,1303,37794,battery,neutral,0.55,,lexicon
14944,29,1303,37795,battery,neutral,0.55,,lexicon
14945,29,1303,37797,battery,neutral,0.55,,lexicon
14946,29,1303,37798,battery,neutral,0.55,,lexicon
14947,29,1303,37798,camera,neutral,0.55,,lexicon
14948,29,1303,37801,battery,neutral,0.55,,lexicon
14949,29,1303,37806,battery,neutral,0.55,,lexicon
14950,29,1304,37812,battery,negative,0.95,horrible,lexicon
14951,29,1304,37813,battery,positive,0.927,amazing,lexicon
14952,29,1304,37816,battery,neutral,0.55,,lexicon
14953,29,1304,37818,battery,negative,0.883,broken,lexicon
14954,29,1304,37821,battery,neutral,0.55,,lexicon
14955,29,1304,37822,battery,negative,0.883,broken,lexicon
14956,29,1304,37824,performance,positive,0.95,perfect,lexicon
14957,29,1305,37827,battery,neutral,0.471,excellent,lexicon
14958,29,1305,37828,battery,positive,0.752,expensive,lexicon
14959,29,1305,37828,price,positive,0.752,expensive,lexicon
14960,29,1305,37829,price,positive,0.945,recommend,lexicon
14961,29,1305,37830,display,positive,0.927,perfect,lexicon
14962,29,1306,37832,battery,neutral,0.55,,lexicon
14963,29,1306,37835,display,neutral,0.55,,lexicon
14964,29,1306,37837,battery,neutral,0.55,,lexicon
14965,29,1306,37837,display,neutral,0.55,,lexicon
14966,29,1307,37840,battery,positive,0.927,superb,lexicon
14967,29,1307,37843,battery,neutral,0.55,,lexicon
14968,29,1307,37845,battery,positive,0.905,best,lexicon
14969,29,1307,37846,battery,neutral,0.55,,lexicon
14970,29,1307,37846,camera,neutral,0.55,,lexicon
14971,29,1307,37847,battery,neutral,0.55,,lexicon
14972,29,1307,37847,price,neutral,0.55,,lexicon
14973,29,1307,37848,battery,neutral,0.393,beautiful,lexicon
14974,29,1307,37849,battery,neutral,0.424,great,lexicon
14975,30,1563,37851,price,positive,0.86,great,lexicon
14976,30,1563,37856,battery,neutral,0.55,,lexicon
14977,30,1563,37857,battery,neutral,0.55,,lexicon
14978,30,1563,37858,price,positive,0.95,great,lexicon
14979,30,1563,37859,design,neutral,0.55,,lexicon
14980,30,1563,37860,price,positive,0.86,great,lexicon
14981,30,1564,37864,design,positive,0.95,good,lexicon
14982,30,1564,37865,price,positive,0.88,good,lexicon
14983,30,1564,37866,camera,neutral,0.55,,lexicon
14984,30,1564,37868,price,positive,0.95,happy,lexicon
14985,30,1565,37870,performance,positive,0.95,fast,lexicon
14986,30,1565,37870,price,positive,0.95,fast,lexicon
14987,30,1566,37880,display,neutral,0.55,,lexicon
14988,30,1566,37887,battery,neutral,0.55,,lexicon
14989,30,1566,37889,battery,neutral,0.55,,lexicon
14990,30,1567,37892,price,neutral,0.55,,lexicon
14991,30,1567,37895,price,positive,0.95,love,lexicon
14992,30,1567,37896,performance,positive,0.927,amazing,lexicon
14993,30,1568,37897,design,positive,0.95,excellent,lexicon
14994,30,1568,37898,battery,positive,0.838,recommend,lexicon
14995,30,1568,37899,battery,positive,0.95,good,lexicon
14996,30,1569,37906,battery,neutral,0.55,,lexicon
14997,30,1569,37906,camera,neutral,0.55,,lexicon
14998,30,1570,37911,battery,positive,0.725,like,lexicon
14999,30,1570,37912,battery,neutral,0.55,,lexicon
15000,30,1570,37914,display,neutral,0.55,,lexicon
15001,30,1570,37915,price,positive,0.95,amazing,lexicon
15002,30,1571,37916,battery,positive,0.927,flawless,lexicon
15003,30,1571,37917,battery,negative,0.788,great,lexicon
15004,30,1571,37918,price,neutral,0.55,,lexicon
15005,30,1572,37922,battery,positive,0.905,fantastic,lexicon
15006,30,1572,37924,battery,neutral,0.55,,lexicon
15007,30,1572,37925,battery,neutral,0.55,,lexicon
15008,30,1572,37928,price,positive,0.95,reasonable,lexicon
15009,30,1573,37932,display,positive,0.927,perfect,lexicon
15010,30,1573,37934,battery,positive,0.847,good,lexicon
15011,30,1573,37940,price,positive,0.95,good,lexicon
15012,30,1576,37945,display,positive,0.792,liked,lexicon
15013,30,1576,37946,display,neutral,0.55,,lexicon
15014,30,1577,37956,price,neutral,0.393,disappointed,lexicon
15015,30,1577,37959,battery,neutral,0.55,,lexicon
15016,30,1577,37960,battery,positive,0.95,best,lexicon
15017,30,1577,37963,battery,neutral,0.55,,lexicon
15018,30,1577,37963,price,neutral,0.55,,lexicon
15019,30,1577,37965,price,neutral,0.55,,lexicon
15020,30,1577,37968,display,neutral,0.55,,lexicon
15021,30,1577,37971,price,positive,0.68,cheap,lexicon
15022,30,1577,37975,battery,neutral,0.55,,lexicon
15023,30,1577,37977,battery,negative,0.838,bad,lexicon
15024,31,1488,37987,battery,neutral,0.55,,lexicon
15025,31,1488,37988,battery,positive,0.898,good,lexicon
15026,31,1488,37989,design,neutral,0.55,,lexicon
15027,31,1488,37991,design,neutral,0.55,,lexicon
15028,31,1488,37995,display,neutral,0.55,,lexicon
15029,31,1488,37996,display,neutral,0.55,,lexicon
15030,31,1488,37998,battery,neutral,0.55,,lexicon
15031,31,1488,37999,battery,neutral,0.55,,lexicon
15032,31,1488,38000,battery,negative,0.77,problems,lexicon
15033,31,1488,38003,camera,positive,0.927,perfect,lexicon
15034,31,1489,38008,battery,negative,0.77,problem,lexicon
15035,31,1490,38010,performance,positive,0.95,powerful,lexicon
15036,31,1490,38010,design,positive,0.86,powerful,lexicon
15037,31,1490,38011,camera,positive,0.927,excellent,lexicon
15038,31,1490,38011,performance,positive,0.927,excellent,lexicon
15039,31,1490,38012,camera,neutral,0.55,,lexicon
15040,31,1490,38013,camera,positive,0.838,sharp,lexicon
15041,31,1490,38013,display,positive,0.838,sharp,lexicon
15042,31,1490,38014,camera,positive,0.883,smooth,lexicon
15043,31,1490,38014,display,positive,0.792,bright,lexicon
15044,31,1490,38014,performance,positive,0.95,smooth,lexicon
15045,31,1490,38015,performance,positive,0.95,fast,lexicon
15046,31,1490,38016,battery,neutral,0.55,,lexicon
15047,31,1490,38017,battery,positive,0.86,fast,lexicon
15048,31,1490,38017,performance,positive,0.86,fast,lexicon
15049,31,1490,38019,camera,positive,0.95,great,lexicon
15050,31,1490,38019,display,positive,0.95,great,lexicon
15051,31,1490,38019,performance,positive,0.95,great,lexicon
15052,31,1490,38020,price,positive,0.95,powerful,lexicon
15053,31,1491,38021,battery,negative,0.86,died,lexicon
15054,31,1491,38023,price,positive,0.95,fantastic,lexicon
15055,31,1494,38050,price,positive,0.815,worth,lexicon
15056,31,1495,38053,battery,positive,0.95,amazing,lexicon
15057,31,1495,38053,camera,positive,0.95,excellent,lexicon
15058,31,1495,38053,display,positive,0.95,excellent,lexicon
15059,31,1495,38053,design,positive,0.95,excellent,lexicon
15060,31,1496,38061,battery,neutral,0.55,,lexicon
15061,31,1496,38062,design,positive,0.909,premium,lexicon
15062,31,1496,38064,display,neutral,0.55,,lexicon
15063,31,1496,38065,display,neutral,0.55,,lexicon
15064,31,1496,38067,performance,positive,0.932,fast,lexicon
15065,31,1496,38068,camera,positive,0.95,bright,lexicon
15066,31,1496,38068,display,positive,0.95,bright,lexicon
15067,31,1496,38068,design,positive,0.95,bright,lexicon
15068,31,1496,38070,camera,positive,0.77,nice,lexicon
15069,31,1496,38071,camera,neutral,0.55,,lexicon
15070,31,1496,38074,camera,neutral,0.55,,lexicon
15071,31,1496,38077,battery,neutral,0.55,,lexicon
15072,31,1496,38079,price,neutral,0.55,,lexicon
15073,31,1501,38090,battery,neutral,0.55,,lexicon
15074,31,1501,38101,display,positive,0.725,like,lexicon
15075,31,1501,38101,design,positive,0.725,like,lexicon
15076,31,1501,38107,performance,positive,0.86,fast,lexicon
15077,31,1501,38110,price,positive,0.95,happy,lexicon
15078,32,2451,38118,battery,neutral,0.55,,lexicon
15079,32,2451,38119,battery,positive,0.898,good,lexicon
15080,32,2451,38120,design,neutral,0.55,,lexicon
15081,32,2451,38122,design,neutral,0.55,,lexicon
15082,32,2451,38126,display,neutral,0.55,,lexicon
15083,32,2451,38127,display,neutral,0.55,,lexicon
15084,32,2451,38129,battery,neutral,0.55,,lexicon
15085,32,2451,38130,battery,neutral,0.55,,lexicon
15086,32,2451,38131,battery,negative,0.77,problems,lexicon
15087,32,2451,38134,camera,positive,0.927,perfect,lexicon
15088,32,2452,38139,battery,negative,0.77,problem,lexicon
15089,32,2453,38141,performance,positive,0.95,powerful,lexicon
15090,32,2453,38141,design,positive,0.86,powerful,lexicon
15091,32,2453,38142,camera,positive,0.927,excellent,lexicon
15092,32,2453,38142,performance,positive,0.927,excellent,lexicon
15093,32,2453,38143,camera,neutral,0.55,,lexicon
15094,32,2453,38144,camera,positive,0.838,sharp,lexicon
15095,32,2453,38144,display,positive,0.838,sharp,lexicon
15096,32,2453,38145,camera,positive,0.883,smooth,lexicon
15097,32,2453,38145,display,positive,0.792,bright,lexicon
15098,32,2453,38145,performance,positive,0.95,smooth,lexicon
15099,32,2453,38146,performance,positive,0.95,fast,lexicon
15100,32,2453,38147,battery,neutral,0.55,,lexicon
15101,32,2453,38148,battery,positive,0.86,fast,lexicon
15102,32,2453,38148,performance,positive,0.86,fast,lexicon
15103,32,2453,38150,camera,positive,0.95,great,lexicon
15104,32,2453,38150,display,positive,0.95,great,lexicon
15105,32,2453,38150,performance,positive,0.95,great,lexicon
15106,32,2453,38151,price,positive,0.95,powerful,lexicon
15107,32,2454,38152,battery,negative,0.86,died,lexicon
15108,32,2454,38154,price,positive,0.95,fantastic,lexicon
15109,32,2457,38181,price,positive,0.815,worth,lexicon
15110,32,2458,38184,battery,positive,0.95,amazing,lexicon
15111,32,2458,38184,camera,positive,0.95,excellent,lexicon
15112,32,2458,38184,display,positive,0.95,excellent,lexicon
15113,32,2458,38184,design,positive,0.95,excellent,lexicon
15114,32,2459,38192,battery,neutral,0.55,,lexicon
15115,32,2459,38193,design,positive,0.909,premium,lexicon
15116,32,2459,38195,display,neutral,0.55,,lexicon
15117,32,2459,38196,display,neutral,0.55,,lexicon
15118,32,2459,38198,performance,positive,0.932,fast,lexicon
15119,32,2459,38199,camera,positive,0.95,bright,lexicon
15120,32,2459,38199,display,positive,0.95,bright,lexicon
15121,32,2459,38199,design,positive,0.95,bright,lexicon
15122,32,2459,38201,camera,positive,0.77,nice,lexicon
15123,32,2459,38202,camera,neutral,0.55,,lexicon
15124,32,2459,38205,camera,neutral,0.55,,lexicon
15125,32,2459,38208,battery,neutral,0.55,,lexicon
15126,32,2459,38210,price,neutral,0.55,,lexicon
15127,32,2464,38221,battery,neutral,0.55,,lexicon
15128,32,2464,38232,display,positive,0.725,like,lexicon
15129,32,2464,38232,design,positive,0.725,like,lexicon
15130,32,2464,38238,performance,positive,0.86,fast,lexicon
15131,32,2464,38241,price,positive,0.95,happy,lexicon
15132,32,2466,38242,price,positive,0.95,budget friendly,lexicon
15133,32,2466,38245,battery,neutral,0.55,,lexicon
15134,32,2466,38246,battery,neutral,0.55,,lexicon
15135,32,2466,38249,camera,positive,0.927,outstanding,lexicon
15136,32,2466,38249,performance,positive,0.927,outstanding,lexicon
15137,32,2466,38249,design,positive,0.927,outstanding,lexicon
15138,32,2466,38250,display,positive,0.95,amazing,lexicon
15139,32,2466,38251,price,positive,0.95,affordable,lexicon
15140,32,2466,38253,display,neutral,0.55,,lexicon
15141,32,2466,38257,battery,positive,0.914,good,lexicon
15142,32,2466,38257,camera,positive,0.95,budget friendly,lexicon
15143,32,2466,38257,price,positive,0.945,budget friendly,lexicon
15144,32,2466,38258,design,neutral,0.55,,lexicon
15145,32,2467,38261,price,positive,0.95,great,lexicon
15146,32,2467,38262,camera,positive,0.703,fine,lexicon
15147,32,2467,38264,display,neutral,0.55,,lexicon
15148,32,2468,38266,design,positive,0.905,fantastic,lexicon
15149,32,2468,38267,battery,positive,0.95,great,lexicon
15150,32,2468,38267,camera,positive,0.95,great,lexicon
15151,32,2468,38267,performance,positive,0.95,great,lexicon
15152,32,2468,38269,battery,neutral,0.55,,lexicon
15153,32,2468,38269,camera,neutral,0.55,,lexicon
15154,32,2468,38269,performance,neutral,0.55,,lexicon
15155,32,2468,38270,battery,neutral,0.55,,lexicon
15156,32,2468,38271,battery,positive,0.927,perfect,lexicon
15157,32,2468,38271,design,positive,0.927,perfect,lexicon
15158,32,2468,38273,camera,positive,0.905,fantastic,lexicon
15159,32,2468,38276,battery,positive,0.792,good,lexicon
15160,32,2468,38277,camera,positive,0.883,love,lexicon
15161,32,2468,38277,display,positive,0.95,best,lexicon
15162,32,2468,38278,battery,positive,0.905,best,lexicon
15163,32,2468,38278,camera,positive,0.905,best,lexicon
15164,32,2468,38278,performance,positive,0.905,best,lexicon
15165,32,2468,38283,battery,positive,0.815,faster,lexicon
15166,32,2469,38287,battery,positive,0.792,good,lexicon
15167,32,2470,38290,display,positive,0.792,good,lexicon
15168,32,2470,38291,price,positive,0.895,quick,lexicon
15169,32,2470,38292,display,positive,0.788,poor,lexicon
15170,32,2471,38302,battery,neutral,0.424,fast,lexicon
15171,32,2471,38302,performance,neutral,0.424,fast,lexicon
15172,32,2471,38303,battery,neutral,0.55,,lexicon
15173,32,2472,38314,camera,positive,0.95,love,lexicon
15174,32,2472,38314,performance,positive,0.883,smooth,lexicon
15175,32,2472,38316,display,neutral,0.55,,lexicon
15176,32,2472,38317,performance,positive,0.86,fast,lexicon
15177,32,2473,38318,battery,neutral,0.55,,lexicon
15178,32,2473,38318,display,neutral,0.55,,lexicon
15179,32,2474,38319,battery,positive,0.595,great,lexicon
15180,32,2474,38320,battery,positive,0.927,flawless,lexicon
15181,32,2475,38324,performance,positive,0.95,great,lexicon
15182,33,2577,38333,battery,neutral,0.55,,lexicon
15183,33,2577,38334,battery,positive,0.898,good,lexicon
15184,33,2577,38335,design,neutral,0.55,,lexicon
15185,33,2577,38337,design,neutral,0.55,,lexicon
15186,33,2577,38341,display,neutral,0.55,,lexicon
15187,33,2577,38342,display,neutral,0.55,,lexicon
15188,33,2577,38344,battery,neutral,0.55,,lexicon
15189,33,2577,38345,battery,neutral,0.55,,lexicon
15190,33,2577,38346,battery,negative,0.77,problems,lexicon
15191,33,2577,38349,camera,positive,0.927,perfect,lexicon
15192,33,2578,38354,battery,negative,0.77,problem,lexicon
15193,33,2579,38356,performance,positive,0.95,powerful,lexicon
15194,33,2579,38356,design,positive,0.86,powerful,lexicon
15195,33,2579,38357,camera,positive,0.927,excellent,lexicon
15196,33,2579,38357,performance,positive,0.927,excellent,lexicon
15197,33,2579,38358,camera,neutral,0.55,,lexicon
15198,33,2579,38359,camera,positive,0.838,sharp,lexicon
15199,33,2579,38359,display,positive,0.838,sharp,lexicon
15200,33,2579,38360,camera,positive,0.883,smooth,lexicon
15201,33,2579,38360,display,positive,0.792,bright,lexicon
15202,33,2579,38360,performance,positive,0.95,smooth,lexicon
15203,33,2579,38361,performance,positive,0.95,fast,lexicon
15204,33,2579,38362,battery,neutral,0.55,,lexicon
15205,33,2579,38363,battery,positive,0.86,fast,lexicon
15206,33,2579,38363,performance,positive,0.86,fast,lexicon
15207,33,2579,38365,camera,positive,0.95,great,lexicon
15208,33,2579,38365,display,positive,0.95,great,lexicon
15209,33,2579,38365,performance,positive,0.95,great,lexicon
15210,33,2579,38366,price,positive,0.95,powerful,lexicon
15211,33,2580,38367,battery,negative,0.86,died,lexicon
15212,33,2580,38369,price,positive,0.95,fantastic,lexicon
15213,33,2583,38396,price,positive,0.815,worth,lexicon
15214,33,2584,38399,battery,positive,0.95,amazing,lexicon
15215,33,2584,38399,camera,positive,0.95,excellent,lexicon
15216,33,2584,38399,display,positive,0.95,excellent,lexicon
15217,33,2584,38399,design,positive,0.95,excellent,lexicon
15218,33,2585,38407,battery,neutral,0.55,,lexicon
15219,33,2585,38408,design,positive,0.909,premium,lexicon
15220,33,2585,38410,display,neutral,0.55,,lexicon
15221,33,2585,38411,display,neutral,0.55,,lexicon
15222,33,2585,38413,performance,positive,0.932,fast,lexicon
15223,33,2585,38414,camera,positive,0.95,bright,lexicon
15224,33,2585,38414,display,positive,0.95,bright,lexicon
15225,33,2585,38414,design,positive,0.95,bright,lexicon
15226,33,2585,38416,camera,positive,0.77,nice,lexicon
15227,33,2585,38417,camera,neutral,0.55,,lexicon
15228,33,2585,38420,camera,neutral,0.55,,lexicon
15229,33,2585,38423,battery,neutral,0.55,,lexicon
15230,33,2585,38425,price,neutral,0.55,,lexicon
15231,33,2590,38436,battery,neutral,0.55,,lexicon
15232,33,2590,38447,display,positive,0.725,like,lexicon
15233,33,2590,38447,design,positive,0.725,like,lexicon
15234,33,2590,38453,performance,positive,0.86,fast,lexicon
15235,33,2590,38456,price,positive,0.95,happy,lexicon
15236,33,2592,38457,price,positive,0.95,budget friendly,lexicon
15237,33,2592,38460,battery,neutral,0.55,,lexicon
15238,33,2592,38461,battery,neutral,0.55,,lexicon
15239,33,2592,38464,camera,positive,0.927,outstanding,lexicon
15240,33,2592,38464,performance,positive,0.927,outstanding,lexicon
15241,33,2592,38464,design,positive,0.927,outstanding,lexicon
15242,33,2592,38465,display,positive,0.95,amazing,lexicon
15243,33,2592,38466,price,positive,0.95,affordable,lexicon
15244,33,2592,38468,display,neutral,0.55,,lexicon
15245,33,2592,38472,battery,positive,0.914,good,lexicon
15246,33,2592,38472,camera,positive,0.95,budget friendly,lexicon
15247,33,2592,38472,price,positive,0.945,budget friendly,lexicon
15248,33,2592,38473,design,neutral,0.55,,lexicon
15249,33,2593,38476,price,positive,0.95,great,lexicon
15250,33,2593,38477,camera,positive,0.703,fine,lexicon
15251,33,2593,38479,display,neutral,0.55,,lexicon
15252,33,2594,38481,design,positive,0.905,fantastic,lexicon
15253,33,2594,38482,battery,positive,0.95,great,lexicon
15254,33,2594,38482,camera,positive,0.95,great,lexicon
15255,33,2594,38482,performance,positive,0.95,great,lexicon
15256,33,2594,38484,battery,neutral,0.55,,lexicon
15257,33,2594,38484,camera,neutral,0.55,,lexicon
15258,33,2594,38484,performance,neutral,0.55,,lexicon
15259,33,2594,38485,battery,neutral,0.55,,lexicon
15260,33,2594,38486,battery,positive,0.927,perfect,lexicon
15261,33,2594,38486,design,positive,0.927,perfect,lexicon
15262,33,2594,38488,camera,positive,0.905,fantastic,lexicon
15263,33,2594,38491,battery,positive,0.792,good,lexicon
15264,33,2594,38492,camera,positive,0.883,love,lexicon
15265,33,2594,38492,display,positive,0.95,best,lexicon
15266,33,2594,38493,battery,positive,0.905,best,lexicon
15267,33,2594,38493,camera,positive,0.905,best,lexicon
15268,33,2594,38493,performance,positive,0.905,best,lexicon
15269,33,2594,38498,battery,positive,0.815,faster,lexicon
15270,33,2595,38502,battery,positive,0.792,good,lexicon
15271,33,2596,38505,display,positive,0.792,good,lexicon
15272,33,2596,38506,price,positive,0.895,quick,lexicon
15273,33,2596,38507,display,positive,0.788,poor,lexicon
15274,33,2597,38517,battery,neutral,0.424,fast,lexicon
15275,33,2597,38517,performance,neutral,0.424,fast,lexicon
15276,33,2597,38518,battery,neutral,0.55,,lexicon
15277,33,2598,38529,camera,positive,0.95,love,lexicon
15278,33,2598,38529,performance,positive,0.883,smooth,lexicon
15279,33,2598,38531,display,neutral,0.55,,lexicon
15280,33,2598,38532,performance,positive,0.86,fast,lexicon
15281,33,2599,38533,battery,neutral,0.55,,lexicon
15282,33,2599,38533,display,neutral,0.55,,lexicon
15283,33,2600,38534,battery,positive,0.595,great,lexicon
15284,33,2600,38535,battery,positive,0.927,flawless,lexicon
15285,33,2601,38539,performance,positive,0.95,great,lexicon
15286,34,134,38541,battery,positive,0.927,amazing,lexicon
15287,34,134,38543,battery,positive,0.95,amazing,lexicon
15288,34,134,38545,camera,positive,0.725,like,lexicon
15289,34,134,38545,display,positive,0.725,like,lexicon
15290,34,135,38551,display,neutral,0.55,,lexicon
15291,34,135,38553,camera,positive,0.792,good,lexicon
15292,34,135,38559,camera,neutral,0.55,,lexicon
15293,34,135,38561,battery,neutral,0.55,,lexicon
15294,34,135,38561,performance,neutral,0.55,,lexicon
15295,34,135,38562,battery,negative,0.788,great,lexicon
15296,34,135,38563,battery,neutral,0.55,,lexicon
15297,34,135,38564,battery,neutral,0.55,,lexicon
15298,34,136,38569,battery,negative,0.95,worst,lexicon
15299,34,136,38569,camera,negative,0.85,issues,lexicon
15300,34,136,38571,price,neutral,0.55,,lexicon
15301,34,136,38573,battery,negative,0.86,died,lexicon
15302,34,136,38576,performance,positive,0.86,responsive,lexicon
15303,34,136,38577,price,negative,0.644,cheap,lexicon
15304,34,136,38583,display,neutral,0.55,,lexicon
15305,34,136,38584,display,neutral,0.55,,lexicon
15306,34,136,38585,display,neutral,0.55,,lexicon
15307,34,136,38586,design,positive,0.792,good,lexicon
15308,34,136,38588,camera,negative,0.95,slow,lexicon
15309,34,136,38588,performance,negative,0.95,slow,lexicon
15310,34,136,38589,camera,neutral,0.55,,lexicon
15311,34,136,38596,battery,negative,0.68,like,lexicon
15312,34,136,38601,price,negative,0.77,problem,lexicon
15313,34,136,38603,camera,neutral,0.55,,lexicon
15314,34,136,38606,camera,positive,0.793,problem,lexicon
15315,34,136,38607,design,positive,0.95,excellent,lexicon
15316,34,136,38608,design,positive,0.95,happy,lexicon
15317,34,136,38609,camera,negative,0.748,issues,lexicon
15318,34,136,38610,camera,neutral,0.55,,lexicon
15319,34,136,38611,battery,negative,0.86,died,lexicon
15320,34,137,38616,display,negative,0.851,happy,lexicon
15321,34,137,38617,performance,positive,0.86,fast,lexicon
15322,34,137,38619,battery,positive,0.725,like,lexicon
15323,34,137,38619,display,positive,0.725,like,lexicon
15324,34,137,38620,battery,positive,0.914,good,lexicon
15325,34,137,38620,price,positive,0.792,good,lexicon
15326,34,138,38626,battery,negative,0.603,bad,lexicon
15327,34,138,38628,battery,neutral,0.55,,lexicon
15328,34,138,38629,battery,positive,0.725,like,lexicon
15329,34,138,38630,battery,negative,0.927,horrible,lexicon
15330,34,138,38634,display,negative,0.86,cracked,lexicon
15331,34,138,38635,display,neutral,0.55,,lexicon
15332,34,139,38640,battery,neutral,0.55,,lexicon
15333,34,140,38647,display,neutral,0.55,,lexicon
15334,34,140,38648,performance,negative,0.905,overheating,lexicon
15335,34,140,38649,battery,negative,0.788,great,lexicon
15336,34,141,38652,design,positive,0.86,great,lexicon
15337,34,144,38658,battery,positive,0.792,good,lexicon
15338,34,144,38659,battery,neutral,0.55,,lexicon
15339,34,144,38660,display,positive,0.927,perfect,lexicon
15340,34,144,38662,battery,positive,0.815,pleased,lexicon
15341,34,144,38664,camera,positive,0.927,amazing,lexicon
15342,34,144,38665,camera,neutral,0.55,,lexicon
15343,34,144,38666,camera,neutral,0.55,,lexicon
15344,34,144,38667,battery,negative,0.882,frustrating,lexicon
15345,34,144,38668,price,positive,0.792,good,lexicon
15346,34,148,38670,display,neutral,0.55,,lexicon
15347,34,148,38675,display,positive,0.95,amazing,lexicon
15348,34,148,38676,price,positive,0.95,amazing,lexicon
15349,34,148,38677,price,positive,0.79,awesome,lexicon
15350,34,149,38679,battery,neutral,0.55,,lexicon
15351,34,149,38680,design,positive,0.927,amazing,lexicon
15352,34,149,38682,battery,neutral,0.55,,lexicon
15353,34,150,38684,battery,positive,0.725,like,lexicon
15354,34,150,38684,display,positive,0.725,like,lexicon
15355,34,150,38685,battery,neutral,0.55,,lexicon
15356,34,150,38685,price,negative,0.905,not worth,lexicon
15357,34,151,38686,camera,neutral,0.55,,lexicon
15358,34,151,38688,camera,positive,0.703,fine,lexicon
15359,34,151,38689,camera,neutral,0.55,,lexicon
15360,34,151,38690,camera,positive,0.748,better,lexicon
15361,34,151,38692,camera,neutral,0.55,,lexicon
15362,34,151,38692,display,neutral,0.55,,lexicon
15363,34,151,38693,camera,neutral,0.55,,lexicon
15364,34,151,38694,camera,neutral,0.55,,lexicon
15365,34,151,38695,camera,neutral,0.55,,lexicon
15366,34,151,38697,camera,neutral,0.55,,lexicon
15367,34,151,38697,display,neutral,0.55,,lexicon
15368,34,151,38700,price,neutral,0.55,,lexicon
15369,34,152,38702,battery,negative,0.86,slow,lexicon
15370,34,152,38702,performance,negative,0.86,slow,lexicon
15371,34,153,38703,price,positive,0.86,great,lexicon
15372,34,154,38707,display,positive,0.95,perfect,lexicon
15373,34,156,38712,design,negative,0.788,great,lexicon
15374,34,156,38713,battery,positive,0.95,durable,lexicon
15375,34,156,38714,battery,positive,0.95,fast,lexicon
15376,34,156,38714,display,positive,0.95,excellent,lexicon
15377,34,156,38714,performance,positive,0.95,fast,lexicon
15378,34,156,38714,design,positive,0.95,great,lexicon
15379,34,156,38714,price,positive,0.86,great,lexicon
15380,34,157,38717,price,positive,0.86,durable,lexicon
15381,34,157,38720,design,positive,0.883,love,lexicon
15382,34,157,38721,design,positive,0.866,good,lexicon
15383,34,157,38723,performance,positive,0.95,smooth,lexicon
15384,34,157,38723,battery,neutral,0.55,,lexicon
15385,34,157,38724,battery,negative,0.748,issues,lexicon
15386,34,157,38725,battery,negative,0.748,issue,lexicon
15387,34,158,38726,price,positive,0.86,great,lexicon
15388,34,158,38729,display,neutral,0.55,,lexicon
15389,34,158,38730,camera,positive,0.698,issues,lexicon
15390,34,158,38731,battery,neutral,0.55,,lexicon
15391,34,158,38734,battery,negative,0.914,drain,lexicon
15392,34,158,38735,battery,positive,0.895,fast,lexicon
15393,34,158,38735,performance,positive,0.895,fast,lexicon
15394,34,158,38736,battery,neutral,0.55,,lexicon
15395,35,333,38739,battery,positive,0.927,amazing,lexicon
15396,35,333,38741,battery,positive,0.95,amazing,lexicon
15397,35,333,38743,camera,positive,0.725,like,lexicon
15398,35,333,38743,display,positive,0.725,like,lexicon
15399,35,334,38749,display,neutral,0.55,,lexicon
15400,35,334,38751,camera,positive,0.792,good,lexicon
15401,35,334,38757,camera,neutral,0.55,,lexicon
15402,35,334,38759,battery,neutral,0.55,,lexicon
15403,35,334,38759,performance,neutral,0.55,,lexicon
15404,35,334,38760,battery,negative,0.788,great,lexicon
15405,35,334,38761,battery,neutral,0.55,,lexicon
15406,35,334,38762,battery,neutral,0.55,,lexicon
15407,35,335,38767,battery,negative,0.95,worst,lexicon
15408,35,335,38767,camera,negative,0.85,issues,lexicon
15409,35,335,38769,price,neutral,0.55,,lexicon
15410,35,335,38771,battery,negative,0.86,died,lexicon
15411,35,335,38774,performance,positive,0.86,responsive,lexicon
15412,35,335,38775,price,negative,0.644,cheap,lexicon
15413,35,335,38781,display,neutral,0.55,,lexicon
15414,35,335,38782,display,neutral,0.55,,lexicon
15415,35,335,38783,display,neutral,0.55,,lexicon
15416,35,335,38784,design,positive,0.792,good,lexicon
15417,35,335,38786,camera,negative,0.95,slow,lexicon
15418,35,335,38786,performance,negative,0.95,slow,lexicon
15419,35,335,38787,camera,neutral,0.55,,lexicon
15420,35,335,38794,battery,negative,0.68,like,lexicon
15421,35,335,38799,price,negative,0.77,problem,lexicon
15422,35,335,38801,camera,neutral,0.55,,lexicon
15423,35,335,38804,camera,positive,0.793,problem,lexicon
15424,35,335,38805,design,positive,0.95,excellent,lexicon
15425,35,335,38806,design,positive,0.95,happy,lexicon
15426,35,335,38807,camera,negative,0.748,issues,lexicon
15427,35,335,38808,camera,neutral,0.55,,lexicon
15428,35,335,38809,battery,negative,0.86,died,lexicon
15429,35,336,38814,display,negative,0.851,happy,lexicon
15430,35,336,38815,performance,positive,0.86,fast,lexicon
15431,35,336,38817,battery,positive,0.725,like,lexicon
15432,35,336,38817,display,positive,0.725,like,lexicon
15433,35,336,38818,battery,positive,0.914,good,lexicon
15434,35,336,38818,price,positive,0.792,good,lexicon
15435,35,337,38824,battery,negative,0.603,bad,lexicon
15436,35,337,38826,battery,neutral,0.55,,lexicon
15437,35,337,38827,battery,positive,0.725,like,lexicon
15438,35,337,38828,battery,negative,0.927,horrible,lexicon
15439,35,337,38832,display,negative,0.86,cracked,lexicon
15440,35,337,38833,display,neutral,0.55,,lexicon
15441,35,338,38838,battery,neutral,0.55,,lexicon
15442,35,339,38845,display,neutral,0.55,,lexicon
15443,35,339,38846,performance,negative,0.905,overheating,lexicon
15444,35,339,38847,battery,negative,0.788,great,lexicon
15445,35,340,38850,design,positive,0.86,great,lexicon
15446,35,343,38856,battery,positive,0.792,good,lexicon
15447,35,343,38857,battery,neutral,0.55,,lexicon
15448,35,343,38858,display,positive,0.927,perfect,lexicon
15449,35,343,38860,battery,positive,0.815,pleased,lexicon
15450,35,343,38862,camera,positive,0.927,amazing,lexicon
15451,35,343,38863,camera,neutral,0.55,,lexicon
15452,35,343,38864,camera,neutral,0.55,,lexicon
15453,35,343,38865,battery,negative,0.882,frustrating,lexicon
15454,35,343,38866,price,positive,0.792,good,lexicon
15455,35,347,38868,display,neutral,0.55,,lexicon
15456,35,347,38873,display,positive,0.95,amazing,lexicon
15457,35,347,38874,price,positive,0.95,amazing,lexicon
15458,35,347,38875,price,positive,0.79,awesome,lexicon
15459,35,348,38877,battery,neutral,0.55,,lexicon
15460,35,348,38878,design,positive,0.927,amazing,lexicon
15461,35,348,38880,battery,neutral,0.55,,lexicon
15462,35,349,38882,battery,positive,0.725,like,lexicon
15463,35,349,38882,display,positive,0.725,like,lexicon
15464,35,349,38883,battery,neutral,0.55,,lexicon
15465,35,349,38883,price,negative,0.905,not worth,lexicon
15466,35,350,38884,camera,neutral,0.55,,lexicon
15467,35,350,38886,camera,positive,0.703,fine,lexicon
15468,35,350,38887,camera,neutral,0.55,,lexicon
15469,35,350,38888,camera,positive,0.748,better,lexicon
15470,35,350,38890,camera,neutral,0.55,,lexicon
15471,35,350,38890,display,neutral,0.55,,lexicon
15472,35,350,38891,camera,neutral,0.55,,lexicon
15473,35,350,38892,camera,neutral,0.55,,lexicon
15474,35,350,38893,camera,neutral,0.55,,lexicon
15475,35,350,38895,camera,neutral,0.55,,lexicon
15476,35,350,38895,display,neutral,0.55,,lexicon
15477,35,350,38898,price,neutral,0.55,,lexicon
15478,35,351,38900,battery,negative,0.86,slow,lexicon
15479,35,351,38900,performance,negative,0.86,slow,lexicon
15480,35,352,38901,price,positive,0.86,great,lexicon
15481,35,353,38905,display,positive,0.95,perfect,lexicon
15482,35,355,38910,design,negative,0.788,great,lexicon
15483,35,355,38911,battery,positive,0.95,durable,lexicon
15484,35,355,38912,battery,positive,0.95,fast,lexicon
15485,35,355,38912,display,positive,0.95,excellent,lexicon
15486,35,355,38912,performance,positive,0.95,fast,lexicon
15487,35,355,38912,design,positive,0.95,great,lexicon
15488,35,355,38912,price,positive,0.86,great,lexicon
15489,35,356,38915,price,positive,0.86,durable,lexicon
15490,35,356,38918,design,positive,0.883,love,lexicon
15491,35,356,38919,design,positive,0.866,good,lexicon
15492,35,356,38921,performance,positive,0.95,smooth,lexicon
15493,35,356,38921,battery,neutral,0.55,,lexicon
15494,35,356,38922,battery,negative,0.748,issues,lexicon
15495,35,356,38923,battery,negative,0.748,issue,lexicon
15496,35,357,38924,price,positive,0.86,great,lexicon
15497,35,357,38927,display,neutral,0.55,,lexicon
15498,35,357,38928,camera,positive,0.698,issues,lexicon
15499,35,357,38929,battery,neutral,0.55,,lexicon
15500,35,357,38932,battery,negative,0.914,drain,lexicon
15501,35,357,38933,battery,positive,0.895,fast,lexicon
15502,35,357,38933,performance,positive,0.895,fast,lexicon
15503,35,357,38934,battery,neutral,0.55,,lexicon
15504,36,1653,38937,battery,positive,0.927,amazing,lexicon
15505,36,1653,38939,battery,positive,0.95,amazing,lexicon
15506,36,1653,38941,camera,positive,0.725,like,lexicon
15507,36,1653,38941,display,positive,0.725,like,lexicon
15508,36,1654,38947,display,neutral,0.55,,lexicon
15509,36,1654,38949,camera,positive,0.792,good,lexicon
15510,36,1654,38955,camera,neutral,0.55,,lexicon
15511,36,1654,38957,battery,neutral,0.55,,lexicon
15512,36,1654,38957,performance,neutral,0.55,,lexicon
15513,36,1654,38958,battery,negative,0.788,great,lexicon
15514,36,1654,38959,battery,neutral,0.55,,lexicon
15515,36,1654,38960,battery,neutral,0.55,,lexicon
15516,36,1655,38965,battery,negative,0.95,worst,lexicon
15517,36,1655,38965,camera,negative,0.85,issues,lexicon
15518,36,1655,38967,price,neutral,0.55,,lexicon
15519,36,1655,38969,battery,negative,0.86,died,lexicon
15520,36,1655,38972,performance,positive,0.86,responsive,lexicon
15521,36,1655,38973,price,negative,0.644,cheap,lexicon
15522,36,1655,38979,display,neutral,0.55,,lexicon
15523,36,1655,38980,display,neutral,0.55,,lexicon
15524,36,1655,38981,display,neutral,0.55,,lexicon
15525,36,1655,38982,design,positive,0.792,good,lexicon
15526,36,1655,38984,camera,negative,0.95,slow,lexicon
15527,36,1655,38984,performance,negative,0.95,slow,lexicon
15528,36,1655,38985,camera,neutral,0.55,,lexicon
15529,36,1655,38992,battery,negative,0.68,like,lexicon
15530,36,1655,38997,price,negative,0.77,problem,lexicon
15531,36,1655,38999,camera,neutral,0.55,,lexicon
15532,36,1655,39002,camera,positive,0.793,problem,lexicon
15533,36,1655,39003,design,positive,0.95,excellent,lexicon
15534,36,1655,39004,design,positive,0.95,happy,lexicon
15535,36,1655,39005,camera,negative,0.748,issues,lexicon
15536,36,1655,39006,camera,neutral,0.55,,lexicon
15537,36,1655,39007,battery,negative,0.86,died,lexicon
15538,36,1656,39012,display,negative,0.851,happy,lexicon
15539,36,1656,39013,performance,positive,0.86,fast,lexicon
15540,36,1656,39015,battery,positive,0.725,like,lexicon
15541,36,1656,39015,display,positive,0.725,like,lexicon
15542,36,1656,39016,battery,positive,0.914,good,lexicon
15543,36,1656,39016,price,positive,0.792,good,lexicon
15544,36,1657,39022,battery,negative,0.603,bad,lexicon
15545,36,1657,39024,battery,neutral,0.55,,lexicon
15546,36,1657,39025,battery,positive,0.725,like,lexicon
15547,36,1657,39026,battery,negative,0.927,horrible,lexicon
15548,36,1657,39030,display,negative,0.86,cracked,lexicon
15549,36,1657,39031,display,neutral,0.55,,lexicon
15550,36,1658,39036,battery,neutral,0.55,,lexicon
15551,36,1659,39043,display,neutral,0.55,,lexicon
15552,36,1659,39044,performance,negative,0.905,overheating,lexicon
15553,36,1659,39045,battery,negative,0.788,great,lexicon
15554,36,1660,39048,design,positive,0.86,great,lexicon
15555,36,1663,39054,battery,positive,0.792,good,lexicon
15556,36,1663,39055,battery,neutral,0.55,,lexicon
15557,36,1663,39056,display,positive,0.927,perfect,lexicon
15558,36,1663,39058,battery,positive,0.815,pleased,lexicon
15559,36,1663,39060,camera,positive,0.927,amazing,lexicon
15560,36,1663,39061,camera,neutral,0.55,,lexicon
15561,36,1663,39062,camera,neutral,0.55,,lexicon
15562,36,1663,39063,battery,negative,0.882,frustrating,lexicon
15563,36,1663,39064,price,positive,0.792,good,lexicon
15564,36,1667,39066,display,neutral,0.55,,lexicon
15565,36,1667,39071,display,positive,0.95,amazing,lexicon
15566,36,1667,39072,price,positive,0.95,amazing,lexicon
15567,36,1667,39073,price,positive,0.79,awesome,lexicon
15568,36,1668,39075,battery,neutral,0.55,,lexicon
15569,36,1668,39076,design,positive,0.927,amazing,lexicon
15570,36,1668,39078,battery,neutral,0.55,,lexicon
15571,36,1669,39080,battery,positive,0.725,like,lexicon
15572,36,1669,39080,display,positive,0.725,like,lexicon
15573,36,1669,39081,battery,neutral,0.55,,lexicon
15574,36,1669,39081,price,negative,0.905,not worth,lexicon
15575,36,1670,39082,camera,neutral,0.55,,lexicon
15576,36,1670,39084,camera,positive,0.703,fine,lexicon
15577,36,1670,39085,camera,neutral,0.55,,lexicon
15578,36,1670,39086,camera,positive,0.748,better,lexicon
15579,36,1670,39088,camera,neutral,0.55,,lexicon
15580,36,1670,39088,display,neutral,0.55,,lexicon
15581,36,1670,39089,camera,neutral,0.55,,lexicon
15582,36,1670,39090,camera,neutral,0.55,,lexicon
15583,36,1670,39091,camera,neutral,0.55,,lexicon
15584,36,1670,39093,camera,neutral,0.55,,lexicon
15585,36,1670,39093,display,neutral,0.55,,lexicon
15586,36,1670,39096,price,neutral,0.55,,lexicon
15587,36,1671,39098,battery,negative,0.86,slow,lexicon
15588,36,1671,39098,performance,negative,0.86,slow,lexicon
15589,36,1672,39099,price,positive,0.86,great,lexicon
15590,36,1673,39103,display,positive,0.95,perfect,lexicon
15591,36,1675,39108,design,negative,0.788,great,lexicon
15592,36,1675,39109,battery,positive,0.95,durable,lexicon
15593,36,1675,39110,battery,positive,0.95,fast,lexicon
15594,36,1675,39110,display,positive,0.95,excellent,lexicon
15595,36,1675,39110,performance,positive,0.95,fast,lexicon
15596,36,1675,39110,design,positive,0.95,great,lexicon
15597,36,1675,39110,price,positive,0.86,great,lexicon
15598,36,1676,39113,price,positive,0.86,durable,lexicon
15599,36,1676,39116,design,positive,0.883,love,lexicon
15600,36,1676,39117,design,positive,0.866,good,lexicon
15601,36,1676,39119,performance,positive,0.95,smooth,lexicon
15602,36,1676,39119,battery,neutral,0.55,,lexicon
15603,36,1676,39120,battery,negative,0.748,issues,lexicon
15604,36,1676,39121,battery,negative,0.748,issue,lexicon
15605,36,1677,39122,price,positive,0.86,great,lexicon
15606,36,1677,39125,display,neutral,0.55,,lexicon
15607,36,1677,39126,camera,positive,0.698,issues,lexicon
15608,36,1677,39127,battery,neutral,0.55,,lexicon
15609,36,1677,39130,battery,negative,0.914,drain,lexicon
15610,36,1677,39131,battery,positive,0.895,fast,lexicon
15611,36,1677,39131,performance,positive,0.895,fast,lexicon
15612,36,1677,39132,battery,neutral,0.55,,lexicon
15613,37,2732,39135,battery,positive,0.927,amazing,lexicon
15614,37,2732,39137,battery,positive,0.95,amazing,lexicon
15615,37,2732,39139,camera,positive,0.725,like,lexicon
15616,37,2732,39139,display,positive,0.725,like,lexicon
15617,37,2733,39145,display,neutral,0.55,,lexicon
15618,37,2733,39147,camera,positive,0.792,good,lexicon
15619,37,2733,39153,camera,neutral,0.55,,lexicon
15620,37,2733,39155,battery,neutral,0.55,,lexicon
15621,37,2733,39155,performance,neutral,0.55,,lexicon
15622,37,2733,39156,battery,negative,0.788,great,lexicon
15623,37,2733,39157,battery,neutral,0.55,,lexicon
15624,37,2733,39158,battery,neutral,0.55,,lexicon
15625,37,2734,39163,battery,negative,0.95,worst,lexicon
15626,37,2734,39163,camera,negative,0.85,issues,lexicon
15627,37,2734,39165,price,neutral,0.55,,lexicon
15628,37,2734,39167,battery,negative,0.86,died,lexicon
15629,37,2734,39170,performance,positive,0.86,responsive,lexicon
15630,37,2734,39171,price,negative,0.644,cheap,lexicon
15631,37,2734,39177,display,neutral,0.55,,lexicon
15632,37,2734,39178,display,neutral,0.55,,lexicon
15633,37,2734,39179,display,neutral,0.55,,lexicon
15634,37,2734,39180,design,positive,0.792,good,lexicon
15635,37,2734,39182,camera,negative,0.95,slow,lexicon
15636,37,2734,39182,performance,negative,0.95,slow,lexicon
15637,37,2734,39183,camera,neutral,0.55,,lexicon
15638,37,2734,39190,battery,negative,0.68,like,lexicon
15639,37,2734,39195,price,negative,0.77,problem,lexicon
15640,37,2734,39197,camera,neutral,0.55,,lexicon
15641,37,2734,39200,camera,positive,0.793,problem,lexicon
15642,37,2734,39201,design,positive,0.95,excellent,lexicon
15643,37,2734,39202,design,positive,0.95,happy,lexicon
15644,37,2734,39203,camera,negative,0.748,issues,lexicon
15645,37,2734,39204,camera,neutral,0.55,,lexicon
15646,37,2734,39205,battery,negative,0.86,died,lexicon
15647,37,2735,39210,display,negative,0.851,happy,lexicon
15648,37,2735,39211,performance,positive,0.86,fast,lexicon
15649,37,2735,39213,battery,positive,0.725,like,lexicon
15650,37,2735,39213,display,positive,0.725,like,lexicon
15651,37,2735,39214,battery,positive,0.914,good,lexicon
15652,37,2735,39214,price,positive,0.792,good,lexicon
15653,37,2736,39220,battery,negative,0.603,bad,lexicon
15654,37,2736,39222,battery,neutral,0.55,,lexicon
15655,37,2736,39223,battery,positive,0.725,like,lexicon
15656,37,2736,39224,battery,negative,0.927,horrible,lexicon
15657,37,2736,39228,display,negative,0.86,cracked,lexicon
15658,37,2736,39229,display,neutral,0.55,,lexicon
15659,37,2737,39234,battery,neutral,0.55,,lexicon
15660,37,2738,39241,display,neutral,0.55,,lexicon
15661,37,2738,39242,performance,negative,0.905,overheating,lexicon
15662,37,2738,39243,battery,negative,0.788,great,lexicon
15663,37,2739,39246,design,positive,0.86,great,lexicon
15664,37,2742,39252,battery,positive,0.792,good,lexicon
15665,37,2742,39253,battery,neutral,0.55,,lexicon
15666,37,2742,39254,display,positive,0.927,perfect,lexicon
15667,37,2742,39256,battery,positive,0.815,pleased,lexicon
15668,37,2742,39258,camera,positive,0.927,amazing,lexicon
15669,37,2742,39259,camera,neutral,0.55,,lexicon
15670,37,2742,39260,camera,neutral,0.55,,lexicon
15671,37,2742,39261,battery,negative,0.882,frustrating,lexicon
15672,37,2742,39262,price,positive,0.792,good,lexicon
15673,37,2746,39264,display,neutral,0.55,,lexicon
15674,37,2746,39269,display,positive,0.95,amazing,lexicon
15675,37,2746,39270,price,positive,0.95,amazing,lexicon
15676,37,2746,39271,price,positive,0.79,awesome,lexicon
15677,38,1628,39273,battery,neutral,0.55,,lexicon
15678,38,1629,39280,price,positive,0.95,amazing,lexicon
15679,38,1629,39293,camera,neutral,0.55,,lexicon
15680,38,1629,39294,price,positive,0.86,great,lexicon
15681,38,1629,39297,price,neutral,0.55,,lexicon
15682,38,1629,39298,camera,positive,0.927,amazing,lexicon
15683,38,1629,39299,camera,neutral,0.55,,lexicon
15684,38,1629,39300,battery,positive,0.95,awesome,lexicon
15685,38,1629,39300,camera,positive,0.95,awesome,lexicon
15686,38,1629,39301,battery,neutral,0.55,,lexicon
15687,38,1629,39302,battery,positive,0.792,good,lexicon
15688,38,1629,39307,performance,positive,0.95,fast,lexicon
15689,38,1629,39309,display,neutral,0.55,,lexicon
15690,38,1629,39309,design,neutral,0.55,,lexicon
15691,38,1629,39310,design,neutral,0.55,,lexicon
15692,38,1629,39311,design,neutral,0.55,,lexicon
15693,38,1629,39313,price,neutral,0.55,,lexicon
15694,38,1629,39320,camera,neutral,0.55,,lexicon
15695,38,1629,39321,performance,positive,0.86,fast,lexicon
15696,38,1629,39323,price,neutral,0.55,,lexicon
15697,38,1629,39325,price,positive,0.838,happy,lexicon
15698,38,1629,39326,battery,positive,0.86,fast,lexicon
15699,38,1629,39326,camera,positive,0.86,fast,lexicon
15700,38,1629,39326,performance,positive,0.95,love,lexicon
15701,38,1629,39326,design,positive,0.95,love,lexicon
15702,38,1630,39330,performance,positive,0.95,fast,lexicon
15703,38,1630,39331,camera,positive,0.86,great,lexicon
15704,38,1630,39332,battery,positive,0.95,great,lexicon
15705,38,1630,39332,display,positive,0.883,impressive,lexicon
15706,38,1630,39332,price,positive,0.95,great,lexicon
15707,38,1631,39333,price,positive,0.945,premium,lexicon
15708,38,1631,39334,price,positive,0.945,premium,lexicon
15709,38,1631,39336,battery,neutral,0.55,,lexicon
15710,38,1631,39337,battery,neutral,0.55,,lexicon
15711,38,1631,39339,battery,positive,0.927,excellent,lexicon
15712,38,1631,39340,battery,positive,0.815,premium,lexicon
15713,38,1631,39341,battery,positive,0.815,premium,lexicon
15714,38,1631,39344,battery,neutral,0.55,,lexicon
15715,38,1631,39346,battery,negative,0.905,defective,lexicon
15716,38,1631,39349,price,positive,0.945,premium,lexicon
15717,38,1631,39353,battery,neutral,0.55,,lexicon
15718,38,1631,39354,battery,neutral,0.55,,lexicon
15719,38,1631,39354,design,neutral,0.55,,lexicon
15720,38,1631,39354,price,neutral,0.55,,lexicon
15721,38,1631,39355,performance,neutral,0.55,,lexicon
15722,38,1631,39356,battery,negative,0.748,issues,lexicon
15723,38,1631,39356,price,negative,0.748,issues,lexicon
15724,38,1631,39361,price,positive,0.815,premium,lexicon
15725,38,1632,39362,design,positive,0.89,perfect,lexicon
15726,38,1632,39362,battery,neutral,0.55,,lexicon
15727,38,1633,39365,performance,positive,0.86,fast,lexicon
15728,38,1634,39371,performance,neutral,0.55,,lexicon
15729,38,1635,39374,battery,positive,0.95,excellent,lexicon
15730,38,1635,39375,display,positive,0.95,vibrant,lexicon
15731,38,1635,39376,camera,positive,0.86,great,lexicon
15732,38,1635,39377,price,positive,0.86,great,lexicon
15733,38,1637,39378,display,positive,0.927,flawless,lexicon
15734,38,1637,39379,battery,neutral,0.55,,lexicon
15735,38,1637,39381,performance,positive,0.86,fast,lexicon
15736,38,1637,39384,battery,positive,0.77,lasts,lexicon
15737,38,1640,39388,battery,neutral,0.55,,lexicon
15738,38,1643,39391,display,positive,0.941,quick,lexicon
15739,38,1643,39394,performance,neutral,0.55,,lexicon
15740,38,1643,39407,display,neutral,0.55,,lexicon
15741,38,1643,39407,design,neutral,0.55,,lexicon
15742,38,1643,39408,display,positive,0.725,like,lexicon
15743,38,1643,39409,display,neutral,0.55,,lexicon
15744,38,1643,39412,camera,neutral,0.55,,lexicon
15745,38,1643,39413,performance,negative,0.866,problems,lexicon
15746,38,1643,39419,display,negative,0.905,defective,lexicon
15747,38,1644,39422,camera,neutral,0.55,,lexicon
15748,38,1644,39423,camera,neutral,0.55,,lexicon
15749,38,1644,39424,battery,neutral,0.55,,lexicon
15750,38,1644,39424,display,neutral,0.55,,lexicon
15751,38,1644,39425,display,neutral,0.55,,lexicon
15752,38,1644,39426,display,neutral,0.55,,lexicon
15753,38,1644,39427,display,neutral,0.55,,lexicon
15754,38,1644,39428,battery,neutral,0.55,,lexicon
15755,38,1644,39429,price,negative,0.77,problems,lexicon
15756,38,1644,39430,display,neutral,0.55,,lexicon
15757,38,1644,39431,display,neutral,0.55,,lexicon
15758,38,1644,39432,camera,neutral,0.55,,lexicon
15759,38,1644,39438,camera,negative,0.734,good,lexicon
15760,38,1644,39439,camera,neutral,0.55,,lexicon
15761,38,1645,39440,battery,negative,0.86,poor,lexicon
15762,38,1645,39441,battery,negative,0.95,poor,lexicon
15763,38,1645,39442,display,positive,0.792,bright,lexicon
15764,38,1645,39442,performance,positive,0.86,fast,lexicon
15765,38,1645,39443,battery,negative,0.77,problem,lexicon
15766,38,1645,39444,battery,positive,0.916,love,lexicon
15767,38,1646,39446,battery,positive,0.792,good,lexicon
15768,38,1647,39449,camera,positive,0.95,perfect,lexicon
15769,38,1647,39449,display,positive,0.95,stunning,lexicon
15770,38,1647,39450,camera,positive,0.905,stunning,lexicon
15771,38,1647,39451,camera,positive,0.95,amazing,lexicon
15772,38,1647,39452,performance,positive,0.86,fast,lexicon
15773,38,1647,39453,battery,positive,0.95,exceptional,lexicon
15774,38,1647,39453,design,positive,0.77,lasting,lexicon
15775,38,1647,39454,design,positive,0.95,durable,lexicon
15776,38,1647,39455,camera,positive,0.95,top notch,lexicon
15777,38,1647,39455,display,positive,0.95,outstanding,lexicon
15778,38,1647,39455,performance,positive,0.95,outstanding,lexicon
15779,38,1647,39456,price,positive,0.95,recommend,lexicon
15780,38,1649,39462,battery,neutral,0.55,,lexicon
15781,38,1649,39464,design,neutral,0.55,,lexicon
15782,38,1649,39465,battery,positive,0.838,recommend,lexicon
15783,38,1650,39474,battery,neutral,0.55,,lexicon
15784,38,1650,39475,battery,neutral,0.55,,lexicon
15785,38,1650,39476,battery,neutral,0.55,,lexicon
15786,38,1650,39477,camera,positive,0.914,great,lexicon
15787,38,1650,39479,camera,neutral,0.55,,lexicon
15788,38,1650,39479,display,neutral,0.55,,lexicon
15789,38,1650,39480,display,neutral,0.55,,lexicon
15790,38,1650,39482,display,neutral,0.55,,lexicon
15791,38,1650,39482,camera,neutral,0.55,,lexicon
15792,38,1650,39483,display,neutral,0.55,,lexicon
15793,38,1650,39484,display,neutral,0.55,,lexicon
15794,38,1650,39484,camera,neutral,0.55,,lexicon
15795,38,1652,39491,battery,neutral,0.55,,lexicon
15796,38,1652,39491,camera,neutral,0.55,,lexicon
15797,38,1652,39493,battery,neutral,0.55,,lexicon
15798,38,1652,39495,display,neutral,0.55,,lexicon
15799,38,1652,39496,battery,neutral,0.55,,lexicon
15800,38,1652,39498,camera,neutral,0.55,,lexicon
15801,38,1652,39499,camera,positive,0.725,like,lexicon
15802,38,1652,39501,camera,neutral,0.55,,lexicon
15803,38,1652,39506,battery,neutral,0.55,,lexicon
15804,38,1652,39506,camera,neutral,0.55,,lexicon
15805,39,3429,39508,battery,neutral,0.55,,lexicon
15806,39,3430,39515,price,positive,0.95,amazing,lexicon
15807,39,3430,39528,camera,neutral,0.55,,lexicon
15808,39,3430,39529,price,positive,0.86,great,lexicon
15809,39,3430,39532,price,neutral,0.55,,lexicon
15810,39,3430,39533,camera,positive,0.927,amazing,lexicon
15811,39,3430,39534,camera,neutral,0.55,,lexicon
15812,39,3430,39535,battery,positive,0.95,awesome,lexicon
15813,39,3430,39535,camera,positive,0.95,awesome,lexicon
15814,39,3430,39536,battery,neutral,0.55,,lexicon
15815,39,3430,39537,battery,positive,0.792,good,lexicon
15816,39,3430,39542,performance,positive,0.95,fast,lexicon
15817,39,3430,39544,display,neutral,0.55,,lexicon
15818,39,3430,39544,design,neutral,0.55,,lexicon
15819,39,3430,39545,design,neutral,0.55,,lexicon
15820,39,3430,39546,design,neutral,0.55,,lexicon
15821,39,3430,39548,price,neutral,0.55,,lexicon
15822,39,3430,39555,camera,neutral,0.55,,lexicon
15823,39,3430,39556,performance,positive,0.86,fast,lexicon
15824,39,3430,39558,price,neutral,0.55,,lexicon
15825,39,3430,39560,price,positive,0.838,happy,lexicon
15826,39,3430,39561,battery,positive,0.86,fast,lexicon
15827,39,3430,39561,camera,positive,0.86,fast,lexicon
15828,39,3430,39561,performance,positive,0.95,love,lexicon
15829,39,3430,39561,design,positive,0.95,love,lexicon
15830,39,3431,39565,performance,positive,0.95,fast,lexicon
15831,39,3431,39566,camera,positive,0.86,great,lexicon
15832,39,3431,39567,battery,positive,0.95,great,lexicon
15833,39,3431,39567,display,positive,0.883,impressive,lexicon
15834,39,3431,39567,price,positive,0.95,great,lexicon
15835,39,3432,39568,price,positive,0.945,premium,lexicon
15836,39,3432,39569,price,positive,0.945,premium,lexicon
15837,39,3432,39571,battery,neutral,0.55,,lexicon
15838,39,3432,39572,battery,neutral,0.55,,lexicon
15839,39,3432,39574,battery,positive,0.927,excellent,lexicon
15840,39,3432,39575,battery,positive,0.815,premium,lexicon
15841,39,3432,39576,battery,positive,0.815,premium,lexicon
15842,39,3432,39579,battery,neutral,0.55,,lexicon
15843,39,3432,39581,battery,negative,0.905,defective,lexicon
15844,39,3432,39584,price,positive,0.945,premium,lexicon
15845,39,3432,39588,battery,neutral,0.55,,lexicon
15846,39,3432,39589,battery,neutral,0.55,,lexicon
15847,39,3432,39589,design,neutral,0.55,,lexicon
15848,39,3432,39589,price,neutral,0.55,,lexicon
15849,39,3432,39590,performance,neutral,0.55,,lexicon
15850,39,3432,39591,battery,negative,0.748,issues,lexicon
15851,39,3432,39591,price,negative,0.748,issues,lexicon
15852,39,3432,39596,price,positive,0.815,premium,lexicon
15853,39,3433,39597,design,positive,0.89,perfect,lexicon
15854,39,3433,39597,battery,neutral,0.55,,lexicon
15855,39,3434,39600,performance,positive,0.86,fast,lexicon
15856,39,3435,39606,performance,neutral,0.55,,lexicon
15857,39,3436,39609,battery,positive,0.95,excellent,lexicon
15858,39,3436,39610,display,positive,0.95,vibrant,lexicon
15859,39,3436,39611,camera,positive,0.86,great,lexicon
15860,39,3436,39612,price,positive,0.86,great,lexicon
15861,39,3438,39613,display,positive,0.927,flawless,lexicon
15862,39,3438,39614,battery,neutral,0.55,,lexicon
15863,39,3438,39616,performance,positive,0.86,fast,lexicon
15864,39,3438,39619,battery,positive,0.77,lasts,lexicon
15865,39,3441,39623,battery,neutral,0.55,,lexicon
15866,40,3717,39626,battery,neutral,0.55,,lexicon
15867,40,3718,39633,price,positive,0.95,amazing,lexicon
15868,40,3718,39646,camera,neutral,0.55,,lexicon
15869,40,3718,39647,price,positive,0.86,great,lexicon
15870,40,3718,39650,price,neutral,0.55,,lexicon
15871,40,3718,39651,camera,positive,0.927,amazing,lexicon
15872,40,3718,39652,camera,neutral,0.55,,lexicon
15873,40,3718,39653,battery,positive,0.95,awesome,lexicon
15874,40,3718,39653,camera,positive,0.95,awesome,lexicon
15875,40,3718,39654,battery,neutral,0.55,,lexicon
15876,40,3718,39655,battery,positive,0.792,good,lexicon
15877,40,3718,39660,performance,positive,0.95,fast,lexicon
15878,40,3718,39662,display,neutral,0.55,,lexicon
15879,40,3718,39662,design,neutral,0.55,,lexicon
15880,40,3718,39663,design,neutral,0.55,,lexicon
15881,40,3718,39664,design,neutral,0.55,,lexicon
15882,40,3718,39666,price,neutral,0.55,,lexicon
15883,40,3718,39673,camera,neutral,0.55,,lexicon
15884,40,3718,39674,performance,positive,0.86,fast,lexicon
15885,40,3718,39676,price,neutral,0.55,,lexicon
15886,40,3718,39678,price,positive,0.838,happy,lexicon
15887,40,3718,39679,battery,positive,0.86,fast,lexicon
15888,40,3718,39679,camera,positive,0.86,fast,lexicon
15889,40,3718,39679,performance,positive,0.95,love,lexicon
15890,40,3718,39679,design,positive,0.95,love,lexicon
15891,40,3719,39683,performance,positive,0.95,fast,lexicon
15892,40,3719,39684,camera,positive,0.86,great,lexicon
15893,40,3719,39685,battery,positive,0.95,great,lexicon
15894,40,3719,39685,display,positive,0.883,impressive,lexicon
15895,40,3719,39685,price,positive,0.95,great,lexicon
15896,40,3720,39686,price,positive,0.945,premium,lexicon
15897,40,3720,39687,price,positive,0.945,premium,lexicon
15898,40,3720,39689,battery,neutral,0.55,,lexicon
15899,40,3720,39690,battery,neutral,0.55,,lexicon
15900,40,3720,39692,battery,positive,0.927,excellent,lexicon
15901,40,3720,39693,battery,positive,0.815,premium,lexicon
15902,40,3720,39694,battery,positive,0.815,premium,lexicon
15903,40,3720,39697,battery,neutral,0.55,,lexicon
15904,40,3720,39699,battery,negative,0.905,defective,lexicon
15905,40,3720,39702,price,positive,0.945,premium,lexicon
15906,40,3720,39706,battery,neutral,0.55,,lexicon
15907,40,3720,39707,battery,neutral,0.55,,lexicon
15908,40,3720,39707,design,neutral,0.55,,lexicon
15909,40,3720,39707,price,neutral,0.55,,lexicon
15910,40,3720,39708,performance,neutral,0.55,,lexicon
15911,40,3720,39709,battery,negative,0.748,issues,lexicon
15912,40,3720,39709,price,negative,0.748,issues,lexicon
15913,40,3720,39714,price,positive,0.815,premium,lexicon
15914,40,3721,39715,design,positive,0.89,perfect,lexicon
15915,40,3721,39715,battery,neutral,0.55,,lexicon
15916,40,3722,39718,performance,positive,0.86,fast,lexicon
15917,40,3723,39724,performance,neutral,0.55,,lexicon
15918,40,3724,39727,battery,positive,0.95,excellent,lexicon
15919,40,3724,39728,display,positive,0.95,vibrant,lexicon
15920,40,3724,39729,camera,positive,0.86,great,lexicon
15921,40,3724,39730,price,positive,0.86,great,lexicon
15922,40,3726,39731,display,positive,0.927,flawless,lexicon
15923,40,3726,39732,battery,neutral,0.55,,lexicon
15924,40,3726,39734,performance,positive,0.86,fast,lexicon
15925,40,3726,39737,battery,positive,0.77,lasts,lexicon
15926,40,3729,39741,battery,neutral,0.55,,lexicon
15927,40,3732,39744,display,positive,0.941,quick,lexicon
15928,40,3732,39747,performance,neutral,0.55,,lexicon
15929,40,3732,39760,display,neutral,0.55,,lexicon
15930,40,3732,39760,design,neutral,0.55,,lexicon
15931,40,3732,39761,display,positive,0.725,like,lexicon
15932,40,3732,39762,display,neutral,0.55,,lexicon
15933,40,3732,39765,camera,neutral,0.55,,lexicon
15934,40,3732,39766,performance,negative,0.866,problems,lexicon
15935,40,3732,39772,display,negative,0.905,defective,lexicon
15936,40,3733,39775,camera,neutral,0.55,,lexicon
15937,40,3733,39776,camera,neutral,0.55,,lexicon
15938,40,3733,39777,battery,neutral,0.55,,lexicon
15939,40,3733,39777,display,neutral,0.55,,lexicon
15940,40,3733,39778,display,neutral,0.55,,lexicon
15941,40,3733,39779,display,neutral,0.55,,lexicon
15942,40,3733,39780,display,neutral,0.55,,lexicon
15943,40,3733,39781,battery,neutral,0.55,,lexicon
15944,40,3733,39782,price,negative,0.77,problems,lexicon
15945,40,3733,39783,display,neutral,0.55,,lexicon
15946,40,3733,39784,display,neutral,0.55,,lexicon
15947,40,3733,39785,camera,neutral,0.55,,lexicon
15948,40,3733,39791,camera,negative,0.734,good,lexicon
15949,40,3733,39792,camera,neutral,0.55,,lexicon
15950,40,3734,39793,battery,negative,0.86,poor,lexicon
15951,40,3734,39794,battery,negative,0.95,poor,lexicon
15952,40,3734,39795,display,positive,0.792,bright,lexicon
15953,40,3734,39795,performance,positive,0.86,fast,lexicon
15954,40,3734,39796,battery,negative,0.77,problem,lexicon
15955,40,3734,39797,battery,positive,0.916,love,lexicon
15956,40,3735,39799,battery,positive,0.792,good,lexicon
15957,40,3736,39802,camera,positive,0.95,perfect,lexicon
15958,40,3736,39802,display,positive,0.95,stunning,lexicon
15959,40,3736,39803,camera,positive,0.905,stunning,lexicon
15960,40,3736,39804,camera,positive,0.95,amazing,lexicon
15961,40,3736,39805,performance,positive,0.86,fast,lexicon
15962,40,3736,39806,battery,positive,0.95,exceptional,lexicon
15963,40,3736,39806,design,positive,0.77,lasting,lexicon
15964,40,3736,39807,design,positive,0.95,durable,lexicon
15965,40,3736,39808,camera,positive,0.95,top notch,lexicon
15966,40,3736,39808,display,positive,0.95,outstanding,lexicon
15967,40,3736,39808,performance,positive,0.95,outstanding,lexicon
15968,40,3736,39809,price,positive,0.95,recommend,lexicon
15969,40,3738,39815,battery,neutral,0.55,,lexicon
15970,40,3738,39817,design,neutral,0.55,,lexicon
15971,40,3738,39818,battery,positive,0.838,recommend,lexicon
15972,40,3739,39827,battery,neutral,0.55,,lexicon
15973,40,3739,39828,battery,neutral,0.55,,lexicon
15974,40,3739,39829,battery,neutral,0.55,,lexicon
15975,40,3739,39830,camera,positive,0.914,great,lexicon
15976,40,3739,39832,camera,neutral,0.55,,lexicon
15977,40,3739,39832,display,neutral,0.55,,lexicon
15978,40,3739,39833,display,neutral,0.55,,lexicon
15979,40,3739,39835,display,neutral,0.55,,lexicon
15980,40,3739,39835,camera,neutral,0.55,,lexicon
15981,40,3739,39836,display,neutral,0.55,,lexicon
15982,40,3739,39837,display,neutral,0.55,,lexicon
15983,40,3739,39837,camera,neutral,0.55,,lexicon
15984,40,3741,39844,battery,neutral,0.55,,lexicon
15985,40,3741,39844,camera,neutral,0.55,,lexicon
15986,40,3741,39846,battery,neutral,0.55,,lexicon
15987,40,3741,39848,display,neutral,0.55,,lexicon
15988,40,3741,39849,battery,neutral,0.55,,lexicon
15989,40,3741,39851,camera,neutral,0.55,,lexicon
15990,40,3741,39852,camera,positive,0.725,like,lexicon
15991,40,3741,39854,camera,neutral,0.55,,lexicon
15992,40,3741,39859,battery,neutral,0.55,,lexicon
15993,40,3741,39859,camera,neutral,0.55,,lexicon
15994,41,373,39860,performance,positive,0.95,smooth,lexicon
15995,41,373,39861,battery,neutral,0.55,,lexicon
15996,41,374,39867,battery,positive,0.815,all day,lexicon
15997,41,374,39868,camera,positive,0.815,clear,lexicon
15998,41,374,39869,display,positive,0.86,beautiful,lexicon
15999,41,374,39870,camera,positive,0.815,clear,lexicon
16000,41,374,39873,performance,positive,0.95,smooth,lexicon
16001,41,374,39874,battery,neutral,0.55,,lexicon
16002,41,375,39879,battery,positive,0.927,perfect,lexicon
16003,41,375,39882,battery,positive,0.86,great,lexicon
16004,41,375,39882,design,positive,0.86,great,lexicon
16005,41,376,39886,design,positive,0.792,good,lexicon
16006,41,376,39886,price,positive,0.792,good,lexicon
16007,41,376,39887,battery,negative,0.86,slow,lexicon
16008,41,376,39887,performance,negative,0.589,slow,lexicon
16009,41,377,39896,battery,neutral,0.55,,lexicon
16010,41,377,39900,price,negative,0.927,worst,lexicon
16011,41,377,39905,price,negative,0.815,expensive,lexicon
16012,41,377,39906,price,neutral,0.55,,lexicon
16013,41,378,39907,performance,positive,0.95,recommend,lexicon
16014,41,378,39908,display,neutral,0.55,,lexicon
16015,41,378,39909,display,neutral,0.55,,lexicon
16016,41,378,39909,price,neutral,0.55,,lexicon
16017,41,378,39915,battery,neutral,0.55,,lexicon
16018,41,378,39917,display,neutral,0.55,,lexicon
16019,41,378,39919,battery,neutral,0.55,,lexicon
16020,41,378,39921,display,positive,0.77,nice,lexicon
16021,41,378,39924,design,positive,0.95,excellent,lexicon
16022,41,378,39924,price,positive,0.95,excellent,lexicon
16023,41,379,39927,camera,positive,0.95,smooth,lexicon
16024,41,379,39927,performance,positive,0.95,smooth,lexicon
16025,41,379,39928,camera,positive,0.866,good,lexicon
16026,41,379,39929,price,positive,0.77,solid,lexicon
16027,41,380,39930,battery,neutral,0.55,,lexicon
16028,41,380,39934,battery,neutral,0.55,,lexicon
16029,41,380,39935,display,neutral,0.471,poor,lexicon
16030,41,380,39938,battery,neutral,0.55,,lexicon
16031,41,380,39939,battery,neutral,0.55,,lexicon
16032,41,380,39941,battery,positive,0.86,fast,lexicon
16033,41,380,39941,performance,positive,0.86,fast,lexicon
16034,41,380,39942,battery,neutral,0.55,,lexicon
16035,41,380,39944,battery,neutral,0.55,,lexicon
16036,41,380,39945,performance,positive,0.86,fast,lexicon
16037,41,380,39946,display,neutral,0.55,,lexicon
16038,41,380,39949,battery,neutral,0.55,,lexicon
16039,41,380,39950,battery,neutral,0.55,,lexicon
16040,41,380,39951,battery,negative,0.86,died,lexicon
16041,41,380,39952,battery,negative,0.86,dying,lexicon
16042,41,380,39952,price,negative,0.644,cheap,lexicon
16043,41,381,39958,battery,neutral,0.55,,lexicon
16044,41,382,39965,battery,negative,0.749,disappointed,lexicon
16045,41,385,39970,battery,positive,0.86,great,lexicon
16046,41,385,39972,battery,positive,0.95,amazing,lexicon
16047,41,385,39973,battery,positive,0.792,good,lexicon
16048,41,385,39973,camera,positive,0.792,good,lexicon
16049,41,385,39974,battery,positive,0.95,recommend,lexicon
16050,41,385,39974,price,positive,0.95,recommend,lexicon
16051,41,386,39979,display,negative,0.905,bad,lexicon
16052,41,386,39980,battery,neutral,0.55,,lexicon
16053,41,386,39982,camera,neutral,0.55,,lexicon
16054,41,386,39986,price,positive,0.815,faster,lexicon
16055,41,386,39990,camera,neutral,0.55,,lexicon
16056,41,386,39992,price,positive,0.929,good,lexicon
16057,41,386,39994,price,negative,0.905,not worth,lexicon
16058,42,270,39999,price,positive,0.815,worth,lexicon
16059,42,270,40000,battery,neutral,0.55,,lexicon
16060,42,271,40001,price,positive,0.945,happy,lexicon
16061,42,271,40003,battery,neutral,0.55,,lexicon
16062,42,271,40006,price,neutral,0.55,,lexicon
16063,42,271,40010,price,neutral,0.55,,lexicon
16064,42,271,40012,price,negative,0.748,issue,lexicon
16065,42,271,40015,price,neutral,0.55,,lexicon
16066,42,271,40019,price,negative,0.734,good,lexicon
16067,42,272,40021,display,neutral,0.55,,lexicon
16068,42,272,40021,battery,neutral,0.55,,lexicon
16069,42,272,40024,battery,positive,0.703,fine,lexicon
16070,42,272,40025,battery,neutral,0.55,,lexicon
16071,42,272,40026,display,neutral,0.55,,lexicon
16072,42,272,40029,battery,negative,0.883,disappointment,lexicon
16073,42,272,40029,display,negative,0.883,disappointment,lexicon
16074,42,272,40033,price,positive,0.748,better,lexicon
16075,42,272,40034,battery,neutral,0.55,,lexicon
16076,42,273,40039,camera,neutral,0.55,,lexicon
16077,42,273,40040,battery,positive,0.927,excellent,lexicon
16078,42,273,40042,price,positive,0.95,affordable,lexicon
16079,42,274,40047,battery,positive,0.927,excellent,lexicon
16080,42,274,40055,battery,neutral,0.55,,lexicon
16081,42,274,40055,display,neutral,0.55,,lexicon
16082,42,274,40055,design,neutral,0.55,,lexicon
16083,42,274,40056,display,neutral,0.55,,lexicon
16084,42,274,40056,design,neutral,0.55,,lexicon
16085,42,274,40057,display,neutral,0.55,,lexicon
16086,42,274,40058,camera,negative,0.927,worst,lexicon
16087,42,274,40059,design,positive,0.725,like,lexicon
16088,42,274,40060,display,positive,0.725,like,lexicon
16089,42,274,40060,design,positive,0.725,like,lexicon
16090,42,274,40062,battery,neutral,0.55,,lexicon
16091,42,274,40063,camera,neutral,0.55,,lexicon
16092,42,274,40067,camera,neutral,0.55,,lexicon
16093,42,274,40068,display,neutral,0.55,,lexicon
16094,42,274,40070,battery,positive,0.927,excellent,lexicon
16095,42,274,40070,camera,positive,0.927,excellent,lexicon
16096,42,277,40079,performance,negative,0.905,overheating,lexicon
16097,42,277,40080,battery,neutral,0.55,,lexicon
16098,42,277,40081,battery,neutral,0.55,,lexicon
16099,42,277,40086,display,neutral,0.55,,lexicon
16100,42,277,40089,price,neutral,0.55,,lexicon
16101,42,279,40091,price,negative,0.77,problems,lexicon
16102,42,282,40093,display,neutral,0.55,,lexicon
16103,42,282,40094,battery,positive,0.842,horrible,lexicon
16104,43,449,40096,price,positive,0.815,worth,lexicon
16105,43,449,40097,battery,neutral,0.55,,lexicon
16106,43,450,40098,price,positive,0.945,happy,lexicon
16107,43,450,40100,battery,neutral,0.55,,lexicon
16108,43,450,40103,price,neutral,0.55,,lexicon
16109,43,450,40107,price,neutral,0.55,,lexicon
16110,43,450,40109,price,negative,0.748,issue,lexicon
16111,43,450,40112,price,neutral,0.55,,lexicon
16112,43,450,40116,price,negative,0.734,good,lexicon
16113,43,451,40118,display,neutral,0.55,,lexicon
16114,43,451,40118,battery,neutral,0.55,,lexicon
16115,43,451,40121,battery,positive,0.703,fine,lexicon
16116,43,451,40122,battery,neutral,0.55,,lexicon
16117,43,451,40123,display,neutral,0.55,,lexicon
16118,43,451,40126,battery,negative,0.883,disappointment,lexicon
16119,43,451,40126,display,negative,0.883,disappointment,lexicon
16120,43,451,40130,price,positive,0.748,better,lexicon
16121,43,451,40131,battery,neutral,0.55,,lexicon
16122,43,452,40136,camera,neutral,0.55,,lexicon
16123,43,452,40137,battery,positive,0.927,excellent,lexicon
16124,43,452,40139,price,positive,0.95,affordable,lexicon
16125,43,453,40144,battery,positive,0.927,excellent,lexicon
16126,43,453,40152,battery,neutral,0.55,,lexicon
16127,43,453,40152,display,neutral,0.55,,lexicon
16128,43,453,40152,design,neutral,0.55,,lexicon
16129,43,453,40153,display,neutral,0.55,,lexicon
16130,43,453,40153,design,neutral,0.55,,lexicon
16131,43,453,40154,display,neutral,0.55,,lexicon
16132,43,453,40155,camera,negative,0.927,worst,lexicon
16133,43,453,40156,design,positive,0.725,like,lexicon
16134,43,453,40157,display,positive,0.725,like,lexicon
16135,43,453,40157,design,positive,0.725,like,lexicon
16136,43,453,40159,battery,neutral,0.55,,lexicon
16137,43,453,40160,camera,neutral,0.55,,lexicon
16138,43,453,40164,camera,neutral,0.55,,lexicon
16139,43,453,40165,display,neutral,0.55,,lexicon
16140,43,453,40167,battery,positive,0.927,excellent,lexicon
16141,43,453,40167,camera,positive,0.927,excellent,lexicon
16142,43,456,40176,performance,negative,0.905,overheating,lexicon
16143,43,456,40177,battery,neutral,0.55,,lexicon
16144,43,456,40178,battery,neutral,0.55,,lexicon
16145,43,456,40183,display,neutral,0.55,,lexicon
16146,43,456,40186,price,neutral,0.55,,lexicon
16147,43,458,40188,price,negative,0.77,problems,lexicon
16148,43,461,40190,display,neutral,0.55,,lexicon
16149,43,461,40191,battery,positive,0.842,horrible,lexicon
16150,43,462,40194,design,positive,0.95,flawless,lexicon
16151,43,462,40195,design,positive,0.838,sharp,lexicon
16152,43,462,40198,battery,neutral,0.55,,lexicon
16153,43,462,40199,battery,neutral,0.55,,lexicon
16154,43,463,40203,battery,positive,0.927,excellent,lexicon
16155,43,463,40203,display,negative,0.883,crashes,lexicon
16156,43,463,40203,performance,negative,0.883,crashes,lexicon
16157,43,463,40203,design,negative,0.883,crashes,lexicon
16158,43,464,40208,performance,negative,0.77,problems,lexicon
16159,43,464,40217,display,neutral,0.55,,lexicon
16160,43,464,40218,display,negative,0.883,disappointed,lexicon
16161,43,464,40219,camera,neutral,0.55,,lexicon
16162,43,464,40220,camera,positive,0.792,good,lexicon
16163,43,464,40221,battery,neutral,0.55,,lexicon
16164,43,464,40222,battery,positive,0.661,better,lexicon
16165,43,465,40225,display,positive,0.86,great,lexicon
16166,43,466,40228,price,neutral,0.55,,lexicon
16167,43,466,40230,display,positive,0.95,vibrant,lexicon
16168,43,466,40230,design,positive,0.95,vibrant,lexicon
16169,43,466,40231,camera,positive,0.905,stunning,lexicon
16170,43,466,40232,camera,positive,0.86,loves,lexicon
16171,43,466,40233,performance,neutral,0.55,,lexicon
16172,43,466,40234,battery,positive,0.95,impressive,lexicon
16173,43,466,40237,performance,positive,0.95,fantastic,lexicon
16174,43,466,40237,price,positive,0.95,fantastic,lexicon
16175,43,467,40239,battery,neutral,0.55,,lexicon
16176,43,467,40242,battery,neutral,0.55,,lexicon
16177,43,467,40243,battery,neutral,0.55,,lexicon
16178,43,467,40245,design,positive,0.792,good,lexicon
16179,43,467,40245,battery,neutral,0.55,,lexicon
16180,43,468,40248,battery,neutral,0.55,,lexicon
16181,43,468,40249,battery,positive,0.95,recommended,lexicon
16182,43,468,40250,battery,positive,0.86,great,lexicon
16183,43,469,40252,design,neutral,0.55,,lexicon
16184,43,470,40255,battery,neutral,0.55,,lexicon
16185,43,470,40256,battery,neutral,0.55,,lexicon
16186,44,1708,40259,price,positive,0.815,worth,lexicon
16187,44,1708,40260,battery,neutral,0.55,,lexicon
16188,44,1709,40261,price,positive,0.945,happy,lexicon
16189,44,1709,40263,battery,neutral,0.55,,lexicon
16190,44,1709,40266,price,neutral,0.55,,lexicon
16191,44,1709,40270,price,neutral,0.55,,lexicon
16192,44,1709,40272,price,negative,0.748,issue,lexicon
16193,44,1709,40275,price,neutral,0.55,,lexicon
16194,44,1709,40279,price,negative,0.734,good,lexicon
16195,44,1710,40281,display,neutral,0.55,,lexicon
16196,44,1710,40281,battery,neutral,0.55,,lexicon
16197,44,1710,40284,battery,positive,0.703,fine,lexicon
16198,44,1710,40285,battery,neutral,0.55,,lexicon
16199,44,1710,40286,display,neutral,0.55,,lexicon
16200,44,1710,40289,battery,negative,0.883,disappointment,lexicon
16201,44,1710,40289,display,negative,0.883,disappointment,lexicon
16202,44,1710,40293,price,positive,0.748,better,lexicon
16203,44,1710,40294,battery,neutral,0.55,,lexicon
16204,44,1711,40299,camera,neutral,0.55,,lexicon
16205,44,1711,40300,battery,positive,0.927,excellent,lexicon
16206,44,1711,40302,price,positive,0.95,affordable,lexicon
16207,44,1712,40307,battery,positive,0.927,excellent,lexicon
16208,44,1712,40315,battery,neutral,0.55,,lexicon
16209,44,1712,40315,display,neutral,0.55,,lexicon
16210,44,1712,40315,design,neutral,0.55,,lexicon
16211,44,1712,40316,display,neutral,0.55,,lexicon
16212,44,1712,40316,design,neutral,0.55,,lexicon
16213,44,1712,40317,display,neutral,0.55,,lexicon
16214,44,1712,40318,camera,negative,0.927,worst,lexicon
16215,44,1712,40319,design,positive,0.725,like,lexicon
16216,44,1712,40320,display,positive,0.725,like,lexicon
16217,44,1712,40320,design,positive,0.725,like,lexicon
16218,44,1712,40322,battery,neutral,0.55,,lexicon
16219,44,1712,40323,camera,neutral,0.55,,lexicon
16220,44,1712,40327,camera,neutral,0.55,,lexicon
16221,44,1712,40328,display,neutral,0.55,,lexicon
16222,44,1712,40330,battery,positive,0.927,excellent,lexicon
16223,44,1712,40330,camera,positive,0.927,excellent,lexicon
16224,44,1715,40339,performance,negative,0.905,overheating,lexicon
16225,44,1715,40340,battery,neutral,0.55,,lexicon
16226,44,1715,40341,battery,neutral,0.55,,lexicon
16227,44,1715,40346,display,neutral,0.55,,lexicon
16228,44,1715,40349,price,neutral,0.55,,lexicon
16229,44,1717,40351,price,negative,0.77,problems,lexicon
16230,44,1720,40353,display,neutral,0.55,,lexicon
16231,44,1720,40354,battery,positive,0.842,horrible,lexicon
16232,44,1721,40357,design,positive,0.95,flawless,lexicon
16233,44,1721,40358,design,positive,0.838,sharp,lexicon
16234,44,1721,40361,battery,neutral,0.55,,lexicon
16235,44,1721,40362,battery,neutral,0.55,,lexicon
16236,44,1722,40366,battery,positive,0.927,excellent,lexicon
16237,44,1722,40366,display,negative,0.883,crashes,lexicon
16238,44,1722,40366,performance,negative,0.883,crashes,lexicon
16239,44,1722,40366,design,negative,0.883,crashes,lexicon
16240,44,1723,40371,performance,negative,0.77,problems,lexicon
16241,44,1723,40380,display,neutral,0.55,,lexicon
16242,44,1723,40381,display,negative,0.883,disappointed,lexicon
16243,44,1723,40382,camera,neutral,0.55,,lexicon
16244,44,1723,40383,camera,positive,0.792,good,lexicon
16245,44,1723,40384,battery,neutral,0.55,,lexicon
16246,44,1723,40385,battery,positive,0.661,better,lexicon
16247,44,1724,40388,display,positive,0.86,great,lexicon
16248,44,1725,40391,price,neutral,0.55,,lexicon
16249,44,1725,40393,display,positive,0.95,vibrant,lexicon
16250,44,1725,40393,design,positive,0.95,vibrant,lexicon
16251,44,1725,40394,camera,positive,0.905,stunning,lexicon
16252,44,1725,40395,camera,positive,0.86,loves,lexicon
16253,44,1725,40396,performance,neutral,0.55,,lexicon
16254,44,1725,40397,battery,positive,0.95,impressive,lexicon
16255,44,1725,40400,performance,positive,0.95,fantastic,lexicon
16256,44,1725,40400,price,positive,0.95,fantastic,lexicon
16257,44,1726,40402,battery,neutral,0.55,,lexicon
16258,44,1726,40405,battery,neutral,0.55,,lexicon
16259,44,1726,40406,battery,neutral,0.55,,lexicon
16260,44,1726,40408,design,positive,0.792,good,lexicon
16261,44,1726,40408,battery,neutral,0.55,,lexicon
16262,44,1727,40411,battery,neutral,0.55,,lexicon
16263,44,1727,40412,battery,positive,0.95,recommended,lexicon
16264,44,1727,40413,battery,positive,0.86,great,lexicon
16265,44,1728,40415,design,neutral,0.55,,lexicon
16266,44,1729,40418,battery,neutral,0.55,,lexicon
16267,44,1729,40419,battery,neutral,0.55,,lexicon
16268,45,2087,40422,price,positive,0.815,worth,lexicon
16269,45,2087,40423,battery,neutral,0.55,,lexicon
16270,45,2088,40424,price,positive,0.945,happy,lexicon
16271,45,2088,40426,battery,neutral,0.55,,lexicon
16272,45,2088,40429,price,neutral,0.55,,lexicon
16273,45,2088,40433,price,neutral,0.55,,lexicon
16274,45,2088,40435,price,negative,0.748,issue,lexicon
16275,45,2088,40438,price,neutral,0.55,,lexicon
16276,45,2088,40442,price,negative,0.734,good,lexicon
16277,45,2089,40444,display,neutral,0.55,,lexicon
16278,45,2089,40444,battery,neutral,0.55,,lexicon
16279,45,2089,40447,battery,positive,0.703,fine,lexicon
16280,45,2089,40448,battery,neutral,0.55,,lexicon
16281,45,2089,40449,display,neutral,0.55,,lexicon
16282,45,2089,40452,battery,negative,0.883,disappointment,lexicon
16283,45,2089,40452,display,negative,0.883,disappointment,lexicon
16284,45,2089,40456,price,positive,0.748,better,lexicon
16285,45,2089,40457,battery,neutral,0.55,,lexicon
16286,45,2090,40462,camera,neutral,0.55,,lexicon
16287,45,2090,40463,battery,positive,0.927,excellent,lexicon
16288,45,2090,40465,price,positive,0.95,affordable,lexicon
16289,45,2091,40470,battery,positive,0.927,excellent,lexicon
16290,45,2091,40478,battery,neutral,0.55,,lexicon
16291,45,2091,40478,display,neutral,0.55,,lexicon
16292,45,2091,40478,design,neutral,0.55,,lexicon
16293,45,2091,40479,display,neutral,0.55,,lexicon
16294,45,2091,40479,design,neutral,0.55,,lexicon
16295,45,2091,40480,display,neutral,0.55,,lexicon
16296,45,2091,40481,camera,negative,0.927,worst,lexicon
16297,45,2091,40482,design,positive,0.725,like,lexicon
16298,45,2091,40483,display,positive,0.725,like,lexicon
16299,45,2091,40483,design,positive,0.725,like,lexicon
16300,45,2091,40485,battery,neutral,0.55,,lexicon
16301,45,2091,40486,camera,neutral,0.55,,lexicon
16302,45,2091,40490,camera,neutral,0.55,,lexicon
16303,45,2091,40491,display,neutral,0.55,,lexicon
16304,45,2091,40493,battery,positive,0.927,excellent,lexicon
16305,45,2091,40493,camera,positive,0.927,excellent,lexicon
16306,45,2094,40502,performance,negative,0.905,overheating,lexicon
16307,45,2094,40503,battery,neutral,0.55,,lexicon
16308,45,2094,40504,battery,neutral,0.55,,lexicon
16309,45,2094,40509,display,neutral,0.55,,lexicon
16310,45,2094,40512,price,neutral,0.55,,lexicon
16311,45,2096,40514,price,negative,0.77,problems,lexicon
16312,45,2100,40516,display,neutral,0.55,,lexicon
16313,45,2100,40517,battery,positive,0.842,horrible,lexicon
16314,45,2101,40520,design,positive,0.95,flawless,lexicon
16315,45,2101,40521,design,positive,0.838,sharp,lexicon
16316,45,2101,40524,battery,neutral,0.55,,lexicon
16317,45,2101,40525,battery,neutral,0.55,,lexicon
16318,45,2102,40529,battery,positive,0.927,excellent,lexicon
16319,45,2102,40529,display,negative,0.883,crashes,lexicon
16320,45,2102,40529,performance,negative,0.883,crashes,lexicon
16321,45,2102,40529,design,negative,0.883,crashes,lexicon
16322,45,2103,40534,performance,negative,0.77,problems,lexicon
16323,45,2103,40543,display,neutral,0.55,,lexicon
16324,45,2103,40544,display,negative,0.883,disappointed,lexicon
16325,45,2103,40545,camera,neutral,0.55,,lexicon
16326,45,2103,40546,camera,positive,0.792,good,lexicon
16327,45,2103,40547,battery,neutral,0.55,,lexicon
16328,45,2103,40548,battery,positive,0.661,better,lexicon
16329,45,2104,40551,display,positive,0.86,great,lexicon
16330,45,2105,40554,price,neutral,0.55,,lexicon
16331,45,2105,40556,display,positive,0.95,vibrant,lexicon
16332,45,2105,40556,design,positive,0.95,vibrant,lexicon
16333,45,2105,40557,camera,positive,0.905,stunning,lexicon
16334,45,2105,40558,camera,positive,0.86,loves,lexicon
16335,45,2105,40559,performance,neutral,0.55,,lexicon
16336,45,2105,40560,battery,positive,0.95,impressive,lexicon
16337,45,2105,40563,performance,positive,0.95,fantastic,lexicon
16338,45,2105,40563,price,positive,0.95,fantastic,lexicon
16339,45,2106,40565,battery,neutral,0.55,,lexicon
16340,45,2106,40568,battery,neutral,0.55,,lexicon
16341,45,2106,40569,battery,neutral,0.55,,lexicon
16342,45,2106,40571,design,positive,0.792,good,lexicon
16343,45,2106,40571,battery,neutral,0.55,,lexicon
16344,45,2107,40574,battery,neutral,0.55,,lexicon
16345,45,2107,40575,battery,positive,0.95,recommended,lexicon
16346,45,2107,40576,battery,positive,0.86,great,lexicon
16347,45,2108,40578,design,neutral,0.55,,lexicon
16348,45,2109,40581,battery,neutral,0.55,,lexicon
16349,45,2109,40582,battery,neutral,0.55,,lexicon
16350,46,1,40584,battery,positive,0.95,happy,lexicon
16351,46,1,40586,battery,positive,0.95,excellent,lexicon
16352,46,1,40588,battery,positive,0.62,bad,lexicon
16353,46,1,40591,battery,negative,0.85,issue,lexicon
16354,46,2,40599,camera,neutral,0.55,,lexicon
16355,46,2,40600,battery,positive,0.838,happy,lexicon
16356,46,2,40604,battery,positive,0.815,all day,lexicon
16357,46,3,40613,battery,negative,0.927,worst,lexicon
16358,46,3,40617,battery,neutral,0.55,,lexicon
16359,46,3,40625,battery,neutral,0.55,,lexicon
16360,46,3,40625,design,neutral,0.55,,lexicon
16361,46,3,40626,battery,neutral,0.55,,lexicon
16362,46,3,40628,battery,neutral,0.55,,lexicon
16363,46,3,40629,battery,negative,0.86,dying,lexicon
16364,46,3,40630,battery,negative,0.86,dies,lexicon
16365,46,3,40631,battery,neutral,0.55,,lexicon
16366,46,3,40632,battery,negative,0.86,dies,lexicon
16367,46,3,40633,battery,negative,0.611,dies,lexicon
16368,46,3,40634,battery,negative,0.86,died,lexicon
16369,46,3,40635,battery,neutral,0.55,,lexicon
16370,46,3,40637,display,negative,0.748,issues,lexicon
16371,46,4,40654,price,positive,0.895,reasonable,lexicon
16372,46,4,40657,display,positive,0.86,great,lexicon
16373,46,4,40657,design,positive,0.86,great,lexicon
16374,46,5,40659,price,positive,0.895,good,lexicon
16375,46,5,40661,battery,negative,0.806,slow,lexicon
16376,46,5,40661,performance,negative,0.806,slow,lexicon
16377,46,5,40662,battery,positive,0.725,decent,lexicon
16378,46,5,40663,camera,positive,0.669,good,lexicon
16379,47,39,40665,price,positive,0.95,great,lexicon
16380,47,39,40667,battery,negative,0.815,issue,lexicon
16381,47,39,40668,battery,positive,0.905,fantastic,lexicon
16382,47,40,40672,battery,neutral,0.55,,lexicon
16383,47,40,40684,camera,neutral,0.55,,lexicon
16384,47,40,40688,display,neutral,0.55,,lexicon
16385,47,40,40688,performance,neutral,0.55,,lexicon
16386,47,41,40692,price,positive,0.927,excellent,lexicon
16387,47,41,40692,display,neutral,0.55,,lexicon
16388,47,41,40692,battery,neutral,0.55,,lexicon
16389,47,42,40694,battery,negative,0.894,expensive,lexicon
16390,47,42,40694,price,negative,0.894,expensive,lexicon
16391,47,42,40696,price,negative,0.883,disappointed,lexicon
16392,47,42,40697,battery,neutral,0.55,,lexicon
16393,47,42,40698,battery,positive,0.748,better,lexicon
16394,47,42,40698,price,positive,0.748,better,lexicon
16395,47,42,40699,price,positive,0.748,better,lexicon
16396,47,42,40701,battery,positive,0.792,good,lexicon
16397,47,42,40701,price,positive,0.792,good,lexicon
16398,47,42,40702,price,positive,0.838,recommend,lexicon
16399,47,47,40707,display,neutral,0.55,,lexicon
16400,47,47,40708,camera,neutral,0.55,,lexicon
16401,47,48,40714,price,neutral,0.55,,lexicon
16402,47,48,40719,display,neutral,0.55,,lexicon
16403,48,1503,40737,battery,positive,0.95,happy,lexicon
16404,48,1503,40739,battery,positive,0.95,excellent,lexicon
16405,48,1503,40741,battery,positive,0.62,bad,lexicon
16406,48,1503,40744,battery,negative,0.85,issue,lexicon
16407,48,1504,40752,camera,neutral,0.55,,lexicon
16408,48,1504,40753,battery,positive,0.838,happy,lexicon
16409,48,1504,40757,battery,positive,0.815,all day,lexicon
16410,48,1505,40766,battery,negative,0.927,worst,lexicon
16411,48,1505,40770,battery,neutral,0.55,,lexicon
16412,48,1505,40778,battery,neutral,0.55,,lexicon
16413,48,1505,40778,design,neutral,0.55,,lexicon
16414,48,1505,40779,battery,neutral,0.55,,lexicon
16415,48,1505,40781,battery,neutral,0.55,,lexicon
16416,48,1505,40782,battery,negative,0.86,dying,lexicon
16417,48,1505,40783,battery,negative,0.86,dies,lexicon
16418,48,1505,40784,battery,neutral,0.55,,lexicon
16419,48,1505,40785,battery,negative,0.86,dies,lexicon
16420,48,1505,40786,battery,negative,0.611,dies,lexicon
16421,48,1505,40787,battery,negative,0.86,died,lexicon
16422,48,1505,40788,battery,neutral,0.55,,lexicon
16423,48,1505,40790,display,negative,0.748,issues,lexicon
16424,48,1506,40807,price,positive,0.895,reasonable,lexicon
16425,48,1506,40810,display,positive,0.86,great,lexicon
16426,48,1506,40810,design,positive,0.86,great,lexicon
16427,48,1507,40812,price,positive,0.895,good,lexicon
16428,48,1507,40814,battery,negative,0.806,slow,lexicon
16429,48,1507,40814,performance,negative,0.806,slow,lexicon
16430,48,1507,40815,battery,positive,0.725,decent,lexicon
16431,48,1507,40816,camera,positive,0.669,good,lexicon
16432,48,1508,40818,price,positive,0.95,great,lexicon
16433,48,1508,40820,battery,negative,0.815,issue,lexicon
16434,48,1508,40821,battery,positive,0.905,fantastic,lexicon
16435,48,1509,40825,battery,neutral,0.55,,lexicon
16436,48,1509,40837,camera,neutral,0.55,,lexicon
16437,48,1509,40841,display,neutral,0.55,,lexicon
16438,48,1509,40841,performance,neutral,0.55,,lexicon
16439,48,1510,40845,price,positive,0.927,excellent,lexicon
16440,48,1510,40845,display,neutral,0.55,,lexicon
16441,48,1510,40845,battery,neutral,0.55,,lexicon
16442,48,1511,40847,battery,negative,0.894,expensive,lexicon
16443,48,1511,40847,price,negative,0.894,expensive,lexicon
16444,48,1511,40849,price,negative,0.883,disappointed,lexicon
16445,48,1511,40850,battery,neutral,0.55,,lexicon
16446,48,1511,40851,battery,positive,0.748,better,lexicon
16447,48,1511,40851,price,positive,0.748,better,lexicon
16448,48,1511,40852,price,positive,0.748,better,lexicon
16449,48,1511,40854,battery,positive,0.792,good,lexicon
16450,48,1511,40854,price,positive,0.792,good,lexicon
16451,48,1511,40855,price,positive,0.838,recommend,lexicon
16452,48,1516,40860,display,neutral,0.55,,lexicon
16453,48,1516,40861,camera,neutral,0.55,,lexicon
16454,48,1517,40867,price,neutral,0.55,,lexicon
16455,48,1517,40872,display,neutral,0.55,,lexicon
16456,48,1520,40892,battery,positive,0.792,good,lexicon
16457,48,1520,40892,display,positive,0.792,good,lexicon
16458,48,1520,40893,performance,neutral,0.55,,lexicon
16459,48,1521,40899,battery,positive,0.883,smooth,lexicon
16460,48,1521,40899,performance,positive,0.883,smooth,lexicon
16461,48,1522,40901,battery,positive,0.77,bad,lexicon
16462,48,1522,40901,camera,positive,0.77,bad,lexicon
16463,48,1523,40909,battery,neutral,0.55,,lexicon
16464,48,1523,40909,camera,neutral,0.55,,lexicon
16465,48,1523,40913,battery,positive,0.698,issues,lexicon
16466,48,1523,40915,design,neutral,0.55,,lexicon
16467,48,1523,40916,design,neutral,0.55,,lexicon
16468,48,1523,40917,design,positive,0.725,like,lexicon
16469,48,1523,40918,design,neutral,0.55,,lexicon
16470,48,1523,40919,battery,positive,0.86,great,lexicon
16471,48,1523,40919,camera,positive,0.86,great,lexicon
16472,48,1523,40919,design,positive,0.86,great,lexicon
16473,48,1523,40920,design,negative,0.95,disappointed,lexicon
16474,48,1523,40923,design,positive,0.725,like,lexicon
16475,48,1525,40927,battery,positive,0.815,faster,lexicon
16476,48,1525,40928,battery,neutral,0.55,,lexicon
16477,48,1525,40929,battery,positive,0.613,excellent,lexicon
16478,49,3264,40933,battery,positive,0.95,happy,lexicon
16479,49,3264,40935,battery,positive,0.95,excellent,lexicon
16480,49,3264,40937,battery,positive,0.62,bad,lexicon
16481,49,3264,40940,battery,negative,0.85,issue,lexicon
16482,49,3265,40948,camera,neutral,0.55,,lexicon
16483,49,3265,40949,battery,positive,0.838,happy,lexicon
16484,49,3265,40953,battery,positive,0.815,all day,lexicon
16485,49,3266,40962,battery,negative,0.927,worst,lexicon
16486,49,3266,40966,battery,neutral,0.55,,lexicon
16487,49,3266,40974,battery,neutral,0.55,,lexicon
16488,49,3266,40974,design,neutral,0.55,,lexicon
16489,49,3266,40975,battery,neutral,0.55,,lexicon
16490,49,3266,40977,battery,neutral,0.55,,lexicon
16491,49,3266,40978,battery,negative,0.86,dying,lexicon
16492,49,3266,40979,battery,negative,0.86,dies,lexicon
16493,49,3266,40980,battery,neutral,0.55,,lexicon
16494,49,3266,40981,battery,negative,0.86,dies,lexicon
16495,49,3266,40982,battery,negative,0.611,dies,lexicon
16496,49,3266,40983,battery,negative,0.86,died,lexicon
16497,49,3266,40984,battery,neutral,0.55,,lexicon
16498,49,3266,40986,display,negative,0.748,issues,lexicon
16499,49,3267,41003,price,positive,0.895,reasonable,lexicon
16500,49,3267,41006,display,positive,0.86,great,lexicon
16501,49,3267,41006,design,positive,0.86,great,lexicon
16502,49,3268,41008,price,positive,0.895,good,lexicon
16503,49,3268,41010,battery,negative,0.806,slow,lexicon
16504,49,3268,41010,performance,negative,0.806,slow,lexicon
16505,49,3268,41011,battery,positive,0.725,decent,lexicon
16506,49,3268,41012,camera,positive,0.669,good,lexicon
16507,49,3269,41014,price,positive,0.95,great,lexicon
16508,49,3269,41016,battery,negative,0.815,issue,lexicon
16509,49,3269,41017,battery,positive,0.905,fantastic,lexicon
16510,49,3270,41021,battery,neutral,0.55,,lexicon
16511,49,3270,41033,camera,neutral,0.55,,lexicon
16512,49,3270,41037,display,neutral,0.55,,lexicon
16513,49,3270,41037,performance,neutral,0.55,,lexicon
16514,49,3271,41041,price,positive,0.927,excellent,lexicon
16515,49,3271,41041,display,neutral,0.55,,lexicon
16516,49,3271,41041,battery,neutral,0.55,,lexicon
16517,49,3272,41043,battery,negative,0.894,expensive,lexicon
16518,49,3272,41043,price,negative,0.894,expensive,lexicon
16519,49,3272,41045,price,negative,0.883,disappointed,lexicon
16520,49,3272,41046,battery,neutral,0.55,,lexicon
16521,49,3272,41047,battery,positive,0.748,better,lexicon
16522,49,3272,41047,price,positive,0.748,better,lexicon
16523,49,3272,41048,price,positive,0.748,better,lexicon
16524,49,3272,41050,battery,positive,0.792,good,lexicon
16525,49,3272,41050,price,positive,0.792,good,lexicon
16526,49,3272,41051,price,positive,0.838,recommend,lexicon
16527,49,3277,41056,display,neutral,0.55,,lexicon
16528,49,3277,41057,camera,neutral,0.55,,lexicon
16529,49,3278,41063,price,neutral,0.55,,lexicon
16530,49,3278,41068,display,neutral,0.55,,lexicon
16531,49,3281,41088,battery,positive,0.792,good,lexicon
16532,49,3281,41088,display,positive,0.792,good,lexicon
16533,49,3281,41089,performance,neutral,0.55,,lexicon
16534,49,3282,41095,battery,positive,0.883,smooth,lexicon
16535,49,3282,41095,performance,positive,0.883,smooth,lexicon
16536,49,3283,41097,battery,positive,0.77,bad,lexicon
16537,49,3283,41097,camera,positive,0.77,bad,lexicon
16538,49,3284,41105,battery,neutral,0.55,,lexicon
16539,49,3284,41105,camera,neutral,0.55,,lexicon
16540,49,3284,41109,battery,positive,0.698,issues,lexicon
16541,49,3284,41111,design,neutral,0.55,,lexicon
16542,49,3284,41112,design,neutral,0.55,,lexicon
16543,49,3284,41113,design,positive,0.725,like,lexicon
16544,49,3284,41114,design,neutral,0.55,,lexicon
16545,49,3284,41115,battery,positive,0.86,great,lexicon
16546,49,3284,41115,camera,positive,0.86,great,lexicon
16547,49,3284,41115,design,positive,0.86,great,lexicon
16548,49,3284,41116,design,negative,0.95,disappointed,lexicon
16549,49,3284,41119,design,positive,0.725,like,lexicon
16550,49,3286,41123,battery,positive,0.815,faster,lexicon
16551,49,3286,41124,battery,neutral,0.55,,lexicon
16552,49,3286,41125,battery,positive,0.613,excellent,lexicon
16553,50,3792,41129,battery,positive,0.95,happy,lexicon
16554,50,3792,41131,battery,positive,0.95,excellent,lexicon
16555,50,3792,41133,battery,positive,0.62,bad,lexicon
16556,50,3792,41136,battery,negative,0.85,issue,lexicon
16557,50,3793,41144,camera,neutral,0.55,,lexicon
16558,50,3793,41145,battery,positive,0.838,happy,lexicon
16559,50,3793,41149,battery,positive,0.815,all day,lexicon
16560,50,3794,41158,battery,negative,0.927,worst,lexicon
16561,50,3794,41162,battery,neutral,0.55,,lexicon
16562,50,3794,41170,battery,neutral,0.55,,lexicon
16563,50,3794,41170,design,neutral,0.55,,lexicon
16564,50,3794,41171,battery,neutral,0.55,,lexicon
16565,50,3794,41173,battery,neutral,0.55,,lexicon
16566,50,3794,41174,battery,negative,0.86,dying,lexicon
16567,50,3794,41175,battery,negative,0.86,dies,lexicon
16568,50,3794,41176,battery,neutral,0.55,,lexicon
16569,50,3794,41177,battery,negative,0.86,dies,lexicon
16570,50,3794,41178,battery,negative,0.611,dies,lexicon
16571,50,3794,41179,battery,negative,0.86,died,lexicon
16572,50,3794,41180,battery,neutral,0.55,,lexicon
16573,50,3794,41182,display,negative,0.748,issues,lexicon
16574,50,3795,41199,price,positive,0.895,reasonable,lexicon
16575,50,3795,41202,display,positive,0.86,great,lexicon
16576,50,3795,41202,design,positive,0.86,great,lexicon
16577,50,3796,41204,price,positive,0.895,good,lexicon
16578,50,3796,41206,battery,negative,0.806,slow,lexicon
16579,50,3796,41206,performance,negative,0.806,slow,lexicon
16580,50,3796,41207,battery,positive,0.725,decent,lexicon
16581,50,3796,41208,camera,positive,0.669,good,lexicon
16582,50,3797,41210,price,positive,0.95,great,lexicon
16583,50,3797,41212,battery,negative,0.815,issue,lexicon
16584,50,3797,41213,battery,positive,0.905,fantastic,lexicon
16585,50,3798,41217,battery,neutral,0.55,,lexicon
16586,50,3798,41229,camera,neutral,0.55,,lexicon
16587,50,3798,41233,display,neutral,0.55,,lexicon
16588,50,3798,41233,performance,neutral,0.55,,lexicon
16589,50,3799,41237,price,positive,0.927,excellent,lexicon
16590,50,3799,41237,display,neutral,0.55,,lexicon
16591,50,3799,41237,battery,neutral,0.55,,lexicon
16592,50,3800,41239,battery,negative,0.894,expensive,lexicon
16593,50,3800,41239,price,negative,0.894,expensive,lexicon
16594,50,3800,41241,price,negative,0.883,disappointed,lexicon
16595,50,3800,41242,battery,neutral,0.55,,lexicon
16596,50,3800,41243,battery,positive,0.748,better,lexicon
16597,50,3800,41243,price,positive,0.748,better,lexicon
16598,50,3800,41244,price,positive,0.748,better,lexicon
16599,50,3800,41246,battery,positive,0.792,good,lexicon
16600,50,3800,41246,price,positive,0.792,good,lexicon
16601,50,3800,41247,price,positive,0.838,recommend,lexicon
16602,50,3805,41252,display,neutral,0.55,,lexicon
16603,50,3805,41253,camera,neutral,0.55,,lexicon
16604,50,3806,41259,price,neutral,0.55,,lexicon
16605,50,3806,41264,display,neutral,0.55,,lexicon
16606,50,3809,41284,battery,positive,0.792,good,lexicon
16607,50,3809,41284,display,positive,0.792,good,lexicon
16608,50,3809,41285,performance,neutral,0.55,,lexicon
16609,50,3810,41291,battery,positive,0.883,smooth,lexicon
16610,50,3810,41291,performance,positive,0.883,smooth,lexicon
16611,50,3811,41293,battery,positive,0.77,bad,lexicon
16612,50,3811,41293,camera,positive,0.77,bad,lexicon
16613,50,3812,41301,battery,neutral,0.55,,lexicon
16614,50,3812,41301,camera,neutral,0.55,,lexicon
16615,50,3812,41305,battery,positive,0.698,issues,lexicon
16616,50,3812,41307,design,neutral,0.55,,lexicon
16617,50,3812,41308,design,neutral,0.55,,lexicon
16618,50,3812,41309,design,positive,0.725,like,lexicon
16619,50,3812,41310,design,neutral,0.55,,lexicon
16620,50,3812,41311,battery,positive,0.86,great,lexicon
16621,50,3812,41311,camera,positive,0.86,great,lexicon
16622,50,3812,41311,design,positive,0.86,great,lexicon
16623,50,3812,41312,design,negative,0.95,disappointed,lexicon
16624,50,3812,41315,design,positive,0.725,like,lexicon
16625,50,3814,41319,battery,positive,0.815,faster,lexicon
16626,50,3814,41320,battery,neutral,0.55,,lexicon
16627,50,3814,41321,battery,positive,0.613,excellent,lexicon
16628,51,3867,41325,battery,positive,0.95,happy,lexicon
16629,51,3867,41327,battery,positive,0.95,excellent,lexicon
16630,51,3867,41329,battery,positive,0.62,bad,lexicon
16631,51,3867,41332,battery,negative,0.85,issue,lexicon
16632,51,3868,41340,camera,neutral,0.55,,lexicon
16633,51,3868,41341,battery,positive,0.838,happy,lexicon
16634,51,3868,41345,battery,positive,0.815,all day,lexicon
16635,51,3869,41354,battery,negative,0.927,worst,lexicon
16636,51,3869,41358,battery,neutral,0.55,,lexicon
16637,51,3869,41366,battery,neutral,0.55,,lexicon
16638,51,3869,41366,design,neutral,0.55,,lexicon
16639,51,3869,41367,battery,neutral,0.55,,lexicon
16640,51,3869,41369,battery,neutral,0.55,,lexicon
16641,51,3869,41370,battery,negative,0.86,dying,lexicon
16642,51,3869,41371,battery,negative,0.86,dies,lexicon
16643,51,3869,41372,battery,neutral,0.55,,lexicon
16644,51,3869,41373,battery,negative,0.86,dies,lexicon
16645,51,3869,41374,battery,negative,0.611,dies,lexicon
16646,51,3869,41375,battery,negative,0.86,died,lexicon
16647,51,3869,41376,battery,neutral,0.55,,lexicon
16648,51,3869,41378,display,negative,0.748,issues,lexicon
16649,51,3870,41395,price,positive,0.895,reasonable,lexicon
16650,51,3870,41398,display,positive,0.86,great,lexicon
16651,51,3870,41398,design,positive,0.86,great,lexicon
16652,51,3871,41400,price,positive,0.895,good,lexicon
16653,51,3871,41402,battery,negative,0.806,slow,lexicon
16654,51,3871,41402,performance,negative,0.806,slow,lexicon
16655,51,3871,41403,battery,positive,0.725,decent,lexicon
16656,51,3871,41404,camera,positive,0.669,good,lexicon
16657,51,3872,41406,price,positive,0.95,great,lexicon
16658,51,3872,41408,battery,negative,0.815,issue,lexicon
16659,51,3872,41409,battery,positive,0.905,fantastic,lexicon
16660,51,3873,41413,battery,neutral,0.55,,lexicon
16661,51,3873,41425,camera,neutral,0.55,,lexicon
16662,51,3873,41429,display,neutral,0.55,,lexicon
16663,51,3873,41429,performance,neutral,0.55,,lexicon
16664,51,3874,41433,price,positive,0.927,excellent,lexicon
16665,51,3874,41433,display,neutral,0.55,,lexicon
16666,51,3874,41433,battery,neutral,0.55,,lexicon
16667,51,3875,41435,battery,negative,0.894,expensive,lexicon
16668,51,3875,41435,price,negative,0.894,expensive,lexicon
16669,51,3875,41437,price,negative,0.883,disappointed,lexicon
16670,51,3875,41438,battery,neutral,0.55,,lexicon
16671,51,3875,41439,battery,positive,0.748,better,lexicon
16672,51,3875,41439,price,positive,0.748,better,lexicon
16673,51,3875,41440,price,positive,0.748,better,lexicon
16674,51,3875,41442,battery,positive,0.792,good,lexicon
16675,51,3875,41442,price,positive,0.792,good,lexicon
16676,51,3875,41443,price,positive,0.838,recommend,lexicon
16677,51,3880,41448,display,neutral,0.55,,lexicon
16678,51,3880,41449,camera,neutral,0.55,,lexicon
16679,51,3881,41455,price,neutral,0.55,,lexicon
16680,51,3881,41460,display,neutral,0.55,,lexicon
16681,51,3884,41480,battery,positive,0.792,good,lexicon
16682,51,3884,41480,display,positive,0.792,good,lexicon
16683,51,3884,41481,performance,neutral,0.55,,lexicon
16684,51,3885,41487,battery,positive,0.883,smooth,lexicon
16685,51,3885,41487,performance,positive,0.883,smooth,lexicon
16686,51,3886,41489,battery,positive,0.77,bad,lexicon
16687,51,3886,41489,camera,positive,0.77,bad,lexicon
16688,51,3887,41497,battery,neutral,0.55,,lexicon
16689,51,3887,41497,camera,neutral,0.55,,lexicon
16690,51,3887,41501,battery,positive,0.698,issues,lexicon
16691,51,3887,41503,design,neutral,0.55,,lexicon
16692,51,3887,41504,design,neutral,0.55,,lexicon
16693,51,3887,41505,design,positive,0.725,like,lexicon
16694,51,3887,41506,design,neutral,0.55,,lexicon
16695,51,3887,41507,battery,positive,0.86,great,lexicon
16696,51,3887,41507,camera,positive,0.86,great,lexicon
16697,51,3887,41507,design,positive,0.86,great,lexicon
16698,51,3887,41508,design,negative,0.95,disappointed,lexicon
16699,51,3887,41511,design,positive,0.725,like,lexicon
16700,51,3889,41515,battery,positive,0.815,faster,lexicon
16701,51,3889,41516,battery,neutral,0.55,,lexicon
16702,51,3889,41517,battery,positive,0.613,excellent,lexicon
16703,52,3892,41521,battery,positive,0.95,happy,lexicon
16704,52,3892,41523,battery,positive,0.95,excellent,lexicon
16705,52,3892,41525,battery,positive,0.62,bad,lexicon
16706,52,3892,41528,battery,negative,0.85,issue,lexicon
16707,52,3893,41536,camera,neutral,0.55,,lexicon
16708,52,3893,41537,battery,positive,0.838,happy,lexicon
16709,52,3893,41541,battery,positive,0.815,all day,lexicon
16710,52,3894,41550,battery,negative,0.927,worst,lexicon
16711,52,3894,41554,battery,neutral,0.55,,lexicon
16712,52,3894,41562,battery,neutral,0.55,,lexicon
16713,52,3894,41562,design,neutral,0.55,,lexicon
16714,52,3894,41563,battery,neutral,0.55,,lexicon
16715,52,3894,41565,battery,neutral,0.55,,lexicon
16716,52,3894,41566,battery,negative,0.86,dying,lexicon
16717,52,3894,41567,battery,negative,0.86,dies,lexicon
16718,52,3894,41568,battery,neutral,0.55,,lexicon
16719,52,3894,41569,battery,negative,0.86,dies,lexicon
16720,52,3894,41570,battery,negative,0.611,dies,lexicon
16721,52,3894,41571,battery,negative,0.86,died,lexicon
16722,52,3894,41572,battery,neutral,0.55,,lexicon
16723,52,3894,41574,display,negative,0.748,issues,lexicon
16724,52,3895,41591,price,positive,0.895,reasonable,lexicon
16725,52,3895,41594,display,positive,0.86,great,lexicon
16726,52,3895,41594,design,positive,0.86,great,lexicon
16727,52,3896,41596,price,positive,0.895,good,lexicon
16728,52,3896,41598,battery,negative,0.806,slow,lexicon
16729,52,3896,41598,performance,negative,0.806,slow,lexicon
16730,52,3896,41599,battery,positive,0.725,decent,lexicon
16731,52,3896,41600,camera,positive,0.669,good,lexicon
16732,52,3897,41602,price,positive,0.95,great,lexicon
16733,52,3897,41604,battery,negative,0.815,issue,lexicon
16734,52,3897,41605,battery,positive,0.905,fantastic,lexicon
16735,52,3898,41609,battery,neutral,0.55,,lexicon
16736,52,3898,41621,camera,neutral,0.55,,lexicon
16737,52,3898,41625,display,neutral,0.55,,lexicon
16738,52,3898,41625,performance,neutral,0.55,,lexicon
16739,52,3899,41629,price,positive,0.927,excellent,lexicon
16740,52,3899,41629,display,neutral,0.55,,lexicon
16741,52,3899,41629,battery,neutral,0.55,,lexicon
16742,52,3900,41631,battery,negative,0.894,expensive,lexicon
16743,52,3900,41631,price,negative,0.894,expensive,lexicon
16744,52,3900,41633,price,negative,0.883,disappointed,lexicon
16745,52,3900,41634,battery,neutral,0.55,,lexicon
16746,52,3900,41635,battery,positive,0.748,better,lexicon
16747,52,3900,41635,price,positive,0.748,better,lexicon
16748,52,3900,41636,price,positive,0.748,better,lexicon
16749,52,3900,41638,battery,positive,0.792,good,lexicon
16750,52,3900,41638,price,positive,0.792,good,lexicon
16751,52,3900,41639,price,positive,0.838,recommend,lexicon
16752,52,3905,41644,display,neutral,0.55,,lexicon
16753,52,3905,41645,camera,neutral,0.55,,lexicon
16754,52,3906,41651,price,neutral,0.55,,lexicon
16755,52,3906,41656,display,neutral,0.55,,lexicon
16756,52,3909,41676,battery,positive,0.792,good,lexicon
16757,52,3909,41676,display,positive,0.792,good,lexicon
16758,52,3909,41677,performance,neutral,0.55,,lexicon
16759,52,3910,41683,battery,positive,0.883,smooth,lexicon
16760,52,3910,41683,performance,positive,0.883,smooth,lexicon
16761,52,3911,41685,battery,positive,0.77,bad,lexicon
16762,52,3911,41685,camera,positive,0.77,bad,lexicon
16763,52,3912,41693,battery,neutral,0.55,,lexicon
16764,52,3912,41693,camera,neutral,0.55,,lexicon
16765,52,3912,41697,battery,positive,0.698,issues,lexicon
16766,52,3912,41699,design,neutral,0.55,,lexicon
16767,52,3912,41700,design,neutral,0.55,,lexicon
16768,52,3912,41701,design,positive,0.725,like,lexicon
16769,52,3912,41702,design,neutral,0.55,,lexicon
16770,52,3912,41703,battery,positive,0.86,great,lexicon
16771,52,3912,41703,camera,positive,0.86,great,lexicon
16772,52,3912,41703,design,positive,0.86,great,lexicon
16773,52,3912,41704,design,negative,0.95,disappointed,lexicon
16774,52,3912,41707,design,positive,0.725,like,lexicon
16775,52,3914,41711,battery,positive,0.815,faster,lexicon
16776,52,3914,41712,battery,neutral,0.55,,lexicon
16777,52,3914,41713,battery,positive,0.613,excellent,lexicon
16778,53,3966,41717,battery,positive,0.95,happy,lexicon
16779,53,3966,41719,battery,positive,0.95,excellent,lexicon
16780,53,3966,41721,battery,positive,0.62,bad,lexicon
16781,53,3966,41724,battery,negative,0.85,issue,lexicon
16782,53,3967,41732,camera,neutral,0.55,,lexicon
16783,53,3967,41733,battery,positive,0.838,happy,lexicon
16784,53,3967,41737,battery,positive,0.815,all day,lexicon
16785,53,3968,41746,battery,negative,0.927,worst,lexicon
16786,53,3968,41750,battery,neutral,0.55,,lexicon
16787,53,3968,41758,battery,neutral,0.55,,lexicon
16788,53,3968,41758,design,neutral,0.55,,lexicon
16789,53,3968,41759,battery,neutral,0.55,,lexicon
16790,53,3968,41761,battery,neutral,0.55,,lexicon
16791,53,3968,41762,battery,negative,0.86,dying,lexicon
16792,53,3968,41763,battery,negative,0.86,dies,lexicon
16793,53,3968,41764,battery,neutral,0.55,,lexicon
16794,53,3968,41765,battery,negative,0.86,dies,lexicon
16795,53,3968,41766,battery,negative,0.611,dies,lexicon
16796,53,3968,41767,battery,negative,0.86,died,lexicon
16797,53,3968,41768,battery,neutral,0.55,,lexicon
16798,53,3968,41770,display,negative,0.748,issues,lexicon
16799,53,3969,41787,price,positive,0.895,reasonable,lexicon
16800,53,3969,41790,display,positive,0.86,great,lexicon
16801,53,3969,41790,design,positive,0.86,great,lexicon
16802,53,3970,41792,price,positive,0.895,good,lexicon
16803,53,3970,41794,battery,negative,0.806,slow,lexicon
16804,53,3970,41794,performance,negative,0.806,slow,lexicon
16805,53,3970,41795,battery,positive,0.725,decent,lexicon
16806,53,3970,41796,camera,positive,0.669,good,lexicon
16807,53,3971,41798,price,positive,0.95,great,lexicon
16808,53,3971,41800,battery,negative,0.815,issue,lexicon
16809,53,3971,41801,battery,positive,0.905,fantastic,lexicon
16810,53,3972,41805,battery,neutral,0.55,,lexicon
16811,53,3972,41817,camera,neutral,0.55,,lexicon
16812,53,3972,41821,display,neutral,0.55,,lexicon
16813,53,3972,41821,performance,neutral,0.55,,lexicon
16814,53,3973,41825,price,positive,0.927,excellent,lexicon
16815,53,3973,41825,display,neutral,0.55,,lexicon
16816,53,3973,41825,battery,neutral,0.55,,lexicon
16817,53,3974,41827,battery,negative,0.894,expensive,lexicon
16818,53,3974,41827,price,negative,0.894,expensive,lexicon
16819,53,3974,41829,price,negative,0.883,disappointed,lexicon
16820,53,3974,41830,battery,neutral,0.55,,lexicon
16821,53,3974,41831,battery,positive,0.748,better,lexicon
16822,53,3974,41831,price,positive,0.748,better,lexicon
16823,53,3974,41832,price,positive,0.748,better,lexicon
16824,53,3974,41834,battery,positive,0.792,good,lexicon
16825,53,3974,41834,price,positive,0.792,good,lexicon
16826,53,3974,41835,price,positive,0.838,recommend,lexicon
16827,53,3979,41840,display,neutral,0.55,,lexicon
16828,53,3979,41841,camera,neutral,0.55,,lexicon
16829,53,3980,41847,price,neutral,0.55,,lexicon
16830,53,3980,41852,display,neutral,0.55,,lexicon
16831,53,3983,41872,battery,positive,0.792,good,lexicon
16832,53,3983,41872,display,positive,0.792,good,lexicon
16833,53,3983,41873,performance,neutral,0.55,,lexicon
16834,53,3984,41879,battery,positive,0.883,smooth,lexicon
16835,53,3984,41879,performance,positive,0.883,smooth,lexicon
16836,53,3985,41881,battery,positive,0.77,bad,lexicon
16837,53,3985,41881,camera,positive,0.77,bad,lexicon
16838,53,3986,41889,battery,neutral,0.55,,lexicon
16839,53,3986,41889,camera,neutral,0.55,,lexicon
16840,53,3986,41893,battery,positive,0.698,issues,lexicon
16841,53,3986,41895,design,neutral,0.55,,lexicon
16842,53,3986,41896,design,neutral,0.55,,lexicon
16843,53,3986,41897,design,positive,0.725,like,lexicon
16844,53,3986,41898,design,neutral,0.55,,lexicon
16845,53,3986,41899,battery,positive,0.86,great,lexicon
16846,53,3986,41899,camera,positive,0.86,great,lexicon
16847,53,3986,41899,design,positive,0.86,great,lexicon
16848,53,3986,41900,design,negative,0.95,disappointed,lexicon
16849,53,3986,41903,design,positive,0.725,like,lexicon
16850,53,3988,41907,battery,positive,0.815,faster,lexicon
16851,53,3988,41908,battery,neutral,0.55,,lexicon
16852,53,3988,41909,battery,positive,0.613,excellent,lexicon
16853,54,3991,41913,battery,positive,0.95,happy,lexicon
16854,54,3991,41915,battery,positive,0.95,excellent,lexicon
16855,54,3991,41917,battery,positive,0.62,bad,lexicon
16856,54,3991,41920,battery,negative,0.85,issue,lexicon
16857,54,3992,41928,camera,neutral,0.55,,lexicon
16858,54,3992,41929,battery,positive,0.838,happy,lexicon
16859,54,3992,41933,battery,positive,0.815,all day,lexicon
16860,54,3993,41942,battery,negative,0.927,worst,lexicon
16861,54,3993,41946,battery,neutral,0.55,,lexicon
16862,54,3993,41954,battery,neutral,0.55,,lexicon
16863,54,3993,41954,design,neutral,0.55,,lexicon
16864,54,3993,41955,battery,neutral,0.55,,lexicon
16865,54,3993,41957,battery,neutral,0.55,,lexicon
16866,54,3993,41958,battery,negative,0.86,dying,lexicon
16867,54,3993,41959,battery,negative,0.86,dies,lexicon
16868,54,3993,41960,battery,neutral,0.55,,lexicon
16869,54,3993,41961,battery,negative,0.86,dies,lexicon
16870,54,3993,41962,battery,negative,0.611,dies,lexicon
16871,54,3993,41963,battery,negative,0.86,died,lexicon
16872,54,3993,41964,battery,neutral,0.55,,lexicon
16873,54,3993,41966,display,negative,0.748,issues,lexicon
16874,54,3994,41983,price,positive,0.895,reasonable,lexicon
16875,54,3994,41986,display,positive,0.86,great,lexicon
16876,54,3994,41986,design,positive,0.86,great,lexicon
16877,54,3995,41988,price,positive,0.895,good,lexicon
16878,54,3995,41990,battery,negative,0.806,slow,lexicon
16879,54,3995,41990,performance,negative,0.806,slow,lexicon
16880,54,3995,41991,battery,positive,0.725,decent,lexicon
16881,54,3995,41992,camera,positive,0.669,good,lexicon
16882,54,3996,41994,price,positive,0.95,great,lexicon
16883,54,3996,41996,battery,negative,0.815,issue,lexicon
16884,54,3996,41997,battery,positive,0.905,fantastic,lexicon
16885,54,3997,42001,battery,neutral,0.55,,lexicon
16886,54,3997,42013,camera,neutral,0.55,,lexicon
16887,54,3997,42017,display,neutral,0.55,,lexicon
16888,54,3997,42017,performance,neutral,0.55,,lexicon
16889,54,3998,42021,price,positive,0.927,excellent,lexicon
16890,54,3998,42021,display,neutral,0.55,,lexicon
16891,54,3998,42021,battery,neutral,0.55,,lexicon
16892,54,3999,42023,battery,negative,0.894,expensive,lexicon
16893,54,3999,42023,price,negative,0.894,expensive,lexicon
16894,54,3999,42025,price,negative,0.883,disappointed,lexicon
16895,54,3999,42026,battery,neutral,0.55,,lexicon
16896,54,3999,42027,battery,positive,0.748,better,lexicon
16897,54,3999,42027,price,positive,0.748,better,lexicon
16898,54,3999,42028,price,positive,0.748,better,lexicon
16899,54,3999,42030,battery,positive,0.792,good,lexicon
16900,54,3999,42030,price,positive,0.792,good,lexicon
16901,54,3999,42031,price,positive,0.838,recommend,lexicon
16902,54,4004,42036,display,neutral,0.55,,lexicon
16903,54,4004,42037,camera,neutral,0.55,,lexicon
16904,54,4005,42043,price,neutral,0.55,,lexicon
16905,54,4005,42048,display,neutral,0.55,,lexicon
16906,54,4008,42068,battery,positive,0.792,good,lexicon
16907,54,4008,42068,display,positive,0.792,good,lexicon
16908,54,4008,42069,performance,neutral,0.55,,lexicon
16909,54,4009,42075,battery,positive,0.883,smooth,lexicon
16910,54,4009,42075,performance,positive,0.883,smooth,lexicon
16911,54,4010,42077,battery,positive,0.77,bad,lexicon
16912,54,4010,42077,camera,positive,0.77,bad,lexicon
16913,54,4011,42085,battery,neutral,0.55,,lexicon
16914,54,4011,42085,camera,neutral,0.55,,lexicon
16915,54,4011,42089,battery,positive,0.698,issues,lexicon
16916,54,4011,42091,design,neutral,0.55,,lexicon
16917,54,4011,42092,design,neutral,0.55,,lexicon
16918,54,4011,42093,design,positive,0.725,like,lexicon
16919,54,4011,42094,design,neutral,0.55,,lexicon
16920,54,4011,42095,battery,positive,0.86,great,lexicon
16921,54,4011,42095,camera,positive,0.86,great,lexicon
16922,54,4011,42095,design,positive,0.86,great,lexicon
16923,54,4011,42096,design,negative,0.95,disappointed,lexicon
16924,54,4011,42099,design,positive,0.725,like,lexicon
16925,54,4013,42103,battery,positive,0.815,faster,lexicon
16926,54,4013,42104,battery,neutral,0.55,,lexicon
16927,54,4013,42105,battery,positive,0.613,excellent,lexicon
16928,55,4041,42109,battery,positive,0.95,happy,lexicon
16929,55,4041,42111,battery,positive,0.95,excellent,lexicon
16930,55,4041,42113,battery,positive,0.62,bad,lexicon
16931,55,4041,42116,battery,negative,0.85,issue,lexicon
16932,55,4042,42124,camera,neutral,0.55,,lexicon
16933,55,4042,42125,battery,positive,0.838,happy,lexicon
16934,55,4042,42129,battery,positive,0.815,all day,lexicon
16935,55,4043,42138,battery,negative,0.927,worst,lexicon
16936,55,4043,42142,battery,neutral,0.55,,lexicon
16937,55,4043,42150,battery,neutral,0.55,,lexicon
16938,55,4043,42150,design,neutral,0.55,,lexicon
16939,55,4043,42151,battery,neutral,0.55,,lexicon
16940,55,4043,42153,battery,neutral,0.55,,lexicon
16941,55,4043,42154,battery,negative,0.86,dying,lexicon
16942,55,4043,42155,battery,negative,0.86,dies,lexicon
16943,55,4043,42156,battery,neutral,0.55,,lexicon
16944,55,4043,42157,battery,negative,0.86,dies,lexicon
16945,55,4043,42158,battery,negative,0.611,dies,lexicon
16946,55,4043,42159,battery,negative,0.86,died,lexicon
16947,55,4043,42160,battery,neutral,0.55,,lexicon
16948,55,4043,42162,display,negative,0.748,issues,lexicon
16949,55,4044,42179,price,positive,0.895,reasonable,lexicon
16950,55,4044,42182,display,positive,0.86,great,lexicon
16951,55,4044,42182,design,positive,0.86,great,lexicon
16952,55,4045,42184,price,positive,0.895,good,lexicon
16953,55,4045,42186,battery,negative,0.806,slow,lexicon
16954,55,4045,42186,performance,negative,0.806,slow,lexicon
16955,55,4045,42187,battery,positive,0.725,decent,lexicon
16956,55,4045,42188,camera,positive,0.669,good,lexicon
16957,55,4046,42190,price,positive,0.95,great,lexicon
16958,55,4046,42192,battery,negative,0.815,issue,lexicon
16959,55,4046,42193,battery,positive,0.905,fantastic,lexicon
16960,55,4047,42197,battery,neutral,0.55,,lexicon
16961,55,4047,42209,camera,neutral,0.55,,lexicon
16962,55,4047,42213,display,neutral,0.55,,lexicon
16963,55,4047,42213,performance,neutral,0.55,,lexicon
16964,55,4048,42217,price,positive,0.927,excellent,lexicon
16965,55,4048,42217,display,neutral,0.55,,lexicon
16966,55,4048,42217,battery,neutral,0.55,,lexicon
16967,55,4049,42219,battery,negative,0.894,expensive,lexicon
16968,55,4049,42219,price,negative,0.894,expensive,lexicon
16969,55,4049,42221,price,negative,0.883,disappointed,lexicon
16970,55,4049,42222,battery,neutral,0.55,,lexicon
16971,55,4049,42223,battery,positive,0.748,better,lexicon
16972,55,4049,42223,price,positive,0.748,better,lexicon
16973,55,4049,42224,price,positive,0.748,better,lexicon
16974,55,4049,42226,battery,positive,0.792,good,lexicon
16975,55,4049,42226,price,positive,0.792,good,lexicon
16976,55,4049,42227,price,positive,0.838,recommend,lexicon
16977,55,4054,42232,display,neutral,0.55,,lexicon
16978,55,4054,42233,camera,neutral,0.55,,lexicon
16979,55,4055,42239,price,neutral,0.55,,lexicon
16980,55,4055,42244,display,neutral,0.55,,lexicon
16981,55,4058,42264,battery,positive,0.792,good,lexicon
16982,55,4058,42264,display,positive,0.792,good,lexicon
16983,55,4058,42265,performance,neutral,0.55,,lexicon
16984,55,4059,42271,battery,positive,0.883,smooth,lexicon
16985,55,4059,42271,performance,positive,0.883,smooth,lexicon
16986,55,4060,42273,battery,positive,0.77,bad,lexicon
16987,55,4060,42273,camera,positive,0.77,bad,lexicon
16988,55,4061,42281,battery,neutral,0.55,,lexicon
16989,55,4061,42281,camera,neutral,0.55,,lexicon
16990,55,4061,42285,battery,positive,0.698,issues,lexicon
16991,55,4061,42287,design,neutral,0.55,,lexicon
16992,55,4061,42288,design,neutral,0.55,,lexicon
16993,55,4061,42289,design,positive,0.725,like,lexicon
16994,55,4061,42290,design,neutral,0.55,,lexicon
16995,55,4061,42291,battery,positive,0.86,great,lexicon
16996,55,4061,42291,camera,positive,0.86,great,lexicon
16997,55,4061,42291,design,positive,0.86,great,lexicon
16998,55,4061,42292,design,negative,0.95,disappointed,lexicon
16999,55,4061,42295,design,positive,0.725,like,lexicon
17000,55,4063,42299,battery,positive,0.815,faster,lexicon
17001,55,4063,42300,battery,neutral,0.55,,lexicon
17002,55,4063,42301,battery,positive,0.613,excellent,lexicon
17003,56,1831,42311,battery,neutral,0.55,,lexicon
17004,56,1831,42312,battery,neutral,0.55,,lexicon
17005,56,1831,42314,battery,positive,0.88,good,lexicon
17006,56,1831,42315,battery,neutral,0.55,,lexicon
17007,56,1831,42315,design,neutral,0.55,,lexicon
17008,56,1831,42321,display,positive,0.86,beautiful,lexicon
17009,56,1831,42322,display,neutral,0.55,,lexicon
17010,56,1834,42331,battery,neutral,0.55,,lexicon
17011,56,1834,42331,display,neutral,0.55,,lexicon
17012,56,1834,42336,price,neutral,0.55,,lexicon
17013,56,1834,42337,price,positive,0.815,worth,lexicon
17014,56,1835,42338,price,neutral,0.55,,lexicon
17015,56,1835,42339,battery,neutral,0.55,,lexicon
17016,56,1835,42339,display,neutral,0.55,,lexicon
17017,56,1835,42339,price,neutral,0.55,,lexicon
17018,56,1835,42340,battery,neutral,0.55,,lexicon
17019,56,1835,42340,display,neutral,0.55,,lexicon
17020,56,1835,42343,display,neutral,0.55,,lexicon
17021,56,1835,42344,display,neutral,0.55,,lexicon
17022,56,1835,42345,display,neutral,0.55,,lexicon
17023,56,1835,42347,display,neutral,0.55,,lexicon
17024,56,1835,42350,display,neutral,0.55,,lexicon
17025,56,1835,42351,display,negative,0.644,cheap,lexicon
17026,56,1835,42351,price,negative,0.644,cheap,lexicon
17027,56,1835,42352,price,neutral,0.55,,lexicon
17028,56,1835,42353,battery,neutral,0.55,,lexicon
17029,56,1835,42356,camera,neutral,0.55,,lexicon
17030,56,1835,42357,battery,neutral,0.55,,lexicon
17031,56,1835,42357,price,neutral,0.55,,lexicon
17032,56,1836,42360,battery,negative,0.95,defective,lexicon
17033,56,1836,42363,display,neutral,0.55,,lexicon
17034,56,1836,42366,display,negative,0.865,unusable,lexicon
17035,56,1836,42368,display,neutral,0.55,,lexicon
17036,56,1836,42369,display,neutral,0.55,,lexicon
17037,56,1836,42380,price,neutral,0.55,,lexicon
17038,56,1837,42381,price,positive,0.914,great,lexicon
17039,56,1837,42384,battery,positive,0.77,solid,lexicon
17040,56,1837,42384,display,positive,0.945,fast,lexicon
17041,56,1837,42384,performance,positive,0.945,fast,lexicon
17042,56,1837,42386,price,positive,0.95,happy,lexicon
17043,56,1843,42394,price,neutral,0.55,,lexicon
17044,56,1845,42395,performance,positive,0.95,amazing,lexicon
17045,56,1845,42397,battery,positive,0.95,smooth,lexicon
17046,56,1845,42397,performance,positive,0.95,smooth,lexicon
17047,56,1845,42408,display,neutral,0.55,,lexicon
17048,56,1845,42414,battery,neutral,0.55,,lexicon
17049,56,1845,42418,design,positive,0.815,premium,lexicon
17050,56,1845,42421,camera,neutral,0.55,,lexicon
17051,56,1845,42421,design,neutral,0.55,,lexicon
17052,56,1845,42424,performance,neutral,0.55,,lexicon
17053,56,1845,42426,performance,positive,0.815,faster,lexicon
17054,56,1845,42428,camera,positive,0.905,incredible,lexicon
17055,56,1845,42428,display,positive,0.905,incredible,lexicon
17056,56,1845,42429,display,neutral,0.55,,lexicon
17057,56,1845,42430,camera,neutral,0.55,,lexicon
17058,56,1845,42431,camera,positive,0.838,sharp,lexicon
17059,56,1845,42431,display,positive,0.95,impressive,lexicon
17060,56,1848,42435,price,negative,0.815,expensive,lexicon
17061,56,1848,42437,battery,positive,0.77,bad,lexicon
17062,56,1848,42448,performance,neutral,0.55,,lexicon
17063,56,1848,42453,price,neutral,0.55,,lexicon
17064,56,1848,42456,display,neutral,0.55,,lexicon
17065,56,1849,42463,design,positive,0.725,like,lexicon
17066,56,1849,42465,battery,neutral,0.55,,lexicon
17067,56,1849,42468,battery,neutral,0.55,,lexicon
17068,56,1849,42469,battery,neutral,0.55,,lexicon
17069,56,1849,42470,battery,positive,0.93,all day,lexicon
17070,56,1849,42470,display,positive,0.815,all day,lexicon
17071,56,1849,42471,design,positive,0.725,like,lexicon
17072,56,1850,42479,design,positive,0.945,great,lexicon
17073,56,1850,42480,display,negative,0.748,issue,lexicon
17074,56,1850,42481,battery,neutral,0.55,,lexicon
17075,56,1851,42485,battery,neutral,0.55,,lexicon
17076,56,1851,42487,battery,neutral,0.55,,lexicon
17077,56,1851,42487,display,neutral,0.55,,lexicon
17078,56,1851,42492,display,neutral,0.55,,lexicon
17079,56,1851,42493,performance,positive,0.907,fast,lexicon
17080,56,1851,42495,camera,positive,0.929,better,lexicon
17081,56,1851,42495,display,positive,0.95,recommend,lexicon
17082,56,1852,42496,battery,positive,0.77,nice,lexicon
17083,56,1852,42497,battery,negative,0.59,great,lexicon
17084,56,1853,42502,battery,positive,0.725,like,lexicon
17085,56,1853,42502,camera,positive,0.905,awesome,lexicon
17086,56,1853,42503,performance,positive,0.95,great,lexicon
17087,56,1853,42506,battery,neutral,0.55,,lexicon
17088,56,1854,42511,battery,positive,0.95,great,lexicon
17089,56,1854,42512,display,positive,0.86,great,lexicon
17090,56,1854,42513,design,neutral,0.503,fine,lexicon
17091,56,1854,42516,battery,positive,0.95,impressive,lexicon
17092,56,1854,42516,performance,positive,0.86,fast,lexicon
17093,56,1855,42522,design,positive,0.95,great,lexicon
17094,56,1855,42522,battery,neutral,0.55,,lexicon
17095,57,4066,42530,battery,neutral,0.55,,lexicon
17096,57,4066,42531,battery,neutral,0.55,,lexicon
17097,57,4066,42533,battery,positive,0.88,good,lexicon
17098,57,4066,42534,battery,neutral,0.55,,lexicon
17099,57,4066,42534,design,neutral,0.55,,lexicon
17100,57,4066,42540,display,positive,0.86,beautiful,lexicon
17101,57,4066,42541,display,neutral,0.55,,lexicon
17102,57,4069,42550,battery,neutral,0.55,,lexicon
17103,57,4069,42550,display,neutral,0.55,,lexicon
17104,57,4069,42555,price,neutral,0.55,,lexicon
17105,57,4069,42556,price,positive,0.815,worth,lexicon
17106,57,4070,42557,price,neutral,0.55,,lexicon
17107,57,4070,42558,battery,neutral,0.55,,lexicon
17108,57,4070,42558,display,neutral,0.55,,lexicon
17109,57,4070,42558,price,neutral,0.55,,lexicon
17110,57,4070,42559,battery,neutral,0.55,,lexicon
17111,57,4070,42559,display,neutral,0.55,,lexicon
17112,57,4070,42562,display,neutral,0.55,,lexicon
17113,57,4070,42563,display,neutral,0.55,,lexicon
17114,57,4070,42564,display,neutral,0.55,,lexicon
17115,57,4070,42566,display,neutral,0.55,,lexicon
17116,57,4070,42569,display,neutral,0.55,,lexicon
17117,57,4070,42570,display,negative,0.644,cheap,lexicon
17118,57,4070,42570,price,negative,0.644,cheap,lexicon
17119,57,4070,42571,price,neutral,0.55,,lexicon
17120,57,4070,42572,battery,neutral,0.55,,lexicon
17121,57,4070,42575,camera,neutral,0.55,,lexicon
17122,57,4070,42576,battery,neutral,0.55,,lexicon
17123,57,4070,42576,price,neutral,0.55,,lexicon
17124,57,4071,42579,battery,negative,0.95,defective,lexicon
17125,57,4071,42582,display,neutral,0.55,,lexicon
17126,57,4071,42585,display,negative,0.865,unusable,lexicon
17127,57,4071,42587,display,neutral,0.55,,lexicon
17128,57,4071,42588,display,neutral,0.55,,lexicon
17129,57,4071,42599,price,neutral,0.55,,lexicon
17130,57,4072,42600,price,positive,0.914,great,lexicon
17131,57,4072,42603,battery,positive,0.77,solid,lexicon
17132,57,4072,42603,display,positive,0.945,fast,lexicon
17133,57,4072,42603,performance,positive,0.945,fast,lexicon
17134,57,4072,42605,price,positive,0.95,happy,lexicon
17135,57,4078,42613,price,neutral,0.55,,lexicon
17136,57,4080,42614,performance,positive,0.95,amazing,lexicon
17137,57,4080,42616,battery,positive,0.95,smooth,lexicon
17138,57,4080,42616,performance,positive,0.95,smooth,lexicon
17139,57,4080,42627,display,neutral,0.55,,lexicon
17140,57,4080,42633,battery,neutral,0.55,,lexicon
17141,57,4080,42637,design,positive,0.815,premium,lexicon
17142,57,4080,42640,camera,neutral,0.55,,lexicon
17143,57,4080,42640,design,neutral,0.55,,lexicon
17144,57,4080,42643,performance,neutral,0.55,,lexicon
17145,57,4080,42645,performance,positive,0.815,faster,lexicon
17146,57,4080,42647,camera,positive,0.905,incredible,lexicon
17147,57,4080,42647,display,positive,0.905,incredible,lexicon
17148,57,4080,42648,display,neutral,0.55,,lexicon
17149,57,4080,42649,camera,neutral,0.55,,lexicon
17150,57,4080,42650,camera,positive,0.838,sharp,lexicon
17151,57,4080,42650,display,positive,0.95,impressive,lexicon
17152,58,1805,42656,design,positive,0.95,excellent,lexicon
17153,58,1805,42658,camera,positive,0.95,excellent,lexicon
17154,58,1805,42658,display,positive,0.93,clear,lexicon
17155,58,1805,42659,battery,positive,0.792,good,lexicon
17156,58,1805,42661,battery,neutral,0.55,,lexicon
17157,58,1805,42661,camera,neutral,0.55,,lexicon
17158,58,1805,42661,performance,neutral,0.55,,lexicon
17159,58,1806,42665,display,positive,0.95,fast,lexicon
17160,58,1806,42665,performance,positive,0.95,fast,lexicon
17161,58,1806,42666,battery,positive,0.95,amazing,lexicon
17162,58,1806,42666,camera,positive,0.95,amazing,lexicon
17163,58,1806,42666,performance,positive,0.95,amazing,lexicon
17164,58,1806,42667,performance,positive,0.95,outstanding,lexicon
17165,58,1806,42667,design,positive,0.815,premium,lexicon
17166,58,1806,42668,price,positive,0.95,recommend,lexicon
17167,58,1807,42675,camera,positive,0.748,better,lexicon
17168,58,1807,42675,display,positive,0.748,better,lexicon
17169,58,1807,42680,battery,neutral,0.55,,lexicon
17170,58,1808,42683,price,positive,0.815,worth,lexicon
17171,58,1808,42690,price,neutral,0.55,,lexicon
17172,58,1808,42691,price,positive,0.792,reasonable,lexicon
17173,58,1808,42692,price,neutral,0.55,,lexicon
17174,58,1808,42695,price,positive,0.815,premium,lexicon
17175,58,1808,42695,battery,neutral,0.55,,lexicon
17176,58,1808,42696,price,positive,0.815,worth,lexicon
17177,58,1808,42697,battery,neutral,0.55,,lexicon
17178,58,1808,42697,price,neutral,0.55,,lexicon
17179,58,1808,42698,price,negative,0.909,expensive,lexicon
17180,58,1808,42704,battery,positive,0.77,lasting,lexicon
17181,58,1808,42705,display,positive,0.883,gorgeous,lexicon
17182,58,1808,42705,design,positive,0.905,brilliant,lexicon
17183,58,1808,42706,display,neutral,0.55,,lexicon
17184,58,1809,42710,price,positive,0.792,good,lexicon
17185,58,1810,42711,price,neutral,0.55,,lexicon
17186,58,1810,42712,price,neutral,0.55,,lexicon
17187,58,1810,42717,performance,positive,0.86,fast,lexicon
17188,58,1810,42719,battery,neutral,0.55,,lexicon
17189,58,1810,42722,battery,neutral,0.55,,lexicon
17190,58,1810,42723,battery,positive,0.792,good,lexicon
17191,58,1810,42723,price,positive,0.792,good,lexicon
17192,58,1810,42724,camera,neutral,0.55,,lexicon
17193,58,1810,42728,display,neutral,0.55,,lexicon
17194,58,1810,42734,camera,positive,0.748,better,lexicon
17195,58,1810,42736,display,positive,0.95,love,lexicon
17196,58,1810,42736,performance,positive,0.95,love,lexicon
17197,58,1810,42739,price,neutral,0.55,,lexicon
17198,58,1810,42742,battery,neutral,0.55,,lexicon
17199,58,1810,42743,battery,negative,0.77,complaint,lexicon
17200,58,1810,42744,battery,neutral,0.55,,lexicon
17201,58,1810,42745,battery,neutral,0.55,,lexicon
17202,58,1810,42746,battery,positive,0.86,fast,lexicon
17203,58,1810,42746,performance,positive,0.86,fast,lexicon
17204,58,1811,42750,display,neutral,0.55,,lexicon
17205,58,1811,42752,battery,positive,0.883,impressive,lexicon
17206,58,1811,42754,price,positive,0.815,worth,lexicon
17207,58,1812,42760,battery,neutral,0.55,issues,lexicon
17208,58,1812,42761,battery,neutral,0.55,,lexicon
17209,58,1812,42762,display,positive,0.759,problem,lexicon
17210,58,1812,42764,battery,negative,0.748,issue,lexicon
17211,58,1812,42764,price,positive,0.815,premium,lexicon
17212,58,1812,42765,battery,neutral,0.55,,lexicon
17213,58,1812,42768,camera,positive,0.86,great,lexicon
17214,58,1812,42769,camera,positive,0.905,fantastic,lexicon
17215,58,1812,42777,battery,positive,0.77,nice,lexicon
17216,58,1812,42778,battery,neutral,0.55,,lexicon
17217,58,1813,42781,price,positive,0.95,best,lexicon
17218,58,1813,42782,performance,positive,0.95,fast,lexicon
17219,58,1813,42782,price,positive,0.95,fast,lexicon
17220,58,1818,42788,battery,neutral,0.55,,lexicon
17221,58,1818,42790,battery,neutral,0.55,,lexicon
17222,58,1818,42794,battery,positive,0.927,excellent,lexicon
17223,58,1820,42803,display,neutral,0.55,,lexicon
17224,58,1820,42807,battery,neutral,0.55,,lexicon
17225,58,1821,42811,display,neutral,0.55,,lexicon
17226,58,1821,42812,display,positive,0.927,excellent,lexicon
17227,58,1821,42813,display,neutral,0.55,,lexicon
17228,58,1821,42815,display,negative,0.86,cracked,lexicon
17229,58,1821,42816,display,neutral,0.55,,lexicon
17230,58,1821,42817,price,neutral,0.492,excellent,lexicon
17231,58,1821,42819,display,neutral,0.55,,lexicon
17232,58,1821,42820,display,negative,0.92,excellent,lexicon
17233,58,1821,42821,display,neutral,0.55,,lexicon
17234,58,1823,42826,price,positive,0.95,great,lexicon
17235,58,1823,42828,design,positive,0.925,premium,lexicon
17236,58,1823,42829,battery,positive,0.95,amazing,lexicon
17237,58,1823,42829,camera,positive,0.95,amazing,lexicon
17238,58,1823,42829,performance,positive,0.95,amazing,lexicon
17239,58,1823,42831,price,positive,0.86,great,lexicon
17240,58,1823,42832,price,positive,0.95,perfect,lexicon
17241,58,1824,42835,design,neutral,0.55,,lexicon
17242,58,1824,42836,battery,positive,0.792,good,lexicon
17243,58,1824,42836,display,positive,0.95,excellent,lexicon
17244,58,1824,42837,battery,neutral,0.55,,lexicon
17245,58,1824,42839,battery,neutral,0.55,,lexicon
17246,58,1825,42842,battery,positive,0.792,good,lexicon
17247,58,1825,42843,performance,neutral,0.55,,lexicon
17248,58,1825,42844,camera,positive,0.77,nice,lexicon
17249,58,1825,42844,display,positive,0.95,crisp,lexicon
17250,58,1825,42846,camera,neutral,0.55,,lexicon
17251,58,1825,42846,display,neutral,0.55,,lexicon
17252,58,1825,42848,display,neutral,0.55,,lexicon
17253,58,1825,42850,display,neutral,0.55,,lexicon
17254,58,1826,42854,performance,positive,0.95,stunning,lexicon
17255,58,1826,42855,performance,positive,0.95,seamless,lexicon
17256,58,1826,42856,camera,positive,0.95,perfect,lexicon
17257,58,1826,42856,display,positive,0.95,perfect,lexicon
17258,58,1826,42857,camera,neutral,0.55,,lexicon
17259,58,1826,42858,battery,positive,0.815,all day,lexicon
17260,58,1826,42858,design,positive,0.815,all day,lexicon
17261,58,1826,42859,performance,positive,0.815,premium,lexicon
17262,58,1828,42866,performance,positive,0.95,fast,lexicon
17263,58,1829,42868,battery,neutral,0.471,bad,lexicon
17264,59,1363,42874,battery,positive,0.927,amazing,lexicon
17265,59,1363,42874,camera,positive,0.883,smooth,lexicon
17266,59,1363,42874,performance,positive,0.883,smooth,lexicon
17267,59,1363,42875,display,positive,0.743,fine,lexicon
17268,59,1363,42876,camera,positive,0.95,great,lexicon
17269,59,1363,42878,display,neutral,0.55,,lexicon
17270,59,1363,42879,battery,neutral,0.55,,lexicon
17271,59,1363,42879,display,neutral,0.55,,lexicon
17272,59,1363,42880,battery,neutral,0.358,worst,lexicon
17273,59,1363,42880,price,neutral,0.358,worst,lexicon
17274,59,1364,42885,battery,positive,0.77,lasts,lexicon
17275,59,1364,42892,price,positive,0.86,great,lexicon
17276,59,1364,42893,display,positive,0.851,nice,lexicon
17277,59,1365,42902,display,neutral,0.55,,lexicon
17278,59,1365,42904,display,neutral,0.55,,lexicon
17279,59,1365,42904,price,neutral,0.55,,lexicon
17280,59,1365,42904,design,negative,0.883,shattered,lexicon
17281,59,1365,42905,battery,positive,0.86,fast,lexicon
17282,59,1365,42905,performance,positive,0.86,fast,lexicon
17283,59,1366,42913,price,neutral,0.55,,lexicon
17284,59,1366,42923,battery,positive,0.927,perfect,lexicon
17285,59,1366,42924,battery,negative,0.883,disappointment,lexicon
17286,59,1366,42928,battery,negative,0.748,issues,lexicon
17287,59,1366,42929,price,neutral,0.55,,lexicon
17288,59,1366,42930,price,neutral,0.55,,lexicon
17289,59,1366,42931,design,neutral,0.55,,lexicon
17290,59,1366,42932,battery,neutral,0.55,,lexicon
17291,59,1366,42933,price,neutral,0.55,,lexicon
17292,59,1366,42934,battery,neutral,0.55,,lexicon
17293,59,1366,42937,price,positive,0.866,good,lexicon
17294,59,1366,42943,price,neutral,0.55,,lexicon
17295,59,1366,42944,price,neutral,0.55,,lexicon
17296,59,1367,42950,camera,positive,0.95,recommend,lexicon
17297,59,1367,42951,camera,positive,0.703,fine,lexicon
17298,59,1367,42953,battery,neutral,0.55,,lexicon
17299,59,1367,42954,battery,neutral,0.55,,lexicon
17300,59,1367,42955,battery,neutral,0.424,fast,lexicon
17301,59,1367,42955,performance,neutral,0.424,fast,lexicon
17302,59,1368,42963,design,positive,0.95,amazing,lexicon
17303,59,1368,42964,battery,positive,0.95,beautiful,lexicon
17304,59,1368,42964,display,positive,0.86,beautiful,lexicon
17305,59,1368,42965,performance,positive,0.86,fast,lexicon
17306,59,1369,42968,price,positive,0.95,happy,lexicon
17307,59,1369,42969,battery,positive,0.77,lasts,lexicon
17308,59,1369,42969,camera,positive,0.927,amazing,lexicon
17309,59,1369,42971,price,positive,0.815,worth,lexicon
17310,59,1370,42975,battery,neutral,0.55,,lexicon
17311,59,1370,42976,battery,neutral,0.55,,lexicon
17312,59,1370,42977,camera,positive,0.725,like,lexicon
17313,59,1370,42977,design,positive,0.725,like,lexicon
17314,59,1370,42978,display,neutral,0.55,,lexicon
17315,59,1370,42979,camera,neutral,0.55,,lexicon
17316,59,1370,42980,display,neutral,0.55,,lexicon
17317,59,1370,42981,camera,positive,0.748,better,lexicon
17318,59,1370,42981,design,positive,0.748,better,lexicon
17319,59,1370,42984,battery,negative,0.905,overheating,lexicon
17320,59,1370,42984,performance,negative,0.905,overheating,lexicon
17321,59,1370,42985,display,positive,0.725,like,lexicon
17322,59,1370,42988,battery,neutral,0.55,,lexicon
17323,59,1370,42990,camera,neutral,0.55,,lexicon
17324,59,1370,42991,display,neutral,0.55,,lexicon
17325,59,1370,42992,camera,negative,0.842,perfect,lexicon
17326,59,1370,42993,camera,neutral,0.55,,lexicon
17327,59,1370,42994,camera,neutral,0.55,,lexicon
17328,59,1370,42995,battery,negative,0.63,slow,lexicon
17329,59,1370,42995,performance,negative,0.86,slow,lexicon
17330,59,1370,42997,design,positive,0.748,better,lexicon
17331,59,1370,42997,camera,positive,0.834,better,lexicon
17332,59,1370,42997,display,positive,0.834,better,lexicon
17333,59,1371,43000,battery,neutral,0.55,,lexicon
17334,59,1373,43002,price,positive,0.86,great,lexicon
17335,59,1373,43004,battery,positive,0.927,perfect,lexicon
17336,59,1376,43007,price,positive,0.815,worth,lexicon
17337,59,1376,43009,camera,neutral,0.55,,lexicon
17338,59,1376,43012,battery,positive,0.86,great,lexicon
17339,59,1376,43013,design,neutral,0.55,,lexicon
17340,59,1376,43013,performance,neutral,0.55,,lexicon
17341,59,1377,43021,price,negative,0.815,expensive,lexicon
17342,59,1377,43022,design,negative,0.595,expensive,lexicon
17343,59,1377,43022,price,negative,0.815,expensive,lexicon
17344,59,1377,43026,price,neutral,0.55,expensive,lexicon
17345,60,2245,43032,battery,positive,0.927,amazing,lexicon
17346,60,2245,43032,camera,positive,0.883,smooth,lexicon
17347,60,2245,43032,performance,positive,0.883,smooth,lexicon
17348,60,2245,43033,display,positive,0.743,fine,lexicon
17349,60,2245,43034,camera,positive,0.95,great,lexicon
17350,60,2245,43036,display,neutral,0.55,,lexicon
17351,60,2245,43037,battery,neutral,0.55,,lexicon
17352,60,2245,43037,display,neutral,0.55,,lexicon
17353,60,2245,43038,battery,neutral,0.358,worst,lexicon
17354,60,2245,43038,price,neutral,0.358,worst,lexicon
17355,60,2246,43043,battery,positive,0.77,lasts,lexicon
17356,60,2246,43050,price,positive,0.86,great,lexicon
17357,60,2246,43051,display,positive,0.851,nice,lexicon
17358,60,2247,43060,display,neutral,0.55,,lexicon
17359,60,2247,43062,display,neutral,0.55,,lexicon
17360,60,2247,43062,price,neutral,0.55,,lexicon
17361,60,2247,43062,design,negative,0.883,shattered,lexicon
17362,60,2247,43063,battery,positive,0.86,fast,lexicon
17363,60,2247,43063,performance,positive,0.86,fast,lexicon
17364,60,2248,43071,price,neutral,0.55,,lexicon
17365,60,2248,43081,battery,positive,0.927,perfect,lexicon
17366,60,2248,43082,battery,negative,0.883,disappointment,lexicon
17367,60,2248,43086,battery,negative,0.748,issues,lexicon
17368,60,2248,43087,price,neutral,0.55,,lexicon
17369,60,2248,43088,price,neutral,0.55,,lexicon
17370,60,2248,43089,design,neutral,0.55,,lexicon
17371,60,2248,43090,battery,neutral,0.55,,lexicon
17372,60,2248,43091,price,neutral,0.55,,lexicon
17373,60,2248,43092,battery,neutral,0.55,,lexicon
17374,60,2248,43095,price,positive,0.866,good,lexicon
17375,60,2248,43101,price,neutral,0.55,,lexicon
17376,60,2248,43102,price,neutral,0.55,,lexicon
17377,60,2249,43108,camera,positive,0.95,recommend,lexicon
17378,60,2249,43109,camera,positive,0.703,fine,lexicon
17379,60,2249,43111,battery,neutral,0.55,,lexicon
17380,60,2249,43112,battery,neutral,0.55,,lexicon
17381,60,2249,43113,battery,neutral,0.424,fast,lexicon
17382,60,2249,43113,performance,neutral,0.424,fast,lexicon
17383,60,2250,43121,design,positive,0.95,amazing,lexicon
17384,60,2250,43122,battery,positive,0.95,beautiful,lexicon
17385,60,2250,43122,display,positive,0.86,beautiful,lexicon
17386,60,2250,43123,performance,positive,0.86,fast,lexicon
17387,60,2251,43126,price,positive,0.95,happy,lexicon
17388,60,2251,43127,battery,positive,0.77,lasts,lexicon
17389,60,2251,43127,camera,positive,0.927,amazing,lexicon
17390,60,2251,43129,price,positive,0.815,worth,lexicon
17391,60,2252,43133,battery,neutral,0.55,,lexicon
17392,60,2252,43134,battery,neutral,0.55,,lexicon
17393,60,2252,43135,camera,positive,0.725,like,lexicon
17394,60,2252,43135,design,positive,0.725,like,lexicon
17395,60,2252,43136,display,neutral,0.55,,lexicon
17396,60,2252,43137,camera,neutral,0.55,,lexicon
17397,60,2252,43138,display,neutral,0.55,,lexicon
17398,60,2252,43139,camera,positive,0.748,better,lexicon
17399,60,2252,43139,design,positive,0.748,better,lexicon
17400,60,2252,43142,battery,negative,0.905,overheating,lexicon
17401,60,2252,43142,performance,negative,0.905,overheating,lexicon
17402,60,2252,43143,display,positive,0.725,like,lexicon
17403,60,2252,43146,battery,neutral,0.55,,lexicon
17404,60,2252,43148,camera,neutral,0.55,,lexicon
17405,60,2252,43149,display,neutral,0.55,,lexicon
17406,60,2252,43150,camera,negative,0.842,perfect,lexicon
17407,60,2252,43151,camera,neutral,0.55,,lexicon
17408,60,2252,43152,camera,neutral,0.55,,lexicon
17409,60,2252,43153,battery,negative,0.63,slow,lexicon
17410,60,2252,43153,performance,negative,0.86,slow,lexicon
17411,60,2252,43155,design,positive,0.748,better,lexicon
17412,60,2252,43155,camera,positive,0.834,better,lexicon
17413,60,2252,43155,display,positive,0.834,better,lexicon
17414,60,2253,43158,battery,neutral,0.55,,lexicon
17415,60,2255,43160,price,positive,0.86,great,lexicon
17416,60,2255,43162,battery,positive,0.927,perfect,lexicon
17417,60,2258,43165,price,positive,0.815,worth,lexicon
17418,60,2258,43167,camera,neutral,0.55,,lexicon
17419,60,2258,43170,battery,positive,0.86,great,lexicon
17420,60,2258,43171,design,neutral,0.55,,lexicon
17421,60,2258,43171,performance,neutral,0.55,,lexicon
17422,60,2259,43179,price,negative,0.815,expensive,lexicon
17423,60,2259,43180,design,negative,0.595,expensive,lexicon
17424,60,2259,43180,price,negative,0.815,expensive,lexicon
17425,60,2259,43184,price,neutral,0.55,expensive,lexicon
17426,60,2262,43189,display,neutral,0.55,,lexicon
17427,60,2262,43191,price,positive,0.815,worth,lexicon
17428,60,2262,43192,battery,neutral,0.55,,lexicon
17429,60,2262,43193,battery,neutral,0.55,,lexicon
17430,60,2262,43194,battery,neutral,0.55,,lexicon
17431,60,2262,43198,design,positive,0.792,good,lexicon
17432,60,2263,43204,display,neutral,0.55,,lexicon
17433,60,2263,43206,battery,negative,0.842,perfect,lexicon
17434,60,2263,43208,battery,neutral,0.55,,lexicon
17435,60,2263,43209,battery,negative,0.815,subpar,lexicon
17436,60,2263,43210,battery,negative,0.797,issue,lexicon
17437,60,2263,43211,camera,negative,0.748,issue,lexicon
17438,60,2263,43213,price,positive,0.866,good,lexicon
17439,60,2263,43217,camera,positive,0.927,amazing,lexicon
17440,60,2264,43220,price,positive,0.77,nice,lexicon
17441,60,2264,43224,price,neutral,0.55,,lexicon
17442,60,2264,43229,battery,neutral,0.55,,lexicon
17443,60,2264,43230,display,positive,0.77,nice,lexicon
17444,60,2264,43230,design,positive,0.95,perfect,lexicon
17445,60,2264,43231,camera,neutral,0.55,,lexicon
17446,60,2264,43233,battery,positive,0.905,awesome,lexicon
17447,60,2265,43236,display,positive,0.95,flawless,lexicon
17448,60,2265,43239,battery,neutral,0.55,,lexicon
17449,60,2265,43239,performance,neutral,0.55,,lexicon
17450,60,2265,43240,battery,neutral,0.55,,lexicon
17451,60,2265,43241,price,neutral,0.55,,lexicon
17452,60,2265,43242,price,negative,0.842,outstanding,lexicon
17453,60,2266,43249,battery,positive,0.792,good,lexicon
17454,60,2266,43251,battery,positive,0.927,perfect,lexicon
17455,60,2266,43252,price,positive,0.95,happy,lexicon
17456,60,2266,43254,design,negative,0.627,poor,lexicon
17457,60,2266,43254,price,negative,0.627,poor,lexicon
17458,60,2267,43259,battery,neutral,0.401,excellent,lexicon
17459,60,2267,43261,battery,positive,0.927,flawless,lexicon
17460,60,2267,43261,display,neutral,0.55,,lexicon
17461,60,2267,43262,camera,neutral,0.55,,lexicon
17462,60,2267,43267,battery,negative,0.698,better,lexicon
17463,60,2267,43267,design,negative,0.831,complaint,lexicon
17464,60,2267,43269,battery,positive,0.725,like,lexicon
17465,60,2269,43275,camera,neutral,0.55,,lexicon
17466,60,2269,43281,battery,positive,0.698,issues,lexicon
17467,60,2269,43282,battery,neutral,0.55,,lexicon
17468,60,2269,43284,battery,positive,0.703,fine,lexicon
17469,60,2269,43285,camera,neutral,0.55,,lexicon
17470,60,2269,43285,display,neutral,0.55,,lexicon
17471,60,2269,43286,price,positive,0.86,great,lexicon
17472,61,2171,43294,design,positive,0.927,perfect,lexicon
17473,61,2171,43295,display,neutral,0.55,,lexicon
17474,61,2171,43295,design,neutral,0.55,,lexicon
17475,61,2171,43296,camera,positive,0.792,good,lexicon
17476,61,2171,43297,battery,neutral,0.55,,lexicon
17477,61,2171,43298,battery,positive,0.927,excellent,lexicon
17478,61,2171,43299,battery,negative,0.77,recommend,lexicon
17479,61,2171,43301,battery,neutral,0.55,,lexicon
17480,61,2171,43301,camera,neutral,0.55,,lexicon
17481,61,2171,43302,battery,neutral,0.55,,lexicon
17482,61,2171,43304,camera,neutral,0.55,,lexicon
17483,61,2171,43304,display,neutral,0.55,,lexicon
17484,61,2171,43305,camera,positive,0.792,stable,lexicon
17485,61,2172,43309,battery,positive,0.95,happy,lexicon
17486,61,2172,43310,battery,neutral,0.55,,lexicon
17487,61,2172,43311,battery,neutral,0.55,,lexicon
17488,61,2173,43316,design,positive,0.95,amazing,lexicon
17489,61,2173,43317,battery,positive,0.95,beautiful,lexicon
17490,61,2173,43317,display,positive,0.86,beautiful,lexicon
17491,61,2173,43318,performance,positive,0.86,fast,lexicon
17492,61,2176,43324,display,neutral,0.55,,lexicon
17493,61,2176,43325,battery,positive,0.815,all day,lexicon
17494,61,2176,43325,camera,positive,0.815,all day,lexicon
17495,61,2176,43325,display,positive,0.815,all day,lexicon
17496,61,2176,43328,design,negative,0.77,complaint,lexicon
17497,61,2176,43329,price,positive,0.815,worth,lexicon
17498,61,2176,43332,camera,neutral,0.55,,lexicon
17499,61,2176,43332,display,neutral,0.55,,lexicon
17500,61,2176,43333,price,neutral,0.55,,lexicon
17501,61,2176,43334,display,neutral,0.511,recommend,lexicon
17502,61,2176,43334,design,negative,0.815,dim,lexicon
17503,61,2177,43337,battery,positive,0.95,perfect,lexicon
17504,61,2177,43340,battery,neutral,0.55,,lexicon
17505,61,2177,43347,performance,positive,0.86,fast,lexicon
17506,61,2177,43353,battery,negative,0.905,overheating,lexicon
17507,61,2177,43353,performance,negative,0.905,overheating,lexicon
17508,61,2177,43357,battery,negative,0.85,issue,lexicon
17509,61,2177,43358,battery,neutral,0.55,,lexicon
17510,61,2177,43361,design,neutral,0.55,,lexicon
17511,61,2177,43364,display,positive,0.725,like,lexicon
17512,61,2177,43368,battery,neutral,0.55,,lexicon
17513,61,2179,43372,battery,positive,0.95,excellent,lexicon
17514,61,2179,43372,camera,positive,0.95,excellent,lexicon
17515,61,2179,43377,price,positive,0.95,perfect,lexicon
17516,61,2180,43378,battery,positive,0.95,excellent,lexicon
17517,61,2180,43378,display,positive,0.927,excellent,lexicon
17518,61,2180,43379,battery,neutral,0.55,,lexicon
17519,61,2182,43388,battery,neutral,0.55,,lexicon
17520,61,2182,43388,display,neutral,0.55,,lexicon
17521,61,2182,43393,performance,negative,0.838,bad,lexicon
17522,61,2182,43396,display,neutral,0.55,,lexicon
17523,61,2183,43405,battery,positive,0.792,good,lexicon
17524,61,2183,43405,camera,positive,0.792,good,lexicon
17525,61,2183,43405,design,positive,0.792,good,lexicon
17526,61,2183,43406,camera,positive,0.942,great,lexicon
17527,61,2183,43411,display,neutral,0.55,,lexicon
17528,61,2184,43420,camera,neutral,0.55,,lexicon
17529,61,2184,43420,design,neutral,0.55,,lexicon
17530,61,2184,43426,camera,neutral,0.55,,lexicon
17531,61,2184,43427,display,positive,0.95,great,lexicon
17532,61,2184,43428,battery,negative,0.883,disappointment,lexicon
17533,61,2184,43430,price,negative,0.905,unacceptable,lexicon
17534,61,2184,43432,battery,neutral,0.55,,lexicon
17535,61,2184,43433,battery,negative,0.95,frustrating,lexicon
17536,61,2184,43434,battery,neutral,0.55,,lexicon
17537,61,2184,43435,display,neutral,0.55,,lexicon
17538,61,2184,43436,battery,neutral,0.55,,lexicon
17539,61,2184,43437,battery,positive,0.838,recommend,lexicon
17540,61,2185,43439,price,negative,0.905,hate,lexicon
17541,61,2185,43440,performance,positive,0.95,fast,lexicon
17542,61,2186,43445,battery,positive,0.95,excellent,lexicon
17543,61,2186,43445,performance,positive,0.95,excellent,lexicon
17544,61,2186,43447,performance,positive,0.95,fast,lexicon
17545,61,2186,43448,battery,positive,0.914,all day,lexicon
17546,61,2186,43448,design,positive,0.914,all day,lexicon
17547,61,2186,43449,camera,positive,0.927,outstanding,lexicon
17548,61,2186,43449,display,positive,0.927,outstanding,lexicon
17549,61,2186,43450,design,positive,0.815,premium,lexicon
17550,61,2186,43451,display,positive,0.95,perfect,lexicon
17551,61,2187,43453,battery,positive,0.792,good,lexicon
17552,61,2187,43455,performance,positive,0.95,responsive,lexicon
17553,61,2187,43456,battery,positive,0.611,excellent,lexicon
17554,61,2189,43462,battery,positive,0.86,great,lexicon
17555,61,2190,43464,camera,positive,0.792,good,lexicon
17556,61,2190,43465,battery,negative,0.85,issues,lexicon
17557,61,2190,43465,camera,negative,0.85,issues,lexicon
17558,61,2190,43467,battery,positive,0.882,like,lexicon
17559,61,2190,43467,camera,neutral,0.55,better,lexicon
17560,61,2190,43467,price,positive,0.815,worth,lexicon
17561,61,2191,43469,display,positive,0.63,recommend,lexicon
17562,61,2193,43470,price,positive,0.792,good,lexicon
17563,61,2193,43473,battery,neutral,0.55,,lexicon
17564,61,2193,43474,display,positive,0.86,great,lexicon
17565,61,2193,43474,design,positive,0.86,great,lexicon
17566,61,2193,43475,camera,positive,0.905,awesome,lexicon
17567,61,2193,43478,camera,neutral,0.55,,lexicon
17568,61,2193,43479,performance,positive,0.86,fast,lexicon
17569,61,2193,43481,camera,positive,0.86,durable,lexicon
17570,61,2193,43481,design,positive,0.86,durable,lexicon
17571,61,2194,43485,price,neutral,0.55,,lexicon
17572,61,2194,43486,price,positive,0.725,decent,lexicon
17573,61,2194,43490,display,neutral,0.55,,lexicon
17574,61,2194,43491,camera,neutral,0.55,,lexicon
17575,61,2194,43491,performance,neutral,0.55,,lexicon
17576,61,2194,43492,battery,positive,0.792,good,lexicon
17577,61,2194,43495,battery,negative,0.905,useless,lexicon
17578,61,2194,43504,display,positive,0.815,clear,lexicon
17579,62,2869,43508,battery,positive,0.95,perfect,lexicon
17580,62,2869,43511,battery,neutral,0.55,,lexicon
17581,62,2869,43518,performance,positive,0.86,fast,lexicon
17582,62,2869,43524,battery,negative,0.905,overheating,lexicon
17583,62,2869,43524,performance,negative,0.905,overheating,lexicon
17584,62,2869,43528,battery,negative,0.85,issue,lexicon
17585,62,2869,43529,battery,neutral,0.55,,lexicon
17586,62,2869,43532,design,neutral,0.55,,lexicon
17587,62,2869,43535,display,positive,0.725,like,lexicon
17588,62,2869,43539,battery,neutral,0.55,,lexicon
17589,62,2870,43548,battery,positive,0.792,good,lexicon
17590,62,2870,43548,camera,positive,0.792,good,lexicon
17591,62,2870,43548,design,positive,0.792,good,lexicon
17592,62,2870,43549,camera,positive,0.942,great,lexicon
17593,62,2870,43554,display,neutral,0.55,,lexicon
17594,62,2871,43563,camera,neutral,0.55,,lexicon
17595,62,2871,43563,design,neutral,0.55,,lexicon
17596,62,2871,43569,camera,neutral,0.55,,lexicon
17597,62,2871,43570,display,positive,0.95,great,lexicon
17598,62,2871,43571,battery,negative,0.883,disappointment,lexicon
17599,62,2871,43573,price,negative,0.905,unacceptable,lexicon
17600,62,2871,43575,battery,neutral,0.55,,lexicon
17601,62,2871,43576,battery,negative,0.95,frustrating,lexicon
17602,62,2871,43577,battery,neutral,0.55,,lexicon
17603,62,2871,43578,display,neutral,0.55,,lexicon
17604,62,2871,43579,battery,neutral,0.55,,lexicon
17605,62,2871,43580,battery,positive,0.838,recommend,lexicon
17606,63,2903,43585,design,positive,0.927,perfect,lexicon
17607,63,2903,43586,display,neutral,0.55,,lexicon
17608,63,2903,43586,design,neutral,0.55,,lexicon
17609,63,2903,43587,camera,positive,0.792,good,lexicon
17610,63,2903,43588,battery,neutral,0.55,,lexicon
17611,63,2903,43589,battery,positive,0.927,excellent,lexicon
17612,63,2903,43590,battery,negative,0.77,recommend,lexicon
17613,63,2903,43592,battery,neutral,0.55,,lexicon
17614,63,2903,43592,camera,neutral,0.55,,lexicon
17615,63,2903,43593,battery,neutral,0.55,,lexicon
17616,63,2903,43595,camera,neutral,0.55,,lexicon
17617,63,2903,43595,display,neutral,0.55,,lexicon
17618,63,2903,43596,camera,positive,0.792,stable,lexicon
17619,63,2904,43600,battery,positive,0.95,happy,lexicon
17620,63,2904,43601,battery,neutral,0.55,,lexicon
17621,63,2904,43602,battery,neutral,0.55,,lexicon
17622,63,2905,43607,display,neutral,0.55,,lexicon
17623,63,2905,43609,display,neutral,0.55,,lexicon
17624,63,2905,43611,display,negative,0.77,problems,lexicon
17625,63,2906,43620,design,positive,0.95,amazing,lexicon
17626,63,2906,43621,battery,positive,0.95,beautiful,lexicon
17627,63,2906,43621,display,positive,0.86,beautiful,lexicon
17628,63,2906,43622,performance,positive,0.86,fast,lexicon
17629,63,2909,43628,display,neutral,0.55,,lexicon
17630,63,2909,43629,battery,positive,0.815,all day,lexicon
17631,63,2909,43629,camera,positive,0.815,all day,lexicon
17632,63,2909,43629,display,positive,0.815,all day,lexicon
17633,63,2909,43632,design,negative,0.77,complaint,lexicon
17634,63,2909,43633,price,positive,0.815,worth,lexicon
17635,63,2909,43636,camera,neutral,0.55,,lexicon
17636,63,2909,43636,display,neutral,0.55,,lexicon
17637,63,2909,43637,price,neutral,0.55,,lexicon
17638,63,2909,43638,display,neutral,0.511,recommend,lexicon
17639,63,2909,43638,design,negative,0.815,dim,lexicon
17640,63,2911,43640,battery,positive,0.95,excellent,lexicon
17641,63,2911,43640,display,positive,0.927,excellent,lexicon
17642,63,2911,43641,battery,neutral,0.55,,lexicon
17643,63,2912,43647,battery,positive,0.95,excellent,lexicon
17644,63,2912,43647,camera,positive,0.95,excellent,lexicon
17645,63,2912,43652,price,positive,0.95,perfect,lexicon
17646,63,2914,43657,battery,neutral,0.55,,lexicon
17647,63,2914,43657,display,neutral,0.55,,lexicon
17648,63,2914,43662,performance,negative,0.838,bad,lexicon
17649,63,2914,43665,display,neutral,0.55,,lexicon
17650,64,109,43669,battery,positive,0.725,like,lexicon
17651,64,109,43669,price,positive,0.95,outstanding,lexicon
17652,64,109,43670,battery,positive,0.725,like,lexicon
17653,64,109,43672,performance,positive,0.95,great,lexicon
17654,64,109,43672,price,positive,0.95,great,lexicon
17655,64,110,43674,price,positive,0.86,great,lexicon
17656,64,110,43677,battery,positive,0.86,great,lexicon
17657,64,110,43678,battery,positive,0.86,great,lexicon
17658,64,110,43679,battery,neutral,0.55,,lexicon
17659,64,111,43686,battery,neutral,0.55,,lexicon
17660,64,111,43688,battery,negative,0.68,like,lexicon
17661,64,111,43690,battery,neutral,0.55,,lexicon
17662,64,111,43693,design,positive,0.725,like,lexicon
17663,64,112,43700,camera,positive,0.86,great,lexicon
17664,64,112,43701,battery,positive,0.95,amazing,lexicon
17665,64,112,43701,camera,positive,0.95,amazing,lexicon
17666,64,112,43701,display,positive,0.901,better,lexicon
17667,64,113,43711,display,negative,0.905,unusable,lexicon
17668,64,113,43714,price,negative,0.95,unusable,lexicon
17669,64,113,43718,battery,neutral,0.448,good,lexicon
17670,64,113,43723,price,negative,0.815,expensive,lexicon
17671,64,113,43723,battery,neutral,0.55,,lexicon
17672,64,113,43727,battery,positive,0.815,quick,lexicon
17673,64,113,43728,battery,neutral,0.55,,lexicon
17674,64,114,43733,price,positive,0.945,worth,lexicon
17675,64,114,43736,battery,positive,0.86,great,lexicon
17676,64,114,43736,camera,positive,0.86,great,lexicon
17677,64,114,43736,display,positive,0.86,great,lexicon
17678,64,114,43737,price,positive,0.882,worth,lexicon
17679,64,114,43739,price,positive,0.95,recommended,lexicon
17680,64,115,43748,battery,positive,0.898,premium,lexicon
17681,64,116,43754,performance,negative,0.883,freezes,lexicon
17682,64,116,43755,performance,negative,0.95,overheating,lexicon
17683,64,116,43756,design,neutral,0.55,,lexicon
17684,64,118,43760,battery,positive,0.838,reliable,lexicon
17685,64,118,43760,display,positive,0.838,reliable,lexicon
17686,64,118,43762,battery,positive,0.95,perfect,lexicon
17687,64,118,43762,camera,positive,0.95,amazing,lexicon
17688,64,118,43762,display,positive,0.95,amazing,lexicon
17689,64,118,43762,performance,positive,0.95,perfect,lexicon
17690,64,118,43762,design,positive,0.95,amazing,lexicon
17691,64,118,43763,camera,positive,0.95,crisp,lexicon
17692,64,118,43763,performance,positive,0.95,smooth,lexicon
17693,64,118,43763,price,positive,0.883,smooth,lexicon
17694,64,119,43765,price,positive,0.86,great,lexicon
17695,64,119,43767,battery,neutral,0.55,,lexicon
17696,64,120,43770,battery,positive,0.698,issues,lexicon
17697,64,121,43774,battery,positive,0.815,premium,lexicon
17698,64,122,43777,display,positive,0.838,reliable,lexicon
17699,64,122,43778,display,negative,0.95,unresponsive,lexicon
17700,64,122,43781,display,negative,0.95,unacceptable,lexicon
17701,64,122,43783,price,negative,0.95,frustrating,lexicon
17702,64,122,43789,display,negative,0.77,problems,lexicon
17703,64,124,43793,battery,neutral,0.393,excellent,lexicon
17704,64,124,43794,battery,positive,0.927,excellent,lexicon
17705,64,126,43798,price,positive,0.815,worth,lexicon
17706,64,127,43806,battery,positive,0.86,great,lexicon
17707,64,127,43809,battery,positive,0.86,great,lexicon
17708,64,127,43814,display,neutral,0.55,,lexicon
17709,64,127,43818,display,positive,0.905,best,lexicon
17710,64,127,43820,display,neutral,0.55,,lexicon
17711,64,128,43823,battery,neutral,0.55,,lexicon
17712,64,129,43827,battery,neutral,0.55,,lexicon
17713,64,130,43828,battery,positive,0.792,good,lexicon
17714,64,130,43830,battery,neutral,0.55,,lexicon
17715,64,131,43834,battery,negative,0.748,issues,lexicon
17716,64,131,43834,performance,positive,0.627,perfect,lexicon
17717,64,131,43836,battery,positive,0.95,impressive,lexicon
17718,64,131,43837,price,positive,0.95,excellent,lexicon
17719,64,131,43838,price,positive,0.945,recommend,lexicon
17720,64,133,43841,battery,positive,0.86,great,lexicon
17721,65,308,43843,battery,positive,0.725,like,lexicon
17722,65,308,43843,price,positive,0.95,outstanding,lexicon
17723,65,308,43844,battery,positive,0.725,like,lexicon
17724,65,308,43846,performance,positive,0.95,great,lexicon
17725,65,308,43846,price,positive,0.95,great,lexicon
17726,65,309,43848,price,positive,0.86,great,lexicon
17727,65,309,43851,battery,positive,0.86,great,lexicon
17728,65,309,43852,battery,positive,0.86,great,lexicon
17729,65,309,43853,battery,neutral,0.55,,lexicon
17730,65,310,43860,battery,neutral,0.55,,lexicon
17731,65,310,43862,battery,negative,0.68,like,lexicon
17732,65,310,43864,battery,neutral,0.55,,lexicon
17733,65,310,43867,design,positive,0.725,like,lexicon
17734,65,311,43874,camera,positive,0.86,great,lexicon
17735,65,311,43875,battery,positive,0.95,amazing,lexicon
17736,65,311,43875,camera,positive,0.95,amazing,lexicon
17737,65,311,43875,display,positive,0.901,better,lexicon
17738,65,312,43885,display,negative,0.905,unusable,lexicon
17739,65,312,43888,price,negative,0.95,unusable,lexicon
17740,65,312,43892,battery,neutral,0.448,good,lexicon
17741,65,312,43897,price,negative,0.815,expensive,lexicon
17742,65,312,43897,battery,neutral,0.55,,lexicon
17743,65,312,43901,battery,positive,0.815,quick,lexicon
17744,65,312,43902,battery,neutral,0.55,,lexicon
17745,65,313,43907,price,positive,0.945,worth,lexicon
17746,65,313,43910,battery,positive,0.86,great,lexicon
17747,65,313,43910,camera,positive,0.86,great,lexicon
17748,65,313,43910,display,positive,0.86,great,lexicon
17749,65,313,43911,price,positive,0.882,worth,lexicon
17750,65,313,43913,price,positive,0.95,recommended,lexicon
17751,65,314,43922,battery,positive,0.898,premium,lexicon
17752,65,315,43928,performance,negative,0.883,freezes,lexicon
17753,65,315,43929,performance,negative,0.95,overheating,lexicon
17754,65,315,43930,design,neutral,0.55,,lexicon
17755,65,317,43934,battery,positive,0.838,reliable,lexicon
17756,65,317,43934,display,positive,0.838,reliable,lexicon
17757,65,317,43936,battery,positive,0.95,perfect,lexicon
17758,65,317,43936,camera,positive,0.95,amazing,lexicon
17759,65,317,43936,display,positive,0.95,amazing,lexicon
17760,65,317,43936,performance,positive,0.95,perfect,lexicon
17761,65,317,43936,design,positive,0.95,amazing,lexicon
17762,65,317,43937,camera,positive,0.95,crisp,lexicon
17763,65,317,43937,performance,positive,0.95,smooth,lexicon
17764,65,317,43937,price,positive,0.883,smooth,lexicon
17765,65,318,43939,price,positive,0.86,great,lexicon
17766,65,318,43941,battery,neutral,0.55,,lexicon
17767,65,319,43944,battery,positive,0.698,issues,lexicon
17768,65,320,43948,battery,positive,0.815,premium,lexicon
17769,65,321,43951,display,positive,0.838,reliable,lexicon
17770,65,321,43952,display,negative,0.95,unresponsive,lexicon
17771,65,321,43955,display,negative,0.95,unacceptable,lexicon
17772,65,321,43957,price,negative,0.95,frustrating,lexicon
17773,65,321,43963,display,negative,0.77,problems,lexicon
17774,65,323,43967,battery,neutral,0.393,excellent,lexicon
17775,65,323,43968,battery,positive,0.927,excellent,lexicon
17776,65,325,43972,price,positive,0.815,worth,lexicon
17777,65,326,43980,battery,positive,0.86,great,lexicon
17778,65,326,43983,battery,positive,0.86,great,lexicon
17779,65,326,43988,display,neutral,0.55,,lexicon
17780,65,326,43992,display,positive,0.905,best,lexicon
17781,65,326,43994,display,neutral,0.55,,lexicon
17782,65,327,43997,battery,neutral,0.55,,lexicon
17783,65,328,44001,battery,neutral,0.55,,lexicon
17784,65,329,44002,battery,positive,0.792,good,lexicon
17785,65,329,44004,battery,neutral,0.55,,lexicon
17786,65,330,44008,battery,negative,0.748,issues,lexicon
17787,65,330,44008,performance,positive,0.627,perfect,lexicon
17788,65,330,44010,battery,positive,0.95,impressive,lexicon
17789,65,330,44011,price,positive,0.95,excellent,lexicon
17790,65,330,44012,price,positive,0.945,recommend,lexicon
17791,65,332,44015,battery,positive,0.86,great,lexicon
17792,66,2270,44017,battery,positive,0.725,like,lexicon
17793,66,2270,44017,price,positive,0.95,outstanding,lexicon
17794,66,2270,44018,battery,positive,0.725,like,lexicon
17795,66,2270,44020,performance,positive,0.95,great,lexicon
17796,66,2270,44020,price,positive,0.95,great,lexicon
17797,66,2271,44022,price,positive,0.86,great,lexicon
17798,66,2271,44025,battery,positive,0.86,great,lexicon
17799,66,2271,44026,battery,positive,0.86,great,lexicon
17800,66,2271,44027,battery,neutral,0.55,,lexicon
17801,66,2272,44034,battery,neutral,0.55,,lexicon
17802,66,2272,44036,battery,negative,0.68,like,lexicon
17803,66,2272,44038,battery,neutral,0.55,,lexicon
17804,66,2272,44041,design,positive,0.725,like,lexicon
17805,66,2273,44048,camera,positive,0.86,great,lexicon
17806,66,2273,44049,battery,positive,0.95,amazing,lexicon
17807,66,2273,44049,camera,positive,0.95,amazing,lexicon
17808,66,2273,44049,display,positive,0.901,better,lexicon
17809,66,2274,44059,display,negative,0.905,unusable,lexicon
17810,66,2274,44062,price,negative,0.95,unusable,lexicon
17811,66,2274,44066,battery,neutral,0.448,good,lexicon
17812,66,2274,44071,price,negative,0.815,expensive,lexicon
17813,66,2274,44071,battery,neutral,0.55,,lexicon
17814,66,2274,44075,battery,positive,0.815,quick,lexicon
17815,66,2274,44076,battery,neutral,0.55,,lexicon
17816,66,2275,44081,price,positive,0.945,worth,lexicon
17817,66,2275,44084,battery,positive,0.86,great,lexicon
17818,66,2275,44084,camera,positive,0.86,great,lexicon
17819,66,2275,44084,display,positive,0.86,great,lexicon
17820,66,2275,44085,price,positive,0.882,worth,lexicon
17821,66,2275,44087,price,positive,0.95,recommended,lexicon
17822,66,2276,44096,battery,positive,0.898,premium,lexicon
17823,66,2277,44102,performance,negative,0.883,freezes,lexicon
17824,66,2277,44103,performance,negative,0.95,overheating,lexicon
17825,66,2277,44104,design,neutral,0.55,,lexicon
17826,66,2279,44108,battery,positive,0.838,reliable,lexicon
17827,66,2279,44108,display,positive,0.838,reliable,lexicon
17828,66,2279,44110,battery,positive,0.95,perfect,lexicon
17829,66,2279,44110,camera,positive,0.95,amazing,lexicon
17830,66,2279,44110,display,positive,0.95,amazing,lexicon
17831,66,2279,44110,performance,positive,0.95,perfect,lexicon
17832,66,2279,44110,design,positive,0.95,amazing,lexicon
17833,66,2279,44111,camera,positive,0.95,crisp,lexicon
17834,66,2279,44111,performance,positive,0.95,smooth,lexicon
17835,66,2279,44111,price,positive,0.883,smooth,lexicon
17836,66,2280,44113,price,positive,0.86,great,lexicon
17837,66,2280,44115,battery,neutral,0.55,,lexicon
17838,66,2281,44118,battery,positive,0.698,issues,lexicon
17839,66,2282,44122,battery,positive,0.815,premium,lexicon
17840,66,2283,44125,display,positive,0.838,reliable,lexicon
17841,66,2283,44126,display,negative,0.95,unresponsive,lexicon
17842,66,2283,44129,display,negative,0.95,unacceptable,lexicon
17843,66,2283,44131,price,negative,0.95,frustrating,lexicon
17844,66,2283,44137,display,negative,0.77,problems,lexicon
17845,66,2285,44141,battery,neutral,0.393,excellent,lexicon
17846,66,2285,44142,battery,positive,0.927,excellent,lexicon
17847,66,2287,44146,price,positive,0.815,worth,lexicon
17848,66,2288,44154,battery,positive,0.86,great,lexicon
17849,66,2288,44157,battery,positive,0.86,great,lexicon
17850,66,2288,44162,display,neutral,0.55,,lexicon
17851,66,2288,44166,display,positive,0.905,best,lexicon
17852,66,2288,44168,display,neutral,0.55,,lexicon
17853,66,2289,44171,battery,neutral,0.55,,lexicon
17854,66,2290,44175,battery,neutral,0.55,,lexicon
17855,66,2291,44176,battery,positive,0.792,good,lexicon
17856,66,2291,44178,battery,neutral,0.55,,lexicon
17857,66,2292,44182,battery,negative,0.748,issues,lexicon
17858,66,2292,44182,performance,positive,0.627,perfect,lexicon
17859,66,2292,44184,battery,positive,0.95,impressive,lexicon
17860,66,2292,44185,price,positive,0.95,excellent,lexicon
17861,66,2292,44186,price,positive,0.945,recommend,lexicon
17862,66,2294,44189,battery,positive,0.86,great,lexicon
17863,67,3159,44191,battery,positive,0.725,like,lexicon
17864,67,3159,44191,price,positive,0.95,outstanding,lexicon
17865,67,3159,44192,battery,positive,0.725,like,lexicon
17866,67,3159,44194,performance,positive,0.95,great,lexicon
17867,67,3159,44194,price,positive,0.95,great,lexicon
17868,67,3160,44196,price,positive,0.86,great,lexicon
17869,67,3160,44199,battery,positive,0.86,great,lexicon
17870,67,3160,44200,battery,positive,0.86,great,lexicon
17871,67,3160,44201,battery,neutral,0.55,,lexicon
17872,67,3161,44208,battery,neutral,0.55,,lexicon
17873,67,3161,44210,battery,negative,0.68,like,lexicon
17874,67,3161,44212,battery,neutral,0.55,,lexicon
17875,67,3161,44215,design,positive,0.725,like,lexicon
17876,67,3162,44222,camera,positive,0.86,great,lexicon
17877,67,3162,44223,battery,positive,0.95,amazing,lexicon
17878,67,3162,44223,camera,positive,0.95,amazing,lexicon
17879,67,3162,44223,display,positive,0.901,better,lexicon
17880,67,3163,44233,display,negative,0.905,unusable,lexicon
17881,67,3163,44236,price,negative,0.95,unusable,lexicon
17882,67,3163,44240,battery,neutral,0.448,good,lexicon
17883,67,3163,44245,price,negative,0.815,expensive,lexicon
17884,67,3163,44245,battery,neutral,0.55,,lexicon
17885,67,3163,44249,battery,positive,0.815,quick,lexicon
17886,67,3163,44250,battery,neutral,0.55,,lexicon
17887,67,3164,44255,price,positive,0.945,worth,lexicon
17888,67,3164,44258,battery,positive,0.86,great,lexicon
17889,67,3164,44258,camera,positive,0.86,great,lexicon
17890,67,3164,44258,display,positive,0.86,great,lexicon
17891,67,3164,44259,price,positive,0.882,worth,lexicon
17892,67,3164,44261,price,positive,0.95,recommended,lexicon
17893,67,3165,44270,battery,positive,0.898,premium,lexicon
17894,67,3166,44276,performance,negative,0.883,freezes,lexicon
17895,67,3166,44277,performance,negative,0.95,overheating,lexicon
17896,67,3166,44278,design,neutral,0.55,,lexicon
17897,67,3168,44282,battery,positive,0.838,reliable,lexicon
17898,67,3168,44282,display,positive,0.838,reliable,lexicon
17899,67,3168,44284,battery,positive,0.95,perfect,lexicon
17900,67,3168,44284,camera,positive,0.95,amazing,lexicon
17901,67,3168,44284,display,positive,0.95,amazing,lexicon
17902,67,3168,44284,performance,positive,0.95,perfect,lexicon
17903,67,3168,44284,design,positive,0.95,amazing,lexicon
17904,67,3168,44285,camera,positive,0.95,crisp,lexicon
17905,67,3168,44285,performance,positive,0.95,smooth,lexicon
17906,67,3168,44285,price,positive,0.883,smooth,lexicon
17907,67,3169,44287,price,positive,0.86,great,lexicon
17908,67,3169,44289,battery,neutral,0.55,,lexicon
17909,67,3170,44292,battery,positive,0.698,issues,lexicon
17910,67,3171,44296,battery,positive,0.815,premium,lexicon
17911,67,3172,44299,display,positive,0.838,reliable,lexicon
17912,67,3172,44300,display,negative,0.95,unresponsive,lexicon
17913,67,3172,44303,display,negative,0.95,unacceptable,lexicon
17914,67,3172,44305,price,negative,0.95,frustrating,lexicon
17915,67,3172,44311,display,negative,0.77,problems,lexicon
17916,68,4016,44315,battery,positive,0.725,like,lexicon
17917,68,4016,44315,price,positive,0.95,outstanding,lexicon
17918,68,4016,44316,battery,positive,0.725,like,lexicon
17919,68,4016,44318,performance,positive,0.95,great,lexicon
17920,68,4016,44318,price,positive,0.95,great,lexicon
17921,68,4017,44320,price,positive,0.86,great,lexicon
17922,68,4017,44323,battery,positive,0.86,great,lexicon
17923,68,4017,44324,battery,positive,0.86,great,lexicon
17924,68,4017,44325,battery,neutral,0.55,,lexicon
17925,68,4018,44332,battery,neutral,0.55,,lexicon
17926,68,4018,44334,battery,negative,0.68,like,lexicon
17927,68,4018,44336,battery,neutral,0.55,,lexicon
17928,68,4018,44339,design,positive,0.725,like,lexicon
17929,68,4019,44346,camera,positive,0.86,great,lexicon
17930,68,4019,44347,battery,positive,0.95,amazing,lexicon
17931,68,4019,44347,camera,positive,0.95,amazing,lexicon
17932,68,4019,44347,display,positive,0.901,better,lexicon
17933,68,4020,44357,display,negative,0.905,unusable,lexicon
17934,68,4020,44360,price,negative,0.95,unusable,lexicon
17935,68,4020,44364,battery,neutral,0.448,good,lexicon
17936,68,4020,44369,price,negative,0.815,expensive,lexicon
17937,68,4020,44369,battery,neutral,0.55,,lexicon
17938,68,4020,44373,battery,positive,0.815,quick,lexicon
17939,68,4020,44374,battery,neutral,0.55,,lexicon
17940,68,4021,44379,price,positive,0.945,worth,lexicon
17941,68,4021,44382,battery,positive,0.86,great,lexicon
17942,68,4021,44382,camera,positive,0.86,great,lexicon
17943,68,4021,44382,display,positive,0.86,great,lexicon
17944,68,4021,44383,price,positive,0.882,worth,lexicon
17945,68,4021,44385,price,positive,0.95,recommended,lexicon
17946,68,4022,44394,battery,positive,0.898,premium,lexicon
17947,68,4023,44400,performance,negative,0.883,freezes,lexicon
17948,68,4023,44401,performance,negative,0.95,overheating,lexicon
17949,68,4023,44402,design,neutral,0.55,,lexicon
17950,68,4025,44406,battery,positive,0.838,reliable,lexicon
17951,68,4025,44406,display,positive,0.838,reliable,lexicon
17952,68,4025,44408,battery,positive,0.95,perfect,lexicon
17953,68,4025,44408,camera,positive,0.95,amazing,lexicon
17954,68,4025,44408,display,positive,0.95,amazing,lexicon
17955,68,4025,44408,performance,positive,0.95,perfect,lexicon
17956,68,4025,44408,design,positive,0.95,amazing,lexicon
17957,68,4025,44409,camera,positive,0.95,crisp,lexicon
17958,68,4025,44409,performance,positive,0.95,smooth,lexicon
17959,68,4025,44409,price,positive,0.883,smooth,lexicon
17960,68,4026,44411,price,positive,0.86,great,lexicon
17961,68,4026,44413,battery,neutral,0.55,,lexicon
17962,68,4027,44416,battery,positive,0.698,issues,lexicon
17963,68,4028,44420,battery,positive,0.815,premium,lexicon
17964,68,4029,44423,display,positive,0.838,reliable,lexicon
17965,68,4029,44424,display,negative,0.95,unresponsive,lexicon
17966,68,4029,44427,display,negative,0.95,unacceptable,lexicon
17967,68,4029,44429,price,negative,0.95,frustrating,lexicon
17968,68,4029,44435,display,negative,0.77,problems,lexicon
17969,68,4031,44439,battery,neutral,0.393,excellent,lexicon
17970,68,4031,44440,battery,positive,0.927,excellent,lexicon
17971,68,4033,44444,price,positive,0.815,worth,lexicon
17972,68,4034,44452,battery,positive,0.86,great,lexicon
17973,68,4034,44455,battery,positive,0.86,great,lexicon
17974,68,4034,44460,display,neutral,0.55,,lexicon
17975,68,4034,44464,display,positive,0.905,best,lexicon
17976,68,4034,44466,display,neutral,0.55,,lexicon
17977,68,4035,44469,battery,neutral,0.55,,lexicon
17978,68,4036,44473,battery,neutral,0.55,,lexicon
17979,68,4037,44474,battery,positive,0.792,good,lexicon
17980,68,4037,44476,battery,neutral,0.55,,lexicon
17981,68,4038,44480,battery,negative,0.748,issues,lexicon
17982,68,4038,44480,performance,positive,0.627,perfect,lexicon
17983,68,4038,44482,battery,positive,0.95,impressive,lexicon
17984,68,4038,44483,price,positive,0.95,excellent,lexicon
17985,68,4038,44484,price,positive,0.945,recommend,lexicon
17986,68,4040,44487,battery,positive,0.86,great,lexicon
17987,69,1678,44500,price,neutral,0.55,,lexicon
17988,69,1678,44501,design,positive,0.826,perfect,lexicon
17989,69,1678,44501,battery,neutral,0.55,,lexicon
17990,69,1678,44504,price,positive,0.927,excellent,lexicon
17991,69,1678,44506,battery,neutral,0.55,,lexicon
17992,69,1678,44509,design,positive,0.725,like,lexicon
17993,69,1678,44509,price,positive,0.725,like,lexicon
17994,69,1678,44510,battery,positive,0.86,great,lexicon
17995,69,1678,44510,display,neutral,0.55,,lexicon
17996,69,1678,44511,battery,neutral,0.55,,lexicon
17997,69,1678,44511,display,neutral,0.55,,lexicon
17998,69,1678,44513,display,neutral,0.55,,lexicon
17999,69,1678,44515,design,negative,0.77,reliable,lexicon
18000,69,1678,44522,battery,positive,0.927,perfect,lexicon
18001,69,1678,44522,display,positive,0.927,perfect,lexicon
18002,69,1678,44523,battery,neutral,0.55,,lexicon
18003,69,1678,44524,battery,neutral,0.55,,lexicon
18004,69,1678,44525,price,neutral,0.55,,lexicon
18005,69,1678,44526,battery,positive,0.815,worth,lexicon
18006,69,1678,44526,price,positive,0.878,worth,lexicon
18007,69,1679,44537,battery,positive,0.927,flawless,lexicon
18008,69,1679,44538,battery,neutral,0.55,,lexicon
18009,69,1679,44545,performance,positive,0.898,faster,lexicon
18010,69,1679,44546,camera,positive,0.927,amazing,lexicon
18011,69,1679,44551,display,positive,0.86,durable,lexicon
18012,69,1679,44552,camera,neutral,0.55,,lexicon
18013,69,1679,44553,price,positive,0.927,amazing,lexicon
18014,69,1680,44556,battery,neutral,0.55,,lexicon
18015,69,1681,44559,battery,positive,0.86,great,lexicon
18016,69,1681,44561,battery,neutral,0.55,,lexicon
18017,69,1681,44565,battery,neutral,0.55,,lexicon
18018,69,1681,44566,battery,neutral,0.55,,lexicon
18019,69,1681,44573,display,neutral,0.55,,lexicon
18020,69,1681,44574,battery,positive,0.86,great,lexicon
18021,69,1681,44574,camera,positive,0.86,great,lexicon
18022,69,1681,44577,performance,neutral,0.55,,lexicon
18023,69,1681,44577,design,neutral,0.55,,lexicon
18024,69,1681,44579,camera,neutral,0.55,,lexicon
18025,69,1681,44580,performance,neutral,0.55,,lexicon
18026,69,1682,44597,design,positive,0.725,like,lexicon
18027,69,1682,44607,battery,neutral,0.55,,lexicon
18028,69,1682,44608,battery,neutral,0.55,,lexicon
18029,69,1682,44608,design,neutral,0.55,,lexicon
18030,69,1682,44609,battery,neutral,0.55,,lexicon
18031,69,1682,44610,battery,neutral,0.55,,lexicon
18032,69,1682,44611,battery,neutral,0.55,,lexicon
18033,69,1682,44613,battery,neutral,0.55,,lexicon
18034,69,1682,44613,design,neutral,0.55,,lexicon
18035,69,1682,44615,battery,positive,0.95,recommend,lexicon
18036,69,1682,44617,battery,neutral,0.55,,lexicon
18037,69,1682,44618,design,negative,0.866,problem,lexicon
18038,69,1682,44619,battery,neutral,0.55,,lexicon
18039,69,1682,44620,battery,neutral,0.55,,lexicon
18040,69,1682,44621,battery,neutral,0.55,,lexicon
18041,69,1682,44632,battery,neutral,0.55,,lexicon
18042,69,1682,44633,battery,neutral,0.55,,lexicon
18043,69,1682,44637,battery,positive,0.86,fast,lexicon
18044,69,1682,44637,performance,positive,0.86,fast,lexicon
18045,69,1682,44637,design,positive,0.86,fast,lexicon
18046,69,1682,44638,price,negative,0.792,pricey,lexicon
18047,69,1682,44639,battery,neutral,0.55,,lexicon
18048,69,1682,44640,battery,neutral,0.55,,lexicon
18049,69,1682,44641,battery,positive,0.86,fast,lexicon
18050,69,1682,44641,performance,positive,0.86,fast,lexicon
18051,69,1682,44644,battery,positive,0.815,faster,lexicon
18052,69,1682,44644,performance,positive,0.815,faster,lexicon
18053,69,1682,44653,design,negative,0.77,sharp,lexicon
18054,69,1682,44656,price,negative,0.749,pricey,lexicon
18055,69,1682,44659,camera,neutral,0.55,,lexicon
18056,69,1682,44661,camera,neutral,0.55,,lexicon
18057,69,1682,44662,battery,neutral,0.55,,lexicon
18058,69,1682,44662,design,neutral,0.55,,lexicon
18059,69,1682,44663,battery,neutral,0.55,,lexicon
18060,69,1682,44664,battery,neutral,0.55,,lexicon
18061,69,1682,44669,battery,neutral,0.55,,lexicon
18062,69,1682,44673,battery,neutral,0.55,,lexicon
18063,69,1682,44673,design,neutral,0.55,,lexicon
18064,69,1682,44674,battery,neutral,0.55,,lexicon
18065,69,1682,44676,performance,positive,0.856,efficient,lexicon
18066,69,1682,44677,battery,neutral,0.55,,lexicon
18067,69,1682,44678,camera,neutral,0.55,,lexicon
18068,69,1682,44680,design,neutral,0.55,,lexicon
18069,69,1682,44686,price,neutral,0.55,,lexicon
18070,69,1682,44695,battery,positive,0.77,nice,lexicon
18071,69,1682,44695,display,positive,0.77,nice,lexicon
18072,69,1683,44698,battery,positive,0.95,excellent,lexicon
18073,69,1683,44699,battery,positive,0.898,premium,lexicon
18074,69,1684,44701,battery,neutral,0.471,bad,lexicon
18075,69,1684,44704,battery,neutral,0.55,,lexicon
18076,69,1684,44706,battery,neutral,0.55,,lexicon
18077,69,1684,44707,battery,neutral,0.55,,lexicon
18078,69,1684,44708,battery,positive,0.792,good,lexicon
18079,69,1685,44710,performance,negative,0.896,slow,lexicon
18080,69,1685,44713,battery,positive,0.927,excellent,lexicon
18081,69,1685,44714,battery,neutral,0.55,,lexicon
18082,69,1685,44716,display,neutral,0.55,,lexicon
18083,69,1685,44716,design,neutral,0.55,,lexicon
18084,69,1685,44718,display,positive,0.927,flawless,lexicon
18085,69,1685,44719,design,negative,0.86,frustrating,lexicon
18086,69,1685,44723,battery,neutral,0.55,,lexicon
18087,69,1686,44733,battery,positive,0.927,excellent,lexicon
18088,69,1686,44733,display,positive,0.927,excellent,lexicon
18089,69,1686,44735,battery,neutral,0.55,,lexicon
18090,69,1686,44735,display,neutral,0.55,,lexicon
18091,69,1687,44742,battery,neutral,0.55,,lexicon
18092,69,1687,44743,battery,positive,0.95,perfect,lexicon
18093,69,1687,44746,performance,positive,0.95,fast,lexicon
18094,69,1690,44750,display,neutral,0.55,,lexicon
18095,69,1690,44753,battery,neutral,0.55,,lexicon
18096,69,1690,44754,display,positive,0.883,top notch,lexicon
18097,69,1691,44758,display,positive,0.927,excellent,lexicon
18098,69,1692,44772,price,positive,0.815,worth,lexicon
18099,69,1692,44774,display,neutral,0.55,,lexicon
18100,69,1692,44776,display,neutral,0.55,,lexicon
18101,69,1692,44777,camera,positive,0.716,problem,lexicon
18102,69,1692,44778,camera,neutral,0.55,,lexicon
18103,69,1692,44779,design,positive,0.86,great,lexicon
18104,69,1692,44780,battery,positive,0.792,good,lexicon
18105,69,1692,44781,battery,negative,0.95,happy,lexicon
18106,69,1692,44781,design,negative,0.95,happy,lexicon
18107,69,1692,44781,price,negative,0.878,happy,lexicon
18108,69,1692,44783,display,neutral,0.55,,lexicon
18109,69,1692,44786,display,neutral,0.55,,lexicon
18110,69,1692,44786,performance,neutral,0.55,,lexicon
18111,69,1692,44787,camera,positive,0.86,great,lexicon
18112,70,3134,44799,price,neutral,0.55,,lexicon
18113,70,3134,44800,design,positive,0.826,perfect,lexicon
18114,70,3134,44800,battery,neutral,0.55,,lexicon
18115,70,3134,44803,price,positive,0.927,excellent,lexicon
18116,70,3134,44805,battery,neutral,0.55,,lexicon
18117,70,3134,44808,design,positive,0.725,like,lexicon
18118,70,3134,44808,price,positive,0.725,like,lexicon
18119,70,3134,44809,battery,positive,0.86,great,lexicon
18120,70,3134,44809,display,neutral,0.55,,lexicon
18121,70,3134,44810,battery,neutral,0.55,,lexicon
18122,70,3134,44810,display,neutral,0.55,,lexicon
18123,70,3134,44812,display,neutral,0.55,,lexicon
18124,70,3134,44814,design,negative,0.77,reliable,lexicon
18125,70,3134,44821,battery,positive,0.927,perfect,lexicon
18126,70,3134,44821,display,positive,0.927,perfect,lexicon
18127,70,3134,44822,battery,neutral,0.55,,lexicon
18128,70,3134,44823,battery,neutral,0.55,,lexicon
18129,70,3134,44824,price,neutral,0.55,,lexicon
18130,70,3134,44825,battery,positive,0.815,worth,lexicon
18131,70,3134,44825,price,positive,0.878,worth,lexicon
18132,70,3135,44836,battery,positive,0.927,flawless,lexicon
18133,70,3135,44837,battery,neutral,0.55,,lexicon
18134,70,3135,44844,performance,positive,0.898,faster,lexicon
18135,70,3135,44845,camera,positive,0.927,amazing,lexicon
18136,70,3135,44850,display,positive,0.86,durable,lexicon
18137,70,3135,44851,camera,neutral,0.55,,lexicon
18138,70,3135,44852,price,positive,0.927,amazing,lexicon
18139,70,3136,44855,battery,neutral,0.55,,lexicon
18140,70,3137,44858,battery,positive,0.86,great,lexicon
18141,70,3137,44860,battery,neutral,0.55,,lexicon
18142,70,3137,44864,battery,neutral,0.55,,lexicon
18143,70,3137,44865,battery,neutral,0.55,,lexicon
18144,70,3137,44872,display,neutral,0.55,,lexicon
18145,70,3137,44873,battery,positive,0.86,great,lexicon
18146,70,3137,44873,camera,positive,0.86,great,lexicon
18147,70,3137,44876,performance,neutral,0.55,,lexicon
18148,70,3137,44876,design,neutral,0.55,,lexicon
18149,70,3137,44878,camera,neutral,0.55,,lexicon
18150,70,3137,44879,performance,neutral,0.55,,lexicon
18151,70,3138,44896,design,positive,0.725,like,lexicon
18152,70,3138,44906,battery,neutral,0.55,,lexicon
18153,70,3138,44907,battery,neutral,0.55,,lexicon
18154,70,3138,44907,design,neutral,0.55,,lexicon
18155,70,3138,44908,battery,neutral,0.55,,lexicon
18156,70,3138,44909,battery,neutral,0.55,,lexicon
18157,70,3138,44910,battery,neutral,0.55,,lexicon
18158,70,3138,44912,battery,neutral,0.55,,lexicon
18159,70,3138,44912,design,neutral,0.55,,lexicon
18160,70,3138,44914,battery,positive,0.95,recommend,lexicon
18161,70,3138,44916,battery,neutral,0.55,,lexicon
18162,70,3138,44917,design,negative,0.866,problem,lexicon
18163,70,3138,44918,battery,neutral,0.55,,lexicon
18164,70,3138,44919,battery,neutral,0.55,,lexicon
18165,70,3138,44920,battery,neutral,0.55,,lexicon
18166,70,3138,44931,battery,neutral,0.55,,lexicon
18167,70,3138,44932,battery,neutral,0.55,,lexicon
18168,70,3138,44936,battery,positive,0.86,fast,lexicon
18169,70,3138,44936,performance,positive,0.86,fast,lexicon
18170,70,3138,44936,design,positive,0.86,fast,lexicon
18171,70,3138,44937,price,negative,0.792,pricey,lexicon
18172,70,3138,44938,battery,neutral,0.55,,lexicon
18173,70,3138,44939,battery,neutral,0.55,,lexicon
18174,70,3138,44940,battery,positive,0.86,fast,lexicon
18175,70,3138,44940,performance,positive,0.86,fast,lexicon
18176,70,3138,44943,battery,positive,0.815,faster,lexicon
18177,70,3138,44943,performance,positive,0.815,faster,lexicon
18178,70,3138,44952,design,negative,0.77,sharp,lexicon
18179,70,3138,44955,price,negative,0.749,pricey,lexicon
18180,70,3138,44958,camera,neutral,0.55,,lexicon
18181,70,3138,44960,camera,neutral,0.55,,lexicon
18182,70,3138,44961,battery,neutral,0.55,,lexicon
18183,70,3138,44961,design,neutral,0.55,,lexicon
18184,70,3138,44962,battery,neutral,0.55,,lexicon
18185,70,3138,44963,battery,neutral,0.55,,lexicon
18186,70,3138,44968,battery,neutral,0.55,,lexicon
18187,70,3138,44972,battery,neutral,0.55,,lexicon
18188,70,3138,44972,design,neutral,0.55,,lexicon
18189,70,3138,44973,battery,neutral,0.55,,lexicon
18190,70,3138,44975,performance,positive,0.856,efficient,lexicon
18191,70,3138,44976,battery,neutral,0.55,,lexicon
18192,70,3138,44977,camera,neutral,0.55,,lexicon
18193,70,3138,44979,design,neutral,0.55,,lexicon
18194,70,3138,44985,price,neutral,0.55,,lexicon
18195,70,3138,44994,battery,positive,0.77,nice,lexicon
18196,70,3138,44994,display,positive,0.77,nice,lexicon
18197,70,3139,44997,battery,positive,0.95,excellent,lexicon
18198,70,3139,44998,battery,positive,0.898,premium,lexicon
18199,70,3140,45000,battery,neutral,0.471,bad,lexicon
18200,70,3140,45003,battery,neutral,0.55,,lexicon
18201,70,3140,45005,battery,neutral,0.55,,lexicon
18202,70,3140,45006,battery,neutral,0.55,,lexicon
18203,70,3140,45007,battery,positive,0.792,good,lexicon
18204,70,3141,45009,performance,negative,0.896,slow,lexicon
18205,70,3141,45012,battery,positive,0.927,excellent,lexicon
18206,70,3141,45013,battery,neutral,0.55,,lexicon
18207,70,3141,45015,display,neutral,0.55,,lexicon
18208,70,3141,45015,design,neutral,0.55,,lexicon
18209,70,3141,45017,display,positive,0.927,flawless,lexicon
18210,70,3141,45018,design,negative,0.86,frustrating,lexicon
18211,70,3141,45022,battery,neutral,0.55,,lexicon
18212,70,3142,45032,battery,positive,0.927,excellent,lexicon
18213,70,3142,45032,display,positive,0.927,excellent,lexicon
18214,70,3142,45034,battery,neutral,0.55,,lexicon
18215,70,3142,45034,display,neutral,0.55,,lexicon
18216,70,3143,45041,battery,neutral,0.55,,lexicon
18217,70,3143,45042,battery,positive,0.95,perfect,lexicon
18218,70,3143,45045,performance,positive,0.95,fast,lexicon
18219,70,3146,45049,display,neutral,0.55,,lexicon
18220,70,3146,45052,battery,neutral,0.55,,lexicon
18221,70,3146,45053,display,positive,0.883,top notch,lexicon
18222,70,3147,45057,display,positive,0.927,excellent,lexicon
18223,70,3148,45071,price,positive,0.815,worth,lexicon
18224,70,3148,45073,display,neutral,0.55,,lexicon
18225,70,3148,45075,display,neutral,0.55,,lexicon
18226,70,3148,45076,camera,positive,0.716,problem,lexicon
18227,70,3148,45077,camera,neutral,0.55,,lexicon
18228,70,3148,45078,design,positive,0.86,great,lexicon
18229,70,3148,45079,battery,positive,0.792,good,lexicon
18230,70,3148,45080,battery,negative,0.95,happy,lexicon
18231,70,3148,45080,design,negative,0.95,happy,lexicon
18232,70,3148,45080,price,negative,0.878,happy,lexicon
18233,70,3148,45082,display,neutral,0.55,,lexicon
18234,70,3148,45085,display,neutral,0.55,,lexicon
18235,70,3148,45085,performance,neutral,0.55,,lexicon
18236,70,3148,45086,camera,positive,0.86,great,lexicon
18237,70,3149,45087,display,neutral,0.55,,lexicon
18238,70,3149,45087,design,neutral,0.55,,lexicon
18239,70,3149,45090,display,neutral,0.55,,lexicon
18240,70,3149,45092,battery,negative,0.838,drain,lexicon
18241,70,3149,45092,display,negative,0.838,drain,lexicon
18242,70,3149,45093,display,neutral,0.55,,lexicon
18243,70,3149,45094,display,neutral,0.55,,lexicon
18244,70,3149,45096,display,neutral,0.55,,lexicon
18245,70,3149,45097,battery,neutral,0.55,,lexicon
18246,70,3149,45098,camera,positive,0.786,fine,lexicon
18247,70,3150,45103,battery,positive,0.748,better,lexicon
18248,70,3150,45104,design,positive,0.95,excellent,lexicon
18249,70,3150,45105,battery,neutral,0.55,,lexicon
18250,70,3151,45107,display,neutral,0.55,,lexicon
18251,70,3151,45107,price,neutral,0.55,,lexicon
18252,70,3151,45109,display,neutral,0.55,,lexicon
18253,70,3151,45110,performance,positive,0.95,fast,lexicon
18254,70,3152,45113,battery,positive,0.927,excellent,lexicon
18255,70,3153,45118,battery,positive,0.86,great,lexicon
18256,70,3154,45122,performance,positive,0.95,fast,lexicon
18257,70,3154,45124,battery,neutral,0.55,,lexicon
18258,70,3154,45125,battery,neutral,0.487,lasts,lexicon
18259,70,3154,45126,battery,neutral,0.55,,lexicon
18260,70,3154,45128,camera,positive,0.891,good,lexicon
18261,70,3154,45128,display,positive,0.891,good,lexicon
18262,70,3154,45128,design,positive,0.95,perfect,lexicon
18263,70,3154,45129,performance,negative,0.905,overheating,lexicon
18264,70,3154,45132,battery,positive,0.925,pleased,lexicon
18265,70,3154,45133,price,positive,0.95,amazing,lexicon
18266,70,3155,45141,price,neutral,0.55,,lexicon
18267,70,3155,45149,battery,neutral,0.55,,lexicon
18268,70,3155,45153,price,negative,0.748,issues,lexicon
18269,70,3156,45166,price,positive,0.792,good,lexicon
18270,70,3156,45167,design,neutral,0.55,,lexicon
18271,70,3158,45168,battery,positive,0.792,good,lexicon
18272,71,3289,45180,price,neutral,0.55,,lexicon
18273,71,3289,45181,design,positive,0.826,perfect,lexicon
18274,71,3289,45181,battery,neutral,0.55,,lexicon
18275,71,3289,45184,price,positive,0.927,excellent,lexicon
18276,71,3289,45186,battery,neutral,0.55,,lexicon
18277,71,3289,45189,design,positive,0.725,like,lexicon
18278,71,3289,45189,price,positive,0.725,like,lexicon
18279,71,3289,45190,battery,positive,0.86,great,lexicon
18280,71,3289,45190,display,neutral,0.55,,lexicon
18281,71,3289,45191,battery,neutral,0.55,,lexicon
18282,71,3289,45191,display,neutral,0.55,,lexicon
18283,71,3289,45193,display,neutral,0.55,,lexicon
18284,71,3289,45195,design,negative,0.77,reliable,lexicon
18285,71,3289,45202,battery,positive,0.927,perfect,lexicon
18286,71,3289,45202,display,positive,0.927,perfect,lexicon
18287,71,3289,45203,battery,neutral,0.55,,lexicon
18288,71,3289,45204,battery,neutral,0.55,,lexicon
18289,71,3289,45205,price,neutral,0.55,,lexicon
18290,71,3289,45206,battery,positive,0.815,worth,lexicon
18291,71,3289,45206,price,positive,0.878,worth,lexicon
18292,71,3290,45217,battery,positive,0.927,flawless,lexicon
18293,71,3290,45218,battery,neutral,0.55,,lexicon
18294,71,3290,45225,performance,positive,0.898,faster,lexicon
18295,71,3290,45226,camera,positive,0.927,amazing,lexicon
18296,71,3290,45231,display,positive,0.86,durable,lexicon
18297,71,3290,45232,camera,neutral,0.55,,lexicon
18298,71,3290,45233,price,positive,0.927,amazing,lexicon
18299,71,3291,45236,battery,neutral,0.55,,lexicon
18300,71,3292,45239,battery,positive,0.86,great,lexicon
18301,71,3292,45241,battery,neutral,0.55,,lexicon
18302,71,3292,45245,battery,neutral,0.55,,lexicon
18303,71,3292,45246,battery,neutral,0.55,,lexicon
18304,71,3292,45253,display,neutral,0.55,,lexicon
18305,71,3292,45254,battery,positive,0.86,great,lexicon
18306,71,3292,45254,camera,positive,0.86,great,lexicon
18307,71,3292,45257,performance,neutral,0.55,,lexicon
18308,71,3292,45257,design,neutral,0.55,,lexicon
18309,71,3292,45259,camera,neutral,0.55,,lexicon
18310,71,3292,45260,performance,neutral,0.55,,lexicon
18311,71,3293,45277,design,positive,0.725,like,lexicon
18312,71,3293,45287,battery,neutral,0.55,,lexicon
18313,71,3293,45288,battery,neutral,0.55,,lexicon
18314,71,3293,45288,design,neutral,0.55,,lexicon
18315,71,3293,45289,battery,neutral,0.55,,lexicon
18316,71,3293,45290,battery,neutral,0.55,,lexicon
18317,71,3293,45291,battery,neutral,0.55,,lexicon
18318,71,3293,45293,battery,neutral,0.55,,lexicon
18319,71,3293,45293,design,neutral,0.55,,lexicon
18320,71,3293,45295,battery,positive,0.95,recommend,lexicon
18321,71,3293,45297,battery,neutral,0.55,,lexicon
18322,71,3293,45298,design,negative,0.866,problem,lexicon
18323,71,3293,45299,battery,neutral,0.55,,lexicon
18324,71,3293,45300,battery,neutral,0.55,,lexicon
18325,71,3293,45301,battery,neutral,0.55,,lexicon
18326,71,3293,45312,battery,neutral,0.55,,lexicon
18327,71,3293,45313,battery,neutral,0.55,,lexicon
18328,71,3293,45317,battery,positive,0.86,fast,lexicon
18329,71,3293,45317,performance,positive,0.86,fast,lexicon
18330,71,3293,45317,design,positive,0.86,fast,lexicon
18331,71,3293,45318,price,negative,0.792,pricey,lexicon
18332,71,3293,45319,battery,neutral,0.55,,lexicon
18333,71,3293,45320,battery,neutral,0.55,,lexicon
18334,71,3293,45321,battery,positive,0.86,fast,lexicon
18335,71,3293,45321,performance,positive,0.86,fast,lexicon
18336,71,3293,45324,battery,positive,0.815,faster,lexicon
18337,71,3293,45324,performance,positive,0.815,faster,lexicon
18338,71,3293,45333,design,negative,0.77,sharp,lexicon
18339,71,3293,45336,price,negative,0.749,pricey,lexicon
18340,71,3293,45339,camera,neutral,0.55,,lexicon
18341,71,3293,45341,camera,neutral,0.55,,lexicon
18342,71,3293,45342,battery,neutral,0.55,,lexicon
18343,71,3293,45342,design,neutral,0.55,,lexicon
18344,71,3293,45343,battery,neutral,0.55,,lexicon
18345,71,3293,45344,battery,neutral,0.55,,lexicon
18346,71,3293,45349,battery,neutral,0.55,,lexicon
18347,71,3293,45353,battery,neutral,0.55,,lexicon
18348,71,3293,45353,design,neutral,0.55,,lexicon
18349,71,3293,45354,battery,neutral,0.55,,lexicon
18350,71,3293,45356,performance,positive,0.856,efficient,lexicon
18351,71,3293,45357,battery,neutral,0.55,,lexicon
18352,71,3293,45358,camera,neutral,0.55,,lexicon
18353,71,3293,45360,design,neutral,0.55,,lexicon
18354,71,3293,45366,price,neutral,0.55,,lexicon
18355,71,3293,45375,battery,positive,0.77,nice,lexicon
18356,71,3293,45375,display,positive,0.77,nice,lexicon
18357,71,3294,45378,battery,positive,0.95,excellent,lexicon
18358,71,3294,45379,battery,positive,0.898,premium,lexicon
18359,71,3295,45381,battery,neutral,0.471,bad,lexicon
18360,71,3295,45384,battery,neutral,0.55,,lexicon
18361,71,3295,45386,battery,neutral,0.55,,lexicon
18362,71,3295,45387,battery,neutral,0.55,,lexicon
18363,71,3295,45388,battery,positive,0.792,good,lexicon
18364,71,3296,45390,performance,negative,0.896,slow,lexicon
18365,71,3296,45393,battery,positive,0.927,excellent,lexicon
18366,71,3296,45394,battery,neutral,0.55,,lexicon
18367,71,3296,45396,display,neutral,0.55,,lexicon
18368,71,3296,45396,design,neutral,0.55,,lexicon
18369,71,3296,45398,display,positive,0.927,flawless,lexicon
18370,71,3296,45399,design,negative,0.86,frustrating,lexicon
18371,71,3296,45403,battery,neutral,0.55,,lexicon
18372,71,3297,45413,battery,positive,0.927,excellent,lexicon
18373,71,3297,45413,display,positive,0.927,excellent,lexicon
18374,71,3297,45415,battery,neutral,0.55,,lexicon
18375,71,3297,45415,display,neutral,0.55,,lexicon
18376,71,3298,45422,battery,neutral,0.55,,lexicon
18377,71,3298,45423,battery,positive,0.95,perfect,lexicon
18378,71,3298,45426,performance,positive,0.95,fast,lexicon
18379,71,3301,45430,display,neutral,0.55,,lexicon
18380,71,3301,45433,battery,neutral,0.55,,lexicon
18381,71,3301,45434,display,positive,0.883,top notch,lexicon
18382,71,3302,45438,display,positive,0.927,excellent,lexicon
18383,71,3303,45452,price,positive,0.815,worth,lexicon
18384,71,3303,45454,display,neutral,0.55,,lexicon
18385,71,3303,45456,display,neutral,0.55,,lexicon
18386,71,3303,45457,camera,positive,0.716,problem,lexicon
18387,71,3303,45458,camera,neutral,0.55,,lexicon
18388,71,3303,45459,design,positive,0.86,great,lexicon
18389,71,3303,45460,battery,positive,0.792,good,lexicon
18390,71,3303,45461,battery,negative,0.95,happy,lexicon
18391,71,3303,45461,design,negative,0.95,happy,lexicon
18392,71,3303,45461,price,negative,0.878,happy,lexicon
18393,71,3303,45463,display,neutral,0.55,,lexicon
18394,71,3303,45466,display,neutral,0.55,,lexicon
18395,71,3303,45466,performance,neutral,0.55,,lexicon
18396,71,3303,45467,camera,positive,0.86,great,lexicon
18397,71,3304,45468,display,neutral,0.55,,lexicon
18398,71,3304,45468,design,neutral,0.55,,lexicon
18399,71,3304,45471,display,neutral,0.55,,lexicon
18400,71,3304,45473,battery,negative,0.838,drain,lexicon
18401,71,3304,45473,display,negative,0.838,drain,lexicon
18402,71,3304,45474,display,neutral,0.55,,lexicon
18403,71,3304,45475,display,neutral,0.55,,lexicon
18404,71,3304,45477,display,neutral,0.55,,lexicon
18405,71,3304,45478,battery,neutral,0.55,,lexicon
18406,71,3304,45479,camera,positive,0.786,fine,lexicon
18407,71,3305,45484,battery,positive,0.748,better,lexicon
18408,71,3305,45485,design,positive,0.95,excellent,lexicon
18409,71,3305,45486,battery,neutral,0.55,,lexicon
18410,71,3306,45488,display,neutral,0.55,,lexicon
18411,71,3306,45488,price,neutral,0.55,,lexicon
18412,71,3306,45490,display,neutral,0.55,,lexicon
18413,71,3306,45491,performance,positive,0.95,fast,lexicon
18414,71,3307,45494,battery,positive,0.927,excellent,lexicon
18415,71,3308,45499,battery,positive,0.86,great,lexicon
18416,71,3309,45503,performance,positive,0.95,fast,lexicon
18417,71,3309,45505,battery,neutral,0.55,,lexicon
18418,71,3309,45506,battery,neutral,0.487,lasts,lexicon
18419,71,3309,45507,battery,neutral,0.55,,lexicon
18420,71,3309,45509,camera,positive,0.891,good,lexicon
18421,71,3309,45509,display,positive,0.891,good,lexicon
18422,71,3309,45509,design,positive,0.95,perfect,lexicon
18423,71,3309,45510,performance,negative,0.905,overheating,lexicon
18424,71,3309,45513,battery,positive,0.925,pleased,lexicon
18425,71,3309,45514,price,positive,0.95,amazing,lexicon
18426,71,3310,45522,price,neutral,0.55,,lexicon
18427,71,3310,45530,battery,neutral,0.55,,lexicon
18428,71,3310,45534,price,negative,0.748,issues,lexicon
18429,71,3311,45547,price,positive,0.792,good,lexicon
18430,71,3311,45548,design,neutral,0.55,,lexicon
18431,71,3313,45549,battery,positive,0.792,good,lexicon
18432,72,1790,45551,display,positive,0.95,amazing,lexicon
18433,72,1790,45551,performance,positive,0.95,amazing,lexicon
18434,72,1790,45552,camera,positive,0.86,beautiful,lexicon
18435,72,1792,45558,battery,neutral,0.55,,lexicon
18436,72,1792,45560,price,positive,0.945,affordable,lexicon
18437,72,1793,45562,battery,neutral,0.55,,lexicon
18438,72,1793,45563,price,positive,0.834,good,lexicon
18439,72,1794,45564,battery,negative,0.95,defective,lexicon
18440,72,1794,45568,battery,neutral,0.55,,lexicon
18441,72,1794,45569,battery,neutral,0.55,,lexicon
18442,72,1794,45570,battery,neutral,0.487,satisfied,lexicon
18443,72,1794,45571,battery,negative,0.752,satisfied,lexicon
18444,72,1794,45574,battery,neutral,0.55,,lexicon
18445,72,1795,45603,design,positive,0.95,premium,lexicon
18446,72,1795,45605,design,positive,0.914,premium,lexicon
18447,72,1795,45606,design,positive,0.927,excellent,lexicon
18448,72,1795,45607,performance,positive,0.91,smooth,lexicon
18449,72,1795,45608,battery,positive,0.95,vibrant,lexicon
18450,72,1795,45608,camera,positive,0.95,vibrant,lexicon
18451,72,1795,45610,price,positive,0.86,great,lexicon
18452,72,1796,45612,battery,neutral,0.55,,lexicon
18453,72,1796,45615,display,negative,0.86,cracked,lexicon
18454,72,1797,45622,price,positive,0.941,worth,lexicon
18455,72,1797,45627,battery,positive,0.824,hate,lexicon
18456,72,1797,45629,design,positive,0.95,perfect,lexicon
18457,72,1797,45631,battery,neutral,0.55,,lexicon
18458,72,1797,45635,price,positive,0.95,worth,lexicon
18459,72,1800,45636,battery,neutral,0.55,,lexicon
18460,72,1800,45636,performance,positive,0.95,fast,lexicon
18461,72,1800,45636,price,positive,0.95,fast,lexicon
18462,72,1801,45640,performance,positive,0.86,fast,lexicon
18463,72,1801,45641,battery,neutral,0.55,,lexicon
18464,72,1802,45644,battery,positive,0.95,good,lexicon
18465,72,1802,45646,camera,neutral,0.55,,lexicon
18466,73,2357,45649,design,positive,0.95,powerful,lexicon
18467,73,2357,45650,price,positive,0.86,great,lexicon
18468,73,2357,45651,design,positive,0.95,durable,lexicon
18469,73,2357,45652,display,neutral,0.55,,lexicon
18470,73,2357,45653,camera,positive,0.95,great,lexicon
18471,73,2357,45653,display,positive,0.95,great,lexicon
18472,73,2357,45654,display,positive,0.883,smooth,lexicon
18473,73,2357,45654,performance,positive,0.95,smooth,lexicon
18474,73,2357,45655,camera,neutral,0.55,,lexicon
18475,73,2357,45656,camera,positive,0.927,excellent,lexicon
18476,73,2357,45657,camera,neutral,0.55,,lexicon
18477,73,2357,45658,performance,positive,0.95,fast,lexicon
18478,73,2357,45659,performance,positive,0.883,smooth,lexicon
18479,73,2357,45660,camera,neutral,0.55,,lexicon
18480,73,2357,45663,battery,positive,0.792,good,lexicon
18481,73,2357,45663,performance,neutral,0.55,,lexicon
18482,73,2357,45664,camera,positive,0.95,excellent,lexicon
18483,73,2357,45664,display,positive,0.95,excellent,lexicon
18484,73,2357,45664,performance,positive,0.95,excellent,lexicon
18485,73,2357,45665,price,positive,0.77,solid,lexicon
18486,73,2358,45669,battery,positive,0.95,good,lexicon
18487,73,2358,45671,performance,positive,0.851,good,lexicon
18488,73,2358,45672,price,positive,0.925,worth,lexicon
18489,73,2359,45675,price,neutral,0.55,,lexicon
18490,73,2359,45677,price,neutral,0.55,,lexicon
18491,73,2359,45679,price,positive,0.815,quick,lexicon
18492,73,2359,45683,camera,neutral,0.393,broken,lexicon
18493,73,2359,45685,camera,neutral,0.55,,lexicon
18494,73,2359,45691,camera,neutral,0.55,,lexicon
18495,73,2359,45693,camera,negative,0.883,broken,lexicon
18496,73,2359,45702,price,positive,0.95,worth,lexicon
18497,73,2360,45713,battery,positive,0.86,great,lexicon
18498,73,2360,45713,price,positive,0.86,great,lexicon
18499,73,2360,45715,battery,positive,0.815,premium,lexicon
18500,73,2360,45716,price,positive,0.595,worth,lexicon
18501,73,2361,45720,camera,neutral,0.55,,lexicon
18502,73,2361,45721,battery,negative,0.68,like,lexicon
18503,73,2361,45722,battery,neutral,0.55,,lexicon
18504,73,2361,45722,camera,neutral,0.55,,lexicon
18505,73,2361,45722,display,neutral,0.55,,lexicon
18506,73,2361,45724,price,positive,0.68,cheap,lexicon
18507,73,2362,45729,battery,neutral,0.55,,lexicon
18508,73,2363,45735,performance,negative,0.748,issues,lexicon
18509,73,2363,45736,battery,neutral,0.55,,lexicon
18510,73,2363,45736,price,positive,0.927,excellent,lexicon
18511,73,2364,45742,display,neutral,0.55,,lexicon
18512,73,2366,45746,battery,positive,0.792,good,lexicon
18513,73,2370,45751,battery,positive,0.95,love,lexicon
18514,73,2370,45751,display,negative,0.748,issue,lexicon
18515,73,2370,45752,battery,positive,0.792,good,lexicon
18516,73,2370,45752,display,positive,0.792,good,lexicon
18517,74,2747,45753,design,positive,0.95,powerful,lexicon
18518,74,2747,45754,price,positive,0.86,great,lexicon
18519,74,2747,45755,design,positive,0.95,durable,lexicon
18520,74,2747,45756,display,neutral,0.55,,lexicon
18521,74,2747,45757,camera,positive,0.95,great,lexicon
18522,74,2747,45757,display,positive,0.95,great,lexicon
18523,74,2747,45758,display,positive,0.883,smooth,lexicon
18524,74,2747,45758,performance,positive,0.95,smooth,lexicon
18525,74,2747,45759,camera,neutral,0.55,,lexicon
18526,74,2747,45760,camera,positive,0.927,excellent,lexicon
18527,74,2747,45761,camera,neutral,0.55,,lexicon
18528,74,2747,45762,performance,positive,0.95,fast,lexicon
18529,74,2747,45763,performance,positive,0.883,smooth,lexicon
18530,74,2747,45764,camera,neutral,0.55,,lexicon
18531,74,2747,45767,battery,positive,0.792,good,lexicon
18532,74,2747,45767,performance,neutral,0.55,,lexicon
18533,74,2747,45768,camera,positive,0.95,excellent,lexicon
18534,74,2747,45768,display,positive,0.95,excellent,lexicon
18535,74,2747,45768,performance,positive,0.95,excellent,lexicon
18536,74,2747,45769,price,positive,0.77,solid,lexicon
18537,74,2748,45773,battery,positive,0.95,good,lexicon
18538,74,2748,45775,performance,positive,0.851,good,lexicon
18539,74,2748,45776,price,positive,0.925,worth,lexicon
18540,74,2749,45779,price,neutral,0.55,,lexicon
18541,74,2749,45781,price,neutral,0.55,,lexicon
18542,74,2749,45783,price,positive,0.815,quick,lexicon
18543,74,2749,45787,camera,neutral,0.393,broken,lexicon
18544,74,2749,45789,camera,neutral,0.55,,lexicon
18545,74,2749,45795,camera,neutral,0.55,,lexicon
18546,74,2749,45797,camera,negative,0.883,broken,lexicon
18547,74,2749,45806,price,positive,0.95,worth,lexicon
18548,74,2750,45817,battery,positive,0.86,great,lexicon
18549,74,2750,45817,price,positive,0.86,great,lexicon
18550,74,2750,45819,battery,positive,0.815,premium,lexicon
18551,74,2750,45820,price,positive,0.595,worth,lexicon
18552,74,2751,45824,camera,neutral,0.55,,lexicon
18553,74,2751,45825,battery,negative,0.68,like,lexicon
18554,74,2751,45826,battery,neutral,0.55,,lexicon
18555,74,2751,45826,camera,neutral,0.55,,lexicon
18556,74,2751,45826,display,neutral,0.55,,lexicon
18557,74,2751,45828,price,positive,0.68,cheap,lexicon
18558,74,2752,45833,battery,neutral,0.55,,lexicon
18559,74,2753,45839,performance,negative,0.748,issues,lexicon
18560,74,2753,45840,battery,neutral,0.55,,lexicon
18561,74,2753,45840,price,positive,0.927,excellent,lexicon
18562,74,2754,45846,display,neutral,0.55,,lexicon
18563,74,2757,45851,battery,positive,0.792,good,lexicon
18564,74,2761,45856,battery,positive,0.95,love,lexicon
18565,74,2761,45856,display,negative,0.748,issue,lexicon
18566,74,2761,45857,battery,positive,0.792,good,lexicon
18567,74,2761,45857,display,positive,0.792,good,lexicon
18568,74,2762,45858,battery,positive,0.847,good,lexicon
18569,74,2762,45858,price,positive,0.847,good,lexicon
18570,74,2763,45859,battery,neutral,0.55,,lexicon
18571,74,2763,45860,battery,neutral,0.55,,lexicon
18572,74,2763,45861,battery,neutral,0.55,,lexicon
18573,74,2763,45863,display,neutral,0.55,,lexicon
18574,74,2764,45864,battery,negative,0.86,poor,lexicon
18575,74,2764,45866,battery,neutral,0.55,,lexicon
18576,74,2764,45867,battery,negative,0.86,poor,lexicon
18577,74,2764,45869,price,positive,0.792,good,lexicon
18578,74,2764,45871,battery,positive,0.95,excellent,lexicon
18579,74,2765,45874,battery,positive,0.86,great,lexicon
18580,74,2765,45875,camera,positive,0.95,excellent,lexicon
18581,74,2765,45875,display,positive,0.95,excellent,lexicon
18582,74,2765,45876,battery,neutral,0.55,,lexicon
18583,74,2765,45877,battery,positive,0.86,fast,lexicon
18584,74,2765,45877,performance,positive,0.86,fast,lexicon
18585,74,2765,45878,battery,neutral,0.55,,lexicon
18586,74,2766,45884,battery,neutral,0.55,,lexicon
18587,74,2766,45885,price,neutral,0.55,,lexicon
18588,74,2766,45886,design,neutral,0.471,poorly,lexicon
18589,74,2766,45893,battery,neutral,0.55,,lexicon
18590,74,2766,45906,price,neutral,0.55,,lexicon
18591,74,2767,45910,camera,negative,0.642,disappointing,lexicon
18592,74,2767,45911,battery,neutral,0.55,,lexicon
18593,74,2767,45912,battery,neutral,0.55,,lexicon
18594,74,2768,45916,battery,positive,0.792,good,lexicon
18595,74,2768,45918,design,positive,0.895,good,lexicon
18596,74,2768,45919,camera,positive,0.86,great,lexicon
18597,74,2768,45919,display,positive,0.86,great,lexicon
18598,74,2768,45920,battery,neutral,0.55,,lexicon
18599,74,2768,45921,battery,positive,0.927,excellent,lexicon
18600,74,2768,45922,camera,positive,0.883,smooth,lexicon
18601,74,2768,45922,performance,positive,0.883,smooth,lexicon
18602,74,2768,45922,design,positive,0.883,smooth,lexicon
18603,74,2768,45924,battery,positive,0.77,solid,lexicon
18604,74,2769,45925,performance,negative,0.95,overheating,lexicon
18605,74,2769,45927,battery,positive,0.927,excellent,lexicon
18606,74,2769,45927,display,positive,0.927,excellent,lexicon
18607,74,2769,45927,design,positive,0.927,excellent,lexicon
18608,74,2769,45929,performance,neutral,0.55,,lexicon
18609,74,2769,45931,performance,negative,0.905,overheating,lexicon
18610,74,2771,45932,battery,neutral,0.55,,lexicon
18611,74,2771,45933,battery,positive,0.624,excellent,lexicon
18612,74,2771,45934,camera,positive,0.725,like,lexicon
18613,75,245,45937,battery,neutral,0.55,,lexicon
18614,75,245,45937,performance,neutral,0.55,,lexicon
18615,75,245,45937,camera,neutral,0.55,,lexicon
18616,75,245,45937,display,neutral,0.55,,lexicon
18617,75,245,45938,battery,positive,0.95,fast,lexicon
18618,75,245,45938,display,positive,0.698,issues,lexicon
18619,75,245,45938,performance,positive,0.95,fast,lexicon
18620,75,245,45939,price,positive,0.95,worth,lexicon
18621,75,246,45943,price,positive,0.95,great,lexicon
18622,75,246,45950,price,positive,0.914,great,lexicon
18623,75,246,45951,display,neutral,0.55,,lexicon
18624,75,246,45954,battery,negative,0.748,issue,lexicon
18625,75,247,45957,battery,neutral,0.55,,lexicon
18626,75,247,45958,battery,positive,0.834,lasts,lexicon
18627,75,247,45959,battery,neutral,0.55,,lexicon
18628,75,247,45960,battery,neutral,0.55,,lexicon
18629,75,247,45962,display,neutral,0.55,,lexicon
18630,75,247,45963,display,neutral,0.55,,lexicon
18631,75,247,45964,display,neutral,0.55,,lexicon
18632,75,247,45968,performance,neutral,0.55,,lexicon
18633,75,247,45972,performance,negative,0.86,lags,lexicon
18634,75,247,45975,price,positive,0.703,fine,lexicon
18635,75,247,45976,battery,neutral,0.55,,lexicon
18636,75,247,45978,camera,neutral,0.55,,lexicon
18637,75,247,45980,battery,positive,0.883,top notch,lexicon
18638,75,247,45980,camera,positive,0.883,top notch,lexicon
18639,75,247,45980,display,positive,0.883,top notch,lexicon
18640,75,247,45981,display,positive,0.792,good,lexicon
18641,75,247,45984,camera,positive,0.838,happy,lexicon
18642,75,248,45985,price,positive,0.824,waste,lexicon
18643,75,248,45987,battery,positive,0.945,happy,lexicon
18644,75,248,45988,camera,positive,0.725,like,lexicon
18645,75,248,45990,battery,positive,0.725,like,lexicon
18646,75,248,45990,design,positive,0.725,like,lexicon
18647,75,248,45991,battery,neutral,0.55,,lexicon
18648,75,248,45991,price,neutral,0.55,,lexicon
18649,75,248,45993,battery,neutral,0.55,,lexicon
18650,75,248,45993,price,neutral,0.55,,lexicon
18651,75,248,45994,battery,positive,0.86,fast,lexicon
18652,75,248,45994,performance,positive,0.86,fast,lexicon
18653,75,249,46003,price,positive,0.748,better,lexicon
18654,75,249,46007,price,positive,0.866,good,lexicon
18655,75,249,46014,camera,neutral,0.55,,lexicon
18656,75,249,46016,battery,neutral,0.55,,lexicon
18657,75,250,46022,camera,neutral,0.55,,lexicon
18658,75,250,46022,display,neutral,0.55,,lexicon
18659,75,250,46023,battery,positive,0.925,pleased,lexicon
18660,75,250,46024,price,positive,0.95,great,lexicon
18661,75,251,46027,battery,positive,0.95,great,lexicon
18662,75,251,46027,price,positive,0.815,worth,lexicon
18663,75,251,46028,battery,positive,0.86,great,lexicon
18664,75,251,46028,design,positive,0.86,great,lexicon
18665,75,252,46032,price,positive,0.905,best,lexicon
18666,75,252,46035,battery,neutral,0.55,,lexicon
18667,75,252,46037,display,positive,0.927,perfect,lexicon
18668,75,252,46041,battery,neutral,0.55,,lexicon
18669,75,255,46044,battery,neutral,0.55,,lexicon
18670,75,255,46045,battery,neutral,0.55,,lexicon
18671,75,255,46051,performance,neutral,0.55,,lexicon
18672,75,255,46052,battery,neutral,0.55,,lexicon
18673,75,257,46054,battery,positive,0.698,issues,lexicon
18674,75,257,46056,camera,neutral,0.55,,lexicon
18675,75,257,46056,display,neutral,0.55,,lexicon
18676,75,257,46057,battery,positive,0.77,bad,lexicon
18677,75,258,46060,battery,positive,0.95,excellent,lexicon
18678,75,258,46060,display,negative,0.824,best,lexicon
18679,75,259,46063,camera,neutral,0.55,,lexicon
18680,75,259,46063,display,neutral,0.55,,lexicon
18681,75,260,46071,battery,neutral,0.471,bad,lexicon
18682,75,260,46075,battery,neutral,0.55,,lexicon
18683,75,260,46076,battery,neutral,0.55,,lexicon
18684,75,260,46079,display,neutral,0.55,,lexicon
18685,75,261,46081,design,positive,0.792,good,lexicon
18686,75,261,46083,battery,neutral,0.55,,lexicon
18687,75,262,46085,display,positive,0.656,perfect,lexicon
18688,75,262,46085,design,negative,0.927,terrible,lexicon
18689,75,262,46086,design,positive,0.929,good,lexicon
18690,75,263,46088,battery,positive,0.792,good,lexicon
18691,75,264,46092,battery,positive,0.607,fast,lexicon
18692,75,264,46092,performance,neutral,0.519,fast,lexicon
18693,75,264,46093,camera,negative,0.905,overheating,lexicon
18694,75,264,46093,performance,negative,0.905,overheating,lexicon
18695,75,264,46094,battery,positive,0.792,good,lexicon
18696,75,264,46097,battery,neutral,0.55,,lexicon
18697,75,265,46099,camera,positive,0.927,amazing,lexicon
18698,75,268,46105,display,positive,0.895,great,lexicon
18699,75,268,46106,camera,negative,0.749,disappointed,lexicon
18700,75,268,46106,price,negative,0.749,disappointed,lexicon
18701,75,268,46107,camera,neutral,0.55,,lexicon
18702,75,268,46109,camera,neutral,0.55,,lexicon
18703,75,269,46112,battery,positive,0.815,premium,lexicon
18704,76,436,46115,price,positive,0.95,great,lexicon
18705,76,436,46122,price,positive,0.914,great,lexicon
18706,76,436,46123,display,neutral,0.55,,lexicon
18707,76,436,46126,battery,negative,0.748,issue,lexicon
18708,76,437,46129,battery,neutral,0.55,,lexicon
18709,76,437,46129,performance,neutral,0.55,,lexicon
18710,76,437,46129,camera,neutral,0.55,,lexicon
18711,76,437,46129,display,neutral,0.55,,lexicon
18712,76,437,46130,battery,positive,0.95,fast,lexicon
18713,76,437,46130,display,positive,0.698,issues,lexicon
18714,76,437,46130,performance,positive,0.95,fast,lexicon
18715,76,437,46131,price,positive,0.95,worth,lexicon
18716,76,438,46136,battery,neutral,0.55,,lexicon
18717,76,438,46137,battery,positive,0.834,lasts,lexicon
18718,76,438,46138,battery,neutral,0.55,,lexicon
18719,76,438,46139,battery,neutral,0.55,,lexicon
18720,76,438,46141,display,neutral,0.55,,lexicon
18721,76,438,46142,display,neutral,0.55,,lexicon
18722,76,438,46143,display,neutral,0.55,,lexicon
18723,76,438,46147,performance,neutral,0.55,,lexicon
18724,76,438,46151,performance,negative,0.86,lags,lexicon
18725,76,438,46154,price,positive,0.703,fine,lexicon
18726,76,438,46155,battery,neutral,0.55,,lexicon
18727,76,438,46157,camera,neutral,0.55,,lexicon
18728,76,438,46159,battery,positive,0.883,top notch,lexicon
18729,76,438,46159,camera,positive,0.883,top notch,lexicon
18730,76,438,46159,display,positive,0.883,top notch,lexicon
18731,76,438,46160,display,positive,0.792,good,lexicon
18732,76,438,46163,camera,positive,0.838,happy,lexicon
18733,76,439,46164,price,positive,0.824,waste,lexicon
18734,76,439,46166,battery,positive,0.945,happy,lexicon
18735,76,439,46167,camera,positive,0.725,like,lexicon
18736,76,439,46169,battery,positive,0.725,like,lexicon
18737,76,439,46169,design,positive,0.725,like,lexicon
18738,76,439,46170,battery,neutral,0.55,,lexicon
18739,76,439,46170,price,neutral,0.55,,lexicon
18740,76,439,46172,battery,neutral,0.55,,lexicon
18741,76,439,46172,price,neutral,0.55,,lexicon
18742,76,439,46173,battery,positive,0.86,fast,lexicon
18743,76,439,46173,performance,positive,0.86,fast,lexicon
18744,76,440,46182,price,positive,0.748,better,lexicon
18745,76,440,46186,price,positive,0.866,good,lexicon
18746,76,440,46193,camera,neutral,0.55,,lexicon
18747,76,440,46195,battery,neutral,0.55,,lexicon
18748,76,441,46201,camera,neutral,0.55,,lexicon
18749,76,441,46201,display,neutral,0.55,,lexicon
18750,76,441,46202,battery,positive,0.925,pleased,lexicon
18751,76,441,46203,price,positive,0.95,great,lexicon
18752,76,442,46206,battery,positive,0.95,great,lexicon
18753,76,442,46206,price,positive,0.815,worth,lexicon
18754,76,442,46207,battery,positive,0.86,great,lexicon
18755,76,442,46207,design,positive,0.86,great,lexicon
18756,76,443,46211,price,positive,0.905,best,lexicon
18757,76,443,46214,battery,neutral,0.55,,lexicon
18758,76,443,46216,display,positive,0.927,perfect,lexicon
18759,76,443,46220,battery,neutral,0.55,,lexicon
18760,76,446,46223,battery,neutral,0.55,,lexicon
18761,76,446,46224,battery,neutral,0.55,,lexicon
18762,76,446,46230,performance,neutral,0.55,,lexicon
18763,76,446,46231,battery,neutral,0.55,,lexicon
18764,76,448,46233,battery,positive,0.698,issues,lexicon
18765,76,448,46235,camera,neutral,0.55,,lexicon
18766,76,448,46235,display,neutral,0.55,,lexicon
18767,76,448,46236,battery,positive,0.77,bad,lexicon
18768,77,1332,46239,battery,positive,0.95,excellent,lexicon
18769,77,1332,46239,display,negative,0.824,best,lexicon
18770,77,1333,46242,camera,neutral,0.55,,lexicon
18771,77,1333,46242,display,neutral,0.55,,lexicon
18772,78,2320,46252,battery,neutral,0.55,,lexicon
18773,78,2320,46252,performance,neutral,0.55,,lexicon
18774,78,2320,46252,camera,neutral,0.55,,lexicon
18775,78,2320,46252,display,neutral,0.55,,lexicon
18776,78,2320,46253,battery,positive,0.95,fast,lexicon
18777,78,2320,46253,display,positive,0.698,issues,lexicon
18778,78,2320,46253,performance,positive,0.95,fast,lexicon
18779,78,2320,46254,price,positive,0.95,worth,lexicon
18780,78,2321,46258,price,positive,0.95,great,lexicon
18781,78,2321,46265,price,positive,0.914,great,lexicon
18782,78,2321,46266,display,neutral,0.55,,lexicon
18783,78,2321,46269,battery,negative,0.748,issue,lexicon
18784,78,2322,46272,battery,neutral,0.55,,lexicon
18785,78,2322,46273,battery,positive,0.834,lasts,lexicon
18786,78,2322,46274,battery,neutral,0.55,,lexicon
18787,78,2322,46275,battery,neutral,0.55,,lexicon
18788,78,2322,46277,display,neutral,0.55,,lexicon
18789,78,2322,46278,display,neutral,0.55,,lexicon
18790,78,2322,46279,display,neutral,0.55,,lexicon
18791,78,2322,46283,performance,neutral,0.55,,lexicon
18792,78,2322,46287,performance,negative,0.86,lags,lexicon
18793,78,2322,46290,price,positive,0.703,fine,lexicon
18794,78,2322,46291,battery,neutral,0.55,,lexicon
18795,78,2322,46293,camera,neutral,0.55,,lexicon
18796,78,2322,46295,battery,positive,0.883,top notch,lexicon
18797,78,2322,46295,camera,positive,0.883,top notch,lexicon
18798,78,2322,46295,display,positive,0.883,top notch,lexicon
18799,78,2322,46296,display,positive,0.792,good,lexicon
18800,78,2322,46299,camera,positive,0.838,happy,lexicon
18801,78,2323,46300,price,positive,0.824,waste,lexicon
18802,78,2323,46302,battery,positive,0.945,happy,lexicon
18803,78,2323,46303,camera,positive,0.725,like,lexicon
18804,78,2323,46305,battery,positive,0.725,like,lexicon
18805,78,2323,46305,design,positive,0.725,like,lexicon
18806,78,2323,46306,battery,neutral,0.55,,lexicon
18807,78,2323,46306,price,neutral,0.55,,lexicon
18808,78,2323,46308,battery,neutral,0.55,,lexicon
18809,78,2323,46308,price,neutral,0.55,,lexicon
18810,78,2323,46309,battery,positive,0.86,fast,lexicon
18811,78,2323,46309,performance,positive,0.86,fast,lexicon
18812,78,2324,46318,price,positive,0.748,better,lexicon
18813,78,2324,46322,price,positive,0.866,good,lexicon
18814,78,2324,46329,camera,neutral,0.55,,lexicon
18815,78,2324,46331,battery,neutral,0.55,,lexicon
18816,78,2325,46337,camera,neutral,0.55,,lexicon
18817,78,2325,46337,display,neutral,0.55,,lexicon
18818,78,2325,46338,battery,positive,0.925,pleased,lexicon
18819,78,2325,46339,price,positive,0.95,great,lexicon
18820,78,2326,46342,battery,positive,0.95,great,lexicon
18821,78,2326,46342,price,positive,0.815,worth,lexicon
18822,78,2326,46343,battery,positive,0.86,great,lexicon
18823,78,2326,46343,design,positive,0.86,great,lexicon
18824,78,2327,46347,price,positive,0.905,best,lexicon
18825,78,2327,46350,battery,neutral,0.55,,lexicon
18826,78,2327,46352,display,positive,0.927,perfect,lexicon
18827,78,2327,46356,battery,neutral,0.55,,lexicon
18828,78,2330,46359,battery,neutral,0.55,,lexicon
18829,78,2330,46360,battery,neutral,0.55,,lexicon
18830,78,2330,46366,performance,neutral,0.55,,lexicon
18831,78,2330,46367,battery,neutral,0.55,,lexicon
18832,78,2332,46369,battery,positive,0.698,issues,lexicon
18833,78,2332,46371,camera,neutral,0.55,,lexicon
18834,78,2332,46371,display,neutral,0.55,,lexicon
18835,78,2332,46372,battery,positive,0.77,bad,lexicon
18836,78,2333,46375,battery,positive,0.95,excellent,lexicon
18837,78,2333,46375,display,negative,0.824,best,lexicon
18838,78,2334,46378,camera,neutral,0.55,,lexicon
18839,78,2334,46378,display,neutral,0.55,,lexicon
18840,78,2335,46386,battery,neutral,0.471,bad,lexicon
18841,78,2335,46390,battery,neutral,0.55,,lexicon
18842,78,2335,46391,battery,neutral,0.55,,lexicon
18843,78,2335,46394,display,neutral,0.55,,lexicon
18844,78,2336,46396,design,positive,0.792,good,lexicon
18845,78,2336,46398,battery,neutral,0.55,,lexicon
18846,78,2337,46400,display,positive,0.656,perfect,lexicon
18847,78,2337,46400,design,negative,0.927,terrible,lexicon
18848,78,2337,46401,design,positive,0.929,good,lexicon
18849,78,2338,46403,battery,positive,0.792,good,lexicon
18850,78,2339,46407,battery,positive,0.607,fast,lexicon
18851,78,2339,46407,performance,neutral,0.519,fast,lexicon
18852,78,2339,46408,camera,negative,0.905,overheating,lexicon
18853,78,2339,46408,performance,negative,0.905,overheating,lexicon
18854,78,2339,46409,battery,positive,0.792,good,lexicon
18855,78,2339,46412,battery,neutral,0.55,,lexicon
18856,78,2340,46414,camera,positive,0.927,amazing,lexicon
18857,78,2343,46420,display,positive,0.895,great,lexicon
18858,78,2343,46421,camera,negative,0.749,disappointed,lexicon
18859,78,2343,46421,price,negative,0.749,disappointed,lexicon
18860,78,2343,46422,camera,neutral,0.55,,lexicon
18861,78,2343,46424,camera,neutral,0.55,,lexicon
18862,78,2344,46427,battery,positive,0.815,premium,lexicon
18863,79,2838,46432,battery,neutral,0.55,,lexicon
18864,79,2838,46432,performance,neutral,0.55,,lexicon
18865,79,2838,46432,camera,neutral,0.55,,lexicon
18866,79,2838,46432,display,neutral,0.55,,lexicon
18867,79,2838,46433,battery,positive,0.95,fast,lexicon
18868,79,2838,46433,display,positive,0.698,issues,lexicon
18869,79,2838,46433,performance,positive,0.95,fast,lexicon
18870,79,2838,46434,price,positive,0.95,worth,lexicon
18871,79,2839,46438,price,positive,0.95,great,lexicon
18872,79,2839,46445,price,positive,0.914,great,lexicon
18873,79,2839,46446,display,neutral,0.55,,lexicon
18874,79,2839,46449,battery,negative,0.748,issue,lexicon
18875,79,2840,46452,battery,neutral,0.55,,lexicon
18876,79,2840,46453,battery,positive,0.834,lasts,lexicon
18877,79,2840,46454,battery,neutral,0.55,,lexicon
18878,79,2840,46455,battery,neutral,0.55,,lexicon
18879,79,2840,46457,display,neutral,0.55,,lexicon
18880,79,2840,46458,display,neutral,0.55,,lexicon
18881,79,2840,46459,display,neutral,0.55,,lexicon
18882,79,2840,46463,performance,neutral,0.55,,lexicon
18883,79,2840,46467,performance,negative,0.86,lags,lexicon
18884,79,2840,46470,price,positive,0.703,fine,lexicon
18885,79,2840,46471,battery,neutral,0.55,,lexicon
18886,79,2840,46473,camera,neutral,0.55,,lexicon
18887,79,2840,46475,battery,positive,0.883,top notch,lexicon
18888,79,2840,46475,camera,positive,0.883,top notch,lexicon
18889,79,2840,46475,display,positive,0.883,top notch,lexicon
18890,79,2840,46476,display,positive,0.792,good,lexicon
18891,79,2840,46479,camera,positive,0.838,happy,lexicon
18892,79,2841,46480,price,positive,0.824,waste,lexicon
18893,79,2841,46482,battery,positive,0.945,happy,lexicon
18894,79,2841,46483,camera,positive,0.725,like,lexicon
18895,79,2841,46485,battery,positive,0.725,like,lexicon
18896,79,2841,46485,design,positive,0.725,like,lexicon
18897,79,2841,46486,battery,neutral,0.55,,lexicon
18898,79,2841,46486,price,neutral,0.55,,lexicon
18899,79,2841,46488,battery,neutral,0.55,,lexicon
18900,79,2841,46488,price,neutral,0.55,,lexicon
18901,79,2841,46489,battery,positive,0.86,fast,lexicon
18902,79,2841,46489,performance,positive,0.86,fast,lexicon
18903,79,2842,46498,price,positive,0.748,better,lexicon
18904,79,2842,46502,price,positive,0.866,good,lexicon
18905,79,2842,46509,camera,neutral,0.55,,lexicon
18906,79,2842,46511,battery,neutral,0.55,,lexicon
18907,79,2843,46517,camera,neutral,0.55,,lexicon
18908,79,2843,46517,display,neutral,0.55,,lexicon
18909,79,2843,46518,battery,positive,0.925,pleased,lexicon
18910,79,2843,46519,price,positive,0.95,great,lexicon
18911,79,2844,46522,battery,positive,0.95,great,lexicon
18912,79,2844,46522,price,positive,0.815,worth,lexicon
18913,79,2844,46523,battery,positive,0.86,great,lexicon
18914,79,2844,46523,design,positive,0.86,great,lexicon
18915,79,2845,46527,price,positive,0.905,best,lexicon
18916,79,2845,46530,battery,neutral,0.55,,lexicon
18917,79,2845,46532,display,positive,0.927,perfect,lexicon
18918,79,2845,46536,battery,neutral,0.55,,lexicon
18919,79,2848,46539,battery,neutral,0.55,,lexicon
18920,79,2848,46540,battery,neutral,0.55,,lexicon
18921,79,2848,46546,performance,neutral,0.55,,lexicon
18922,79,2848,46547,battery,neutral,0.55,,lexicon
18923,79,2850,46549,battery,positive,0.698,issues,lexicon
18924,79,2850,46551,camera,neutral,0.55,,lexicon
18925,79,2850,46551,display,neutral,0.55,,lexicon
18926,79,2850,46552,battery,positive,0.77,bad,lexicon
18927,79,2851,46555,battery,positive,0.95,excellent,lexicon
18928,79,2851,46555,display,negative,0.824,best,lexicon
18929,79,2852,46558,camera,neutral,0.55,,lexicon
18930,79,2852,46558,display,neutral,0.55,,lexicon
18931,79,2853,46566,battery,neutral,0.471,bad,lexicon
18932,79,2853,46570,battery,neutral,0.55,,lexicon
18933,79,2853,46571,battery,neutral,0.55,,lexicon
18934,79,2853,46574,display,neutral,0.55,,lexicon
18935,79,2854,46576,design,positive,0.792,good,lexicon
18936,79,2854,46578,battery,neutral,0.55,,lexicon
18937,79,2855,46580,display,positive,0.656,perfect,lexicon
18938,79,2855,46580,design,negative,0.927,terrible,lexicon
18939,79,2855,46581,design,positive,0.929,good,lexicon
18940,79,2856,46583,battery,positive,0.792,good,lexicon
18941,79,2857,46587,battery,positive,0.607,fast,lexicon
18942,79,2857,46587,performance,neutral,0.519,fast,lexicon
18943,79,2857,46588,camera,negative,0.905,overheating,lexicon
18944,79,2857,46588,performance,negative,0.905,overheating,lexicon
18945,79,2857,46589,battery,positive,0.792,good,lexicon
18946,79,2857,46592,battery,neutral,0.55,,lexicon
18947,79,2858,46594,camera,positive,0.927,amazing,lexicon
18948,79,2861,46600,display,positive,0.895,great,lexicon
18949,79,2861,46601,camera,negative,0.749,disappointed,lexicon
18950,79,2861,46601,price,negative,0.749,disappointed,lexicon
18951,79,2861,46602,camera,neutral,0.55,,lexicon
18952,79,2861,46604,camera,neutral,0.55,,lexicon
18953,79,2862,46607,battery,positive,0.815,premium,lexicon
18954,80,3034,46612,battery,neutral,0.55,,lexicon
18955,80,3034,46612,performance,neutral,0.55,,lexicon
18956,80,3034,46612,camera,neutral,0.55,,lexicon
18957,80,3034,46612,display,neutral,0.55,,lexicon
18958,80,3034,46613,battery,positive,0.95,fast,lexicon
18959,80,3034,46613,display,positive,0.698,issues,lexicon
18960,80,3034,46613,performance,positive,0.95,fast,lexicon
18961,80,3034,46614,price,positive,0.95,worth,lexicon
18962,80,3035,46618,price,positive,0.95,great,lexicon
18963,80,3035,46625,price,positive,0.914,great,lexicon
18964,80,3035,46626,display,neutral,0.55,,lexicon
18965,80,3035,46629,battery,negative,0.748,issue,lexicon
18966,80,3036,46632,battery,neutral,0.55,,lexicon
18967,80,3036,46633,battery,positive,0.834,lasts,lexicon
18968,80,3036,46634,battery,neutral,0.55,,lexicon
18969,80,3036,46635,battery,neutral,0.55,,lexicon
18970,80,3036,46637,display,neutral,0.55,,lexicon
18971,80,3036,46638,display,neutral,0.55,,lexicon
18972,80,3036,46639,display,neutral,0.55,,lexicon
18973,80,3036,46643,performance,neutral,0.55,,lexicon
18974,80,3036,46647,performance,negative,0.86,lags,lexicon
18975,80,3036,46650,price,positive,0.703,fine,lexicon
18976,80,3036,46651,battery,neutral,0.55,,lexicon
18977,80,3036,46653,camera,neutral,0.55,,lexicon
18978,80,3036,46655,battery,positive,0.883,top notch,lexicon
18979,80,3036,46655,camera,positive,0.883,top notch,lexicon
18980,80,3036,46655,display,positive,0.883,top notch,lexicon
18981,80,3036,46656,display,positive,0.792,good,lexicon
18982,80,3036,46659,camera,positive,0.838,happy,lexicon
18983,80,3037,46660,price,positive,0.824,waste,lexicon
18984,80,3037,46662,battery,positive,0.945,happy,lexicon
18985,80,3037,46663,camera,positive,0.725,like,lexicon
18986,80,3037,46665,battery,positive,0.725,like,lexicon
18987,80,3037,46665,design,positive,0.725,like,lexicon
18988,80,3037,46666,battery,neutral,0.55,,lexicon
18989,80,3037,46666,price,neutral,0.55,,lexicon
18990,80,3037,46668,battery,neutral,0.55,,lexicon
18991,80,3037,46668,price,neutral,0.55,,lexicon
18992,80,3037,46669,battery,positive,0.86,fast,lexicon
18993,80,3037,46669,performance,positive,0.86,fast,lexicon
18994,80,3038,46678,price,positive,0.748,better,lexicon
18995,80,3038,46682,price,positive,0.866,good,lexicon
18996,80,3038,46689,camera,neutral,0.55,,lexicon
18997,80,3038,46691,battery,neutral,0.55,,lexicon
18998,80,3039,46697,camera,neutral,0.55,,lexicon
18999,80,3039,46697,display,neutral,0.55,,lexicon
19000,80,3039,46698,battery,positive,0.925,pleased,lexicon
19001,80,3039,46699,price,positive,0.95,great,lexicon
19002,80,3040,46702,battery,positive,0.95,great,lexicon
19003,80,3040,46702,price,positive,0.815,worth,lexicon
19004,80,3040,46703,battery,positive,0.86,great,lexicon
19005,80,3040,46703,design,positive,0.86,great,lexicon
19006,80,3041,46707,price,positive,0.905,best,lexicon
19007,80,3041,46710,battery,neutral,0.55,,lexicon
19008,80,3041,46712,display,positive,0.927,perfect,lexicon
19009,80,3041,46716,battery,neutral,0.55,,lexicon
19010,80,3044,46719,battery,neutral,0.55,,lexicon
19011,80,3044,46720,battery,neutral,0.55,,lexicon
19012,80,3044,46726,performance,neutral,0.55,,lexicon
19013,80,3044,46727,battery,neutral,0.55,,lexicon
19014,80,3046,46729,battery,positive,0.698,issues,lexicon
19015,80,3046,46731,camera,neutral,0.55,,lexicon
19016,80,3046,46731,display,neutral,0.55,,lexicon
19017,80,3046,46732,battery,positive,0.77,bad,lexicon
19018,80,3047,46735,battery,positive,0.95,excellent,lexicon
19019,80,3047,46735,display,negative,0.824,best,lexicon
19020,80,3048,46738,camera,neutral,0.55,,lexicon
19021,80,3048,46738,display,neutral,0.55,,lexicon
19022,80,3049,46746,battery,neutral,0.471,bad,lexicon
19023,80,3049,46750,battery,neutral,0.55,,lexicon
19024,80,3049,46751,battery,neutral,0.55,,lexicon
19025,80,3049,46754,display,neutral,0.55,,lexicon
19026,80,3050,46756,design,positive,0.792,good,lexicon
19027,80,3050,46758,battery,neutral,0.55,,lexicon
19028,80,3051,46760,display,positive,0.656,perfect,lexicon
19029,80,3051,46760,design,negative,0.927,terrible,lexicon
19030,80,3051,46761,design,positive,0.929,good,lexicon
19031,80,3052,46763,battery,positive,0.792,good,lexicon
19032,80,3053,46767,battery,positive,0.607,fast,lexicon
19033,80,3053,46767,performance,neutral,0.519,fast,lexicon
19034,80,3053,46768,camera,negative,0.905,overheating,lexicon
19035,80,3053,46768,performance,negative,0.905,overheating,lexicon
19036,80,3053,46769,battery,positive,0.792,good,lexicon
19037,80,3053,46772,battery,neutral,0.55,,lexicon
19038,80,3054,46774,camera,positive,0.927,amazing,lexicon
19039,80,3057,46780,display,positive,0.895,great,lexicon
19040,80,3057,46781,camera,negative,0.749,disappointed,lexicon
19041,80,3057,46781,price,negative,0.749,disappointed,lexicon
19042,80,3057,46782,camera,neutral,0.55,,lexicon
19043,80,3057,46784,camera,neutral,0.55,,lexicon
19044,80,3058,46787,battery,positive,0.815,premium,lexicon
19045,81,3567,46792,battery,neutral,0.55,,lexicon
19046,81,3567,46792,performance,neutral,0.55,,lexicon
19047,81,3567,46792,camera,neutral,0.55,,lexicon
19048,81,3567,46792,display,neutral,0.55,,lexicon
19049,81,3567,46793,battery,positive,0.95,fast,lexicon
19050,81,3567,46793,display,positive,0.698,issues,lexicon
19051,81,3567,46793,performance,positive,0.95,fast,lexicon
19052,81,3567,46794,price,positive,0.95,worth,lexicon
19053,81,3568,46798,price,positive,0.95,great,lexicon
19054,81,3568,46805,price,positive,0.914,great,lexicon
19055,81,3568,46806,display,neutral,0.55,,lexicon
19056,81,3568,46809,battery,negative,0.748,issue,lexicon
19057,81,3569,46812,battery,neutral,0.55,,lexicon
19058,81,3569,46813,battery,positive,0.834,lasts,lexicon
19059,81,3569,46814,battery,neutral,0.55,,lexicon
19060,81,3569,46815,battery,neutral,0.55,,lexicon
19061,81,3569,46817,display,neutral,0.55,,lexicon
19062,81,3569,46818,display,neutral,0.55,,lexicon
19063,81,3569,46819,display,neutral,0.55,,lexicon
19064,81,3569,46823,performance,neutral,0.55,,lexicon
19065,81,3569,46827,performance,negative,0.86,lags,lexicon
19066,81,3569,46830,price,positive,0.703,fine,lexicon
19067,81,3569,46831,battery,neutral,0.55,,lexicon
19068,81,3569,46833,camera,neutral,0.55,,lexicon
19069,81,3569,46835,battery,positive,0.883,top notch,lexicon
19070,81,3569,46835,camera,positive,0.883,top notch,lexicon
19071,81,3569,46835,display,positive,0.883,top notch,lexicon
19072,81,3569,46836,display,positive,0.792,good,lexicon
19073,81,3569,46839,camera,positive,0.838,happy,lexicon
19074,81,3570,46840,price,positive,0.824,waste,lexicon
19075,81,3570,46842,battery,positive,0.945,happy,lexicon
19076,81,3570,46843,camera,positive,0.725,like,lexicon
19077,81,3570,46845,battery,positive,0.725,like,lexicon
19078,81,3570,46845,design,positive,0.725,like,lexicon
19079,81,3570,46846,battery,neutral,0.55,,lexicon
19080,81,3570,46846,price,neutral,0.55,,lexicon
19081,81,3570,46848,battery,neutral,0.55,,lexicon
19082,81,3570,46848,price,neutral,0.55,,lexicon
19083,81,3570,46849,battery,positive,0.86,fast,lexicon
19084,81,3570,46849,performance,positive,0.86,fast,lexicon
19085,81,3571,46858,price,positive,0.748,better,lexicon
19086,81,3571,46862,price,positive,0.866,good,lexicon
19087,81,3571,46869,camera,neutral,0.55,,lexicon
19088,81,3571,46871,battery,neutral,0.55,,lexicon
19089,81,3572,46877,camera,neutral,0.55,,lexicon
19090,81,3572,46877,display,neutral,0.55,,lexicon
19091,81,3572,46878,battery,positive,0.925,pleased,lexicon
19092,81,3572,46879,price,positive,0.95,great,lexicon
19093,81,3573,46882,battery,positive,0.95,great,lexicon
19094,81,3573,46882,price,positive,0.815,worth,lexicon
19095,81,3573,46883,battery,positive,0.86,great,lexicon
19096,81,3573,46883,design,positive,0.86,great,lexicon
19097,81,3574,46887,price,positive,0.905,best,lexicon
19098,81,3574,46890,battery,neutral,0.55,,lexicon
19099,81,3574,46892,display,positive,0.927,perfect,lexicon
19100,81,3574,46896,battery,neutral,0.55,,lexicon
19101,81,3577,46899,battery,neutral,0.55,,lexicon
19102,81,3577,46900,battery,neutral,0.55,,lexicon
19103,81,3577,46906,performance,neutral,0.55,,lexicon
19104,81,3577,46907,battery,neutral,0.55,,lexicon
19105,81,3579,46909,battery,positive,0.698,issues,lexicon
19106,81,3579,46911,camera,neutral,0.55,,lexicon
19107,81,3579,46911,display,neutral,0.55,,lexicon
19108,81,3579,46912,battery,positive,0.77,bad,lexicon
19109,81,3580,46915,battery,positive,0.95,excellent,lexicon
19110,81,3580,46915,display,negative,0.824,best,lexicon
19111,81,3581,46918,camera,neutral,0.55,,lexicon
19112,81,3581,46918,display,neutral,0.55,,lexicon
19113,81,3582,46926,battery,neutral,0.471,bad,lexicon
19114,81,3582,46930,battery,neutral,0.55,,lexicon
19115,81,3582,46931,battery,neutral,0.55,,lexicon
19116,81,3582,46934,display,neutral,0.55,,lexicon
19117,81,3583,46936,design,positive,0.792,good,lexicon
19118,81,3583,46938,battery,neutral,0.55,,lexicon
19119,81,3584,46940,display,positive,0.656,perfect,lexicon
19120,81,3584,46940,design,negative,0.927,terrible,lexicon
19121,81,3584,46941,design,positive,0.929,good,lexicon
19122,81,3585,46943,battery,positive,0.792,good,lexicon
19123,81,3586,46947,battery,positive,0.607,fast,lexicon
19124,81,3586,46947,performance,neutral,0.519,fast,lexicon
19125,81,3586,46948,camera,negative,0.905,overheating,lexicon
19126,81,3586,46948,performance,negative,0.905,overheating,lexicon
19127,81,3586,46949,battery,positive,0.792,good,lexicon
19128,81,3586,46952,battery,neutral,0.55,,lexicon
19129,81,3587,46954,camera,positive,0.927,amazing,lexicon
19130,81,3590,46960,display,positive,0.895,great,lexicon
19131,81,3590,46961,camera,negative,0.749,disappointed,lexicon
19132,81,3590,46961,price,negative,0.749,disappointed,lexicon
19133,81,3590,46962,camera,neutral,0.55,,lexicon
19134,81,3590,46964,camera,neutral,0.55,,lexicon
19135,81,3591,46967,battery,positive,0.815,premium,lexicon
19136,82,1334,46972,battery,positive,0.927,excellent,lexicon
19137,82,1334,46975,battery,neutral,0.55,,lexicon
19138,82,1334,46979,battery,neutral,0.55,,lexicon
19139,82,1334,46980,battery,positive,0.799,like,lexicon
19140,82,1334,46981,design,positive,0.77,solid,lexicon
19141,82,1334,46982,camera,positive,0.815,clear,lexicon
19142,82,1334,46982,display,positive,0.815,clear,lexicon
19143,82,1334,46982,performance,positive,0.95,crisp,lexicon
19144,82,1334,46985,design,neutral,0.55,,lexicon
19145,82,1335,46986,price,positive,0.95,worth,lexicon
19146,82,1335,46987,battery,positive,0.95,smooth,lexicon
19147,82,1335,46987,camera,positive,0.95,incredible,lexicon
19148,82,1335,46987,display,positive,0.95,incredible,lexicon
19149,82,1335,46987,performance,positive,0.95,incredible,lexicon
19150,82,1335,46988,performance,positive,0.95,fast,lexicon
19151,82,1335,46988,design,positive,0.815,premium,lexicon
19152,82,1336,46994,price,negative,0.95,waste of money,lexicon
19153,82,1336,46995,camera,neutral,0.55,,lexicon
19154,82,1336,46996,battery,positive,0.725,like,lexicon
19155,82,1336,46996,camera,positive,0.725,like,lexicon
19156,82,1336,46997,display,neutral,0.55,,lexicon
19157,82,1336,46998,display,neutral,0.55,,lexicon
19158,82,1336,47000,price,positive,0.792,reasonable,lexicon
19159,82,1337,47002,performance,positive,0.95,excellent,lexicon
19160,82,1337,47005,camera,positive,0.95,amazing,lexicon
19161,82,1337,47005,performance,positive,0.95,amazing,lexicon
19162,82,1337,47006,design,positive,0.86,beautiful,lexicon
19163,82,1338,47007,battery,positive,0.792,good,lexicon
19164,82,1338,47009,price,positive,0.914,good,lexicon
19165,82,1340,47015,price,positive,0.95,great,lexicon
19166,82,1340,47018,battery,positive,0.898,good,lexicon
19167,82,1340,47019,camera,positive,0.86,great,lexicon
19168,82,1340,47019,design,positive,0.86,great,lexicon
19169,82,1340,47020,battery,neutral,0.55,,lexicon
19170,82,1340,47021,design,positive,0.725,like,lexicon
19171,82,1341,47027,display,neutral,0.55,,lexicon
19172,82,1341,47029,camera,negative,0.752,satisfied,lexicon
19173,82,1341,47030,camera,negative,0.748,issues,lexicon
19174,82,1341,47031,battery,neutral,0.55,,lexicon
19175,82,1341,47033,battery,positive,0.748,better,lexicon
19176,82,1341,47034,battery,neutral,0.55,,lexicon
19177,82,1341,47035,price,positive,0.95,amazing,lexicon
19178,82,1341,47036,battery,neutral,0.55,,lexicon
19179,82,1341,47036,camera,neutral,0.55,,lexicon
19180,82,1341,47037,price,neutral,0.432,pricey,lexicon
19181,82,1342,47039,battery,negative,0.883,disappointed,lexicon
19182,82,1342,47040,battery,neutral,0.55,,lexicon
19183,82,1343,47044,battery,positive,0.792,good,lexicon
19184,82,1344,47047,design,neutral,0.55,,lexicon
19185,82,1344,47048,price,negative,0.878,expensive,lexicon
19186,82,1344,47052,battery,neutral,0.55,,lexicon
19187,82,1345,47057,battery,positive,0.95,fast,lexicon
19188,82,1345,47057,camera,positive,0.95,amazing,lexicon
19189,82,1345,47057,display,positive,0.95,fast,lexicon
19190,82,1345,47057,performance,positive,0.95,fast,lexicon
19191,82,1346,47059,battery,neutral,0.55,,lexicon
19192,82,1346,47061,battery,neutral,0.55,,lexicon
19193,82,1346,47061,design,neutral,0.55,,lexicon
19194,82,1348,47066,battery,neutral,0.55,,lexicon
19195,82,1348,47067,camera,positive,0.703,fine,lexicon
19196,82,1348,47067,display,positive,0.703,fine,lexicon
19197,82,1348,47069,display,neutral,0.55,,lexicon
19198,82,1348,47072,battery,neutral,0.55,,lexicon
19199,82,1348,47072,camera,neutral,0.55,,lexicon
19200,82,1348,47073,battery,neutral,0.55,,lexicon
19201,82,1348,47074,battery,neutral,0.55,,lexicon
19202,82,1348,47077,display,neutral,0.55,,lexicon
19203,82,1348,47077,design,neutral,0.55,,lexicon
19204,83,2195,47082,battery,positive,0.927,excellent,lexicon
19205,83,2195,47085,battery,neutral,0.55,,lexicon
19206,83,2195,47089,battery,neutral,0.55,,lexicon
19207,83,2195,47090,battery,positive,0.799,like,lexicon
19208,83,2195,47091,design,positive,0.77,solid,lexicon
19209,83,2195,47092,camera,positive,0.815,clear,lexicon
19210,83,2195,47092,display,positive,0.815,clear,lexicon
19211,83,2195,47092,performance,positive,0.95,crisp,lexicon
19212,83,2195,47095,design,neutral,0.55,,lexicon
19213,83,2196,47096,price,positive,0.95,worth,lexicon
19214,83,2196,47097,battery,positive,0.95,smooth,lexicon
19215,83,2196,47097,camera,positive,0.95,incredible,lexicon
19216,83,2196,47097,display,positive,0.95,incredible,lexicon
19217,83,2196,47097,performance,positive,0.95,incredible,lexicon
19218,83,2196,47098,performance,positive,0.95,fast,lexicon
19219,83,2196,47098,design,positive,0.815,premium,lexicon
19220,83,2197,47104,price,negative,0.95,waste of money,lexicon
19221,83,2197,47105,camera,neutral,0.55,,lexicon
19222,83,2197,47106,battery,positive,0.725,like,lexicon
19223,83,2197,47106,camera,positive,0.725,like,lexicon
19224,83,2197,47107,display,neutral,0.55,,lexicon
19225,83,2197,47108,display,neutral,0.55,,lexicon
19226,83,2197,47110,price,positive,0.792,reasonable,lexicon
19227,83,2198,47112,performance,positive,0.95,excellent,lexicon
19228,83,2198,47115,camera,positive,0.95,amazing,lexicon
19229,83,2198,47115,performance,positive,0.95,amazing,lexicon
19230,83,2198,47116,design,positive,0.86,beautiful,lexicon
19231,83,2199,47117,battery,positive,0.792,good,lexicon
19232,83,2199,47119,price,positive,0.914,good,lexicon
19233,83,2201,47125,price,positive,0.95,great,lexicon
19234,83,2201,47128,battery,positive,0.898,good,lexicon
19235,83,2201,47129,camera,positive,0.86,great,lexicon
19236,83,2201,47129,design,positive,0.86,great,lexicon
19237,83,2201,47130,battery,neutral,0.55,,lexicon
19238,83,2201,47131,design,positive,0.725,like,lexicon
19239,83,2202,47137,display,neutral,0.55,,lexicon
19240,83,2202,47139,camera,negative,0.752,satisfied,lexicon
19241,83,2202,47140,camera,negative,0.748,issues,lexicon
19242,83,2202,47141,battery,neutral,0.55,,lexicon
19243,83,2202,47143,battery,positive,0.748,better,lexicon
19244,83,2202,47144,battery,neutral,0.55,,lexicon
19245,83,2202,47145,price,positive,0.95,amazing,lexicon
19246,83,2202,47146,battery,neutral,0.55,,lexicon
19247,83,2202,47146,camera,neutral,0.55,,lexicon
19248,83,2202,47147,price,neutral,0.432,pricey,lexicon
19249,83,2203,47149,battery,negative,0.883,disappointed,lexicon
19250,83,2203,47150,battery,neutral,0.55,,lexicon
19251,83,2204,47154,battery,positive,0.792,good,lexicon
19252,83,2205,47157,design,neutral,0.55,,lexicon
19253,83,2205,47158,price,negative,0.878,expensive,lexicon
19254,83,2205,47162,battery,neutral,0.55,,lexicon
19255,83,2206,47167,battery,positive,0.95,fast,lexicon
19256,83,2206,47167,camera,positive,0.95,amazing,lexicon
19257,83,2206,47167,display,positive,0.95,fast,lexicon
19258,83,2206,47167,performance,positive,0.95,fast,lexicon
19259,83,2207,47169,battery,neutral,0.55,,lexicon
19260,83,2207,47171,battery,neutral,0.55,,lexicon
19261,83,2207,47171,design,neutral,0.55,,lexicon
19262,83,2209,47176,battery,neutral,0.55,,lexicon
19263,83,2209,47177,camera,positive,0.703,fine,lexicon
19264,83,2209,47177,display,positive,0.703,fine,lexicon
19265,83,2209,47179,display,neutral,0.55,,lexicon
19266,83,2209,47182,battery,neutral,0.55,,lexicon
19267,83,2209,47182,camera,neutral,0.55,,lexicon
19268,83,2209,47183,battery,neutral,0.55,,lexicon
19269,83,2209,47184,battery,neutral,0.55,,lexicon
19270,83,2209,47187,display,neutral,0.55,,lexicon
19271,83,2209,47187,design,neutral,0.55,,lexicon
19272,83,2211,47192,display,neutral,0.55,,lexicon
19273,83,2211,47193,price,negative,0.68,like,lexicon
19274,83,2211,47196,battery,neutral,0.55,,lexicon
19275,83,2211,47197,battery,positive,0.914,great,lexicon
19276,83,2211,47197,price,positive,0.86,great,lexicon
19277,83,2212,47198,display,neutral,0.471,bad,lexicon
19278,83,2212,47199,camera,positive,0.86,great,lexicon
19279,83,2212,47199,display,positive,0.725,like,lexicon
19280,83,2212,47199,design,positive,0.725,like,lexicon
19281,83,2212,47200,display,neutral,0.55,,lexicon
19282,83,2212,47201,display,neutral,0.55,,lexicon
19283,83,2212,47202,battery,neutral,0.55,,lexicon
19284,83,2212,47204,camera,neutral,0.55,,lexicon
19285,83,2212,47204,design,neutral,0.55,,lexicon
19286,83,2212,47205,display,neutral,0.55,,lexicon
19287,83,2212,47205,price,neutral,0.55,,lexicon
19288,83,2214,47209,camera,positive,0.725,like,lexicon
19289,83,2214,47211,battery,positive,0.725,like,lexicon
19290,83,2214,47212,battery,positive,0.792,good,lexicon
19291,83,2214,47214,battery,neutral,0.55,,lexicon
19292,83,2214,47215,battery,neutral,0.55,,lexicon
19293,83,2214,47216,battery,neutral,0.424,slow,lexicon
19294,83,2214,47216,performance,neutral,0.424,slow,lexicon
19295,83,2214,47221,battery,positive,0.95,excellent,lexicon
19296,83,2215,47224,performance,positive,0.95,great,lexicon
19297,83,2215,47226,performance,positive,0.95,fast,lexicon
19298,83,2215,47231,battery,positive,0.792,reasonable,lexicon
19299,83,2215,47231,price,positive,0.838,affordable,lexicon
19300,83,2216,47236,battery,neutral,0.55,,lexicon
19301,83,2216,47237,battery,positive,0.945,great,lexicon
19302,83,2218,47242,battery,positive,0.86,great,lexicon
19303,83,2218,47245,battery,neutral,0.55,,lexicon
19304,83,2219,47250,camera,neutral,0.55,,lexicon
19305,83,2219,47251,battery,positive,0.945,perfect,lexicon
19306,83,2219,47251,display,positive,0.703,fine,lexicon
19307,83,2219,47252,battery,neutral,0.55,,lexicon
19308,83,2219,47252,display,neutral,0.55,,lexicon
19309,83,2219,47253,battery,positive,0.95,fast,lexicon
19310,83,2219,47253,display,positive,0.95,fast,lexicon
19311,83,2219,47253,performance,positive,0.95,fast,lexicon
19312,83,2219,47254,battery,neutral,0.55,,lexicon
19313,83,2219,47255,battery,neutral,0.55,,lexicon
19314,83,2219,47258,battery,neutral,0.55,,lexicon
19315,84,3817,47262,battery,positive,0.927,excellent,lexicon
19316,84,3817,47265,battery,neutral,0.55,,lexicon
19317,84,3817,47269,battery,neutral,0.55,,lexicon
19318,84,3817,47270,battery,positive,0.799,like,lexicon
19319,84,3817,47271,design,positive,0.77,solid,lexicon
19320,84,3817,47272,camera,positive,0.815,clear,lexicon
19321,84,3817,47272,display,positive,0.815,clear,lexicon
19322,84,3817,47272,performance,positive,0.95,crisp,lexicon
19323,84,3817,47275,design,neutral,0.55,,lexicon
19324,84,3818,47276,price,positive,0.95,worth,lexicon
19325,84,3818,47277,battery,positive,0.95,smooth,lexicon
19326,84,3818,47277,camera,positive,0.95,incredible,lexicon
19327,84,3818,47277,display,positive,0.95,incredible,lexicon
19328,84,3818,47277,performance,positive,0.95,incredible,lexicon
19329,84,3818,47278,performance,positive,0.95,fast,lexicon
19330,84,3818,47278,design,positive,0.815,premium,lexicon
19331,84,3819,47284,price,negative,0.95,waste of money,lexicon
19332,84,3819,47285,camera,neutral,0.55,,lexicon
19333,84,3819,47286,battery,positive,0.725,like,lexicon
19334,84,3819,47286,camera,positive,0.725,like,lexicon
19335,84,3819,47287,display,neutral,0.55,,lexicon
19336,84,3819,47288,display,neutral,0.55,,lexicon
19337,84,3819,47290,price,positive,0.792,reasonable,lexicon
19338,84,3820,47292,performance,positive,0.95,excellent,lexicon
19339,84,3820,47295,camera,positive,0.95,amazing,lexicon
19340,84,3820,47295,performance,positive,0.95,amazing,lexicon
19341,84,3820,47296,design,positive,0.86,beautiful,lexicon
19342,84,3821,47297,battery,positive,0.792,good,lexicon
19343,84,3821,47299,price,positive,0.914,good,lexicon
19344,84,3823,47305,price,positive,0.95,great,lexicon
19345,84,3823,47308,battery,positive,0.898,good,lexicon
19346,84,3823,47309,camera,positive,0.86,great,lexicon
19347,84,3823,47309,design,positive,0.86,great,lexicon
19348,84,3823,47310,battery,neutral,0.55,,lexicon
19349,84,3823,47311,design,positive,0.725,like,lexicon
19350,84,3824,47317,display,neutral,0.55,,lexicon
19351,84,3824,47319,camera,negative,0.752,satisfied,lexicon
19352,84,3824,47320,camera,negative,0.748,issues,lexicon
19353,84,3824,47321,battery,neutral,0.55,,lexicon
19354,84,3824,47323,battery,positive,0.748,better,lexicon
19355,84,3824,47324,battery,neutral,0.55,,lexicon
19356,84,3824,47325,price,positive,0.95,amazing,lexicon
19357,84,3824,47326,battery,neutral,0.55,,lexicon
19358,84,3824,47326,camera,neutral,0.55,,lexicon
19359,84,3824,47327,price,neutral,0.432,pricey,lexicon
19360,84,3825,47329,battery,negative,0.883,disappointed,lexicon
19361,84,3825,47330,battery,neutral,0.55,,lexicon
19362,84,3826,47334,battery,positive,0.792,good,lexicon
19363,84,3827,47337,design,neutral,0.55,,lexicon
19364,84,3827,47338,price,negative,0.878,expensive,lexicon
19365,84,3827,47342,battery,neutral,0.55,,lexicon
19366,84,3828,47347,battery,positive,0.95,fast,lexicon
19367,84,3828,47347,camera,positive,0.95,amazing,lexicon
19368,84,3828,47347,display,positive,0.95,fast,lexicon
19369,84,3828,47347,performance,positive,0.95,fast,lexicon
19370,84,3829,47349,battery,neutral,0.55,,lexicon
19371,84,3829,47351,battery,neutral,0.55,,lexicon
19372,84,3829,47351,design,neutral,0.55,,lexicon
19373,84,3831,47356,battery,neutral,0.55,,lexicon
19374,84,3831,47357,camera,positive,0.703,fine,lexicon
19375,84,3831,47357,display,positive,0.703,fine,lexicon
19376,84,3831,47359,display,neutral,0.55,,lexicon
19377,84,3831,47362,battery,neutral,0.55,,lexicon
19378,84,3831,47362,camera,neutral,0.55,,lexicon
19379,84,3831,47363,battery,neutral,0.55,,lexicon
19380,84,3831,47364,battery,neutral,0.55,,lexicon
19381,84,3831,47367,display,neutral,0.55,,lexicon
19382,84,3831,47367,design,neutral,0.55,,lexicon
19383,84,3833,47372,display,neutral,0.55,,lexicon
19384,84,3833,47373,price,negative,0.68,like,lexicon
19385,84,3833,47376,battery,neutral,0.55,,lexicon
19386,84,3833,47377,battery,positive,0.914,great,lexicon
19387,84,3833,47377,price,positive,0.86,great,lexicon
19388,84,3834,47378,display,neutral,0.471,bad,lexicon
19389,84,3834,47379,camera,positive,0.86,great,lexicon
19390,84,3834,47379,display,positive,0.725,like,lexicon
19391,84,3834,47379,design,positive,0.725,like,lexicon
19392,84,3834,47380,display,neutral,0.55,,lexicon
19393,84,3834,47381,display,neutral,0.55,,lexicon
19394,84,3834,47382,battery,neutral,0.55,,lexicon
19395,84,3834,47384,camera,neutral,0.55,,lexicon
19396,84,3834,47384,design,neutral,0.55,,lexicon
19397,84,3834,47385,display,neutral,0.55,,lexicon
19398,84,3834,47385,price,neutral,0.55,,lexicon
19399,84,3836,47389,camera,positive,0.725,like,lexicon
19400,84,3836,47391,battery,positive,0.725,like,lexicon
19401,84,3836,47392,battery,positive,0.792,good,lexicon
19402,84,3836,47394,battery,neutral,0.55,,lexicon
19403,84,3836,47395,battery,neutral,0.55,,lexicon
19404,84,3836,47396,battery,neutral,0.424,slow,lexicon
19405,84,3836,47396,performance,neutral,0.424,slow,lexicon
19406,84,3836,47401,battery,positive,0.95,excellent,lexicon
19407,84,3837,47404,performance,positive,0.95,great,lexicon
19408,84,3837,47406,performance,positive,0.95,fast,lexicon
19409,84,3837,47411,battery,positive,0.792,reasonable,lexicon
19410,84,3837,47411,price,positive,0.838,affordable,lexicon
19411,84,3838,47416,battery,neutral,0.55,,lexicon
19412,84,3838,47417,battery,positive,0.945,great,lexicon
19413,84,3840,47422,battery,positive,0.86,great,lexicon
19414,84,3840,47425,battery,neutral,0.55,,lexicon
19415,84,3841,47430,camera,neutral,0.55,,lexicon
19416,84,3841,47431,battery,positive,0.945,perfect,lexicon
19417,84,3841,47431,display,positive,0.703,fine,lexicon
19418,84,3841,47432,battery,neutral,0.55,,lexicon
19419,84,3841,47432,display,neutral,0.55,,lexicon
19420,84,3841,47433,battery,positive,0.95,fast,lexicon
19421,84,3841,47433,display,positive,0.95,fast,lexicon
19422,84,3841,47433,performance,positive,0.95,fast,lexicon
19423,84,3841,47434,battery,neutral,0.55,,lexicon
19424,84,3841,47435,battery,neutral,0.55,,lexicon
19425,84,3841,47438,battery,neutral,0.55,,lexicon
19426,85,1404,47442,price,positive,0.95,perfect,lexicon
19427,85,1405,47446,battery,neutral,0.55,,lexicon
19428,85,1405,47446,display,neutral,0.55,,lexicon
19429,85,1405,47448,battery,positive,0.757,fine,lexicon
19430,85,1405,47448,display,neutral,0.55,,lexicon
19431,85,1405,47450,display,neutral,0.55,,lexicon
19432,85,1405,47451,display,negative,0.883,freezing,lexicon
19433,85,1405,47454,display,neutral,0.55,,lexicon
19434,85,1405,47457,display,neutral,0.55,,lexicon
19435,85,1405,47457,price,neutral,0.55,,lexicon
19436,85,1405,47459,display,neutral,0.55,,lexicon
19437,85,1405,47460,display,negative,0.95,garbage,lexicon
19438,85,1405,47461,price,neutral,0.55,,lexicon
19439,86,2220,47464,battery,neutral,0.55,,lexicon
19440,86,2220,47466,design,positive,0.86,great,lexicon
19441,86,2220,47467,battery,positive,0.927,excellent,lexicon
19442,86,2220,47467,performance,positive,0.927,excellent,lexicon
19443,86,2220,47468,camera,neutral,0.55,,lexicon
19444,86,2220,47468,display,neutral,0.55,,lexicon
19445,86,2220,47469,price,neutral,0.55,,lexicon
19446,86,2220,47471,price,positive,0.86,great,lexicon
19447,86,2221,47472,battery,neutral,0.351,dies,lexicon
19448,86,2221,47472,performance,neutral,0.351,dies,lexicon
19449,86,2221,47473,battery,positive,0.95,excellent,lexicon
19450,86,2221,47473,camera,positive,0.95,love,lexicon
19451,86,2221,47474,performance,positive,0.95,fast,lexicon
19452,86,2222,47478,camera,negative,0.748,issue,lexicon
19453,86,2222,47479,camera,neutral,0.55,,lexicon
19454,86,2222,47480,camera,neutral,0.55,,lexicon
19455,86,2222,47481,camera,neutral,0.55,,lexicon
19456,86,2222,47482,camera,neutral,0.55,,lexicon
19457,86,2222,47483,camera,negative,0.86,frustrating,lexicon
19458,86,2222,47485,camera,neutral,0.55,,lexicon
19459,86,2222,47486,camera,negative,0.748,issues,lexicon
19460,86,2222,47487,camera,neutral,0.55,,lexicon
19461,86,2222,47487,price,neutral,0.55,,lexicon
19462,86,2222,47499,camera,positive,0.95,excellent,lexicon
19463,86,2223,47508,display,positive,0.95,smooth,lexicon
19464,86,2223,47508,performance,positive,0.95,smooth,lexicon
19465,86,2223,47509,camera,positive,0.905,fantastic,lexicon
19466,86,2223,47510,performance,positive,0.595,smooth,lexicon
19467,86,2223,47511,battery,neutral,0.55,,lexicon
19468,86,2223,47512,battery,neutral,0.55,,lexicon
19469,86,2225,47525,camera,neutral,0.55,,lexicon
19470,86,2225,47525,display,neutral,0.55,,lexicon
19471,86,2225,47526,battery,neutral,0.55,,lexicon
19472,86,2225,47527,battery,neutral,0.55,,lexicon
19473,86,2225,47528,battery,positive,0.842,terrible,lexicon
19474,86,2225,47529,battery,neutral,0.55,,lexicon
19475,86,2225,47531,performance,negative,0.734,lagging,lexicon
19476,86,2225,47532,display,neutral,0.55,,lexicon
19477,86,2226,47547,camera,positive,0.95,perfect,lexicon
19478,86,2227,47550,battery,positive,0.95,great,lexicon
19479,86,2227,47550,camera,positive,0.95,great,lexicon
19480,86,2227,47550,display,positive,0.95,great,lexicon
19481,86,2227,47551,camera,neutral,0.55,,lexicon
19482,86,2230,47554,price,positive,0.95,perfect,lexicon
19483,86,2231,47557,battery,neutral,0.55,,lexicon
19484,86,2231,47560,price,neutral,0.55,,lexicon
19485,86,2233,47566,battery,neutral,0.55,,lexicon
19486,86,2233,47566,display,neutral,0.55,,lexicon
19487,86,2233,47568,battery,positive,0.757,fine,lexicon
19488,86,2233,47568,display,neutral,0.55,,lexicon
19489,86,2233,47570,display,neutral,0.55,,lexicon
19490,86,2233,47571,display,negative,0.883,freezing,lexicon
19491,86,2233,47574,display,neutral,0.55,,lexicon
19492,86,2233,47577,display,neutral,0.55,,lexicon
19493,86,2233,47577,price,neutral,0.55,,lexicon
19494,86,2233,47579,display,neutral,0.55,,lexicon
19495,86,2233,47580,display,negative,0.95,garbage,lexicon
19496,86,2233,47581,price,neutral,0.55,,lexicon
19497,86,2235,47586,battery,neutral,0.55,,lexicon
19498,86,2237,47596,performance,negative,0.905,overheating,lexicon
19499,86,2237,47597,battery,positive,0.86,great,lexicon
19500,86,2237,47597,display,positive,0.86,great,lexicon
19501,86,2237,47597,design,positive,0.86,great,lexicon
19502,86,2237,47598,display,negative,0.627,overheating,lexicon
19503,86,2237,47598,performance,negative,0.905,overheating,lexicon
19504,86,2237,47600,display,neutral,0.55,,lexicon
19505,86,2237,47600,design,neutral,0.55,,lexicon
19506,86,2238,47601,camera,neutral,0.55,,lexicon
19507,86,2238,47604,camera,neutral,0.55,,lexicon
19508,86,2238,47606,battery,neutral,0.55,,lexicon
19509,86,2239,47608,battery,neutral,0.55,,lexicon
19510,86,2239,47609,battery,neutral,0.55,,lexicon
19511,86,2240,47614,battery,neutral,0.55,,lexicon
19512,86,2240,47616,display,positive,0.77,nice,lexicon
19513,86,2240,47617,design,positive,0.748,better,lexicon
19514,86,2240,47618,performance,neutral,0.55,,lexicon
19515,86,2240,47619,performance,positive,0.95,excellent,lexicon
19516,86,2240,47620,performance,positive,0.95,fast,lexicon
19517,86,2241,47622,battery,positive,0.77,bad,lexicon
19518,86,2241,47622,camera,positive,0.95,durable,lexicon
19519,86,2241,47622,design,positive,0.86,great,lexicon
19520,86,2241,47622,price,positive,0.95,great,lexicon
19521,86,2243,47627,display,neutral,0.55,,lexicon
19522,86,2243,47629,display,neutral,0.55,,lexicon
19523,86,2243,47630,price,neutral,0.55,,lexicon
19524,86,2243,47633,price,neutral,0.55,,lexicon
19525,86,2243,47634,battery,neutral,0.55,,lexicon
19526,87,2880,47642,battery,neutral,0.55,,lexicon
19527,87,2880,47644,design,positive,0.86,great,lexicon
19528,87,2880,47645,battery,positive,0.927,excellent,lexicon
19529,87,2880,47645,performance,positive,0.927,excellent,lexicon
19530,87,2880,47646,camera,neutral,0.55,,lexicon
19531,87,2880,47646,display,neutral,0.55,,lexicon
19532,87,2880,47647,price,neutral,0.55,,lexicon
19533,87,2880,47649,price,positive,0.86,great,lexicon
19534,87,2881,47650,battery,neutral,0.351,dies,lexicon
19535,87,2881,47650,performance,neutral,0.351,dies,lexicon
19536,87,2881,47651,battery,positive,0.95,excellent,lexicon
19537,87,2881,47651,camera,positive,0.95,love,lexicon
19538,87,2881,47652,performance,positive,0.95,fast,lexicon
19539,87,2882,47656,camera,negative,0.748,issue,lexicon
19540,87,2882,47657,camera,neutral,0.55,,lexicon
19541,87,2882,47658,camera,neutral,0.55,,lexicon
19542,87,2882,47659,camera,neutral,0.55,,lexicon
19543,87,2882,47660,camera,neutral,0.55,,lexicon
19544,87,2882,47661,camera,negative,0.86,frustrating,lexicon
19545,87,2882,47663,camera,neutral,0.55,,lexicon
19546,87,2882,47664,camera,negative,0.748,issues,lexicon
19547,87,2882,47665,camera,neutral,0.55,,lexicon
19548,87,2882,47665,price,neutral,0.55,,lexicon
19549,87,2882,47677,camera,positive,0.95,excellent,lexicon
19550,87,2883,47686,display,positive,0.95,smooth,lexicon
19551,87,2883,47686,performance,positive,0.95,smooth,lexicon
19552,87,2883,47687,camera,positive,0.905,fantastic,lexicon
19553,87,2883,47688,performance,positive,0.595,smooth,lexicon
19554,87,2883,47689,battery,neutral,0.55,,lexicon
19555,87,2883,47690,battery,neutral,0.55,,lexicon
19556,87,2884,47700,camera,positive,0.95,perfect,lexicon
19557,87,2885,47708,camera,neutral,0.55,,lexicon
19558,87,2885,47708,display,neutral,0.55,,lexicon
19559,87,2885,47709,battery,neutral,0.55,,lexicon
19560,87,2885,47710,battery,neutral,0.55,,lexicon
19561,87,2885,47711,battery,positive,0.842,terrible,lexicon
19562,87,2885,47712,battery,neutral,0.55,,lexicon
19563,87,2885,47714,performance,negative,0.734,lagging,lexicon
19564,87,2885,47715,display,neutral,0.55,,lexicon
19565,87,2887,47726,battery,positive,0.95,great,lexicon
19566,87,2887,47726,camera,positive,0.95,great,lexicon
19567,87,2887,47726,display,positive,0.95,great,lexicon
19568,87,2887,47727,camera,neutral,0.55,,lexicon
19569,87,2890,47732,battery,neutral,0.55,,lexicon
19570,87,2890,47735,price,neutral,0.55,,lexicon
19571,87,2892,47741,battery,neutral,0.55,,lexicon
19572,87,2892,47742,battery,neutral,0.55,,lexicon
19573,88,2146,47746,price,positive,0.95,perfect,lexicon
19574,88,2146,47750,camera,positive,0.748,better,lexicon
19575,88,2146,47753,battery,positive,0.95,fast,lexicon
19576,88,2146,47753,performance,positive,0.95,fast,lexicon
19577,88,2147,47758,battery,neutral,0.55,,lexicon
19578,88,2147,47760,design,neutral,0.55,,lexicon
19579,88,2148,47765,battery,positive,0.927,excellent,lexicon
19580,88,2148,47769,design,positive,0.77,nice,lexicon
19581,88,2148,47770,price,positive,0.95,excellent,lexicon
19582,88,2148,47771,price,positive,0.95,good,lexicon
19583,88,2149,47772,price,positive,0.95,love,lexicon
19584,88,2149,47773,performance,positive,0.95,smooth,lexicon
19585,88,2149,47774,design,neutral,0.55,,lexicon
19586,88,2149,47775,battery,positive,0.95,fast,lexicon
19587,88,2149,47775,performance,positive,0.95,fast,lexicon
19588,88,2149,47776,price,positive,0.95,recommend,lexicon
19589,88,2150,47777,price,positive,0.945,premium,lexicon
19590,88,2150,47778,battery,neutral,0.55,,lexicon
19591,88,2150,47780,battery,neutral,0.354,worst,lexicon
19592,88,2150,47784,battery,neutral,0.55,,lexicon
19593,88,2151,47789,battery,neutral,0.55,,lexicon
19594,88,2151,47789,design,neutral,0.55,,lexicon
19595,88,2151,47793,price,neutral,0.55,,lexicon
19596,88,2152,47795,price,positive,0.815,worth,lexicon
19597,88,2152,47800,display,neutral,0.55,,lexicon
19598,88,2152,47801,battery,neutral,0.55,,lexicon
19599,88,2153,47803,price,positive,0.898,reasonable,lexicon
19600,88,2153,47806,price,positive,0.95,premium,lexicon
19601,88,2153,47807,battery,neutral,0.55,,lexicon
19602,88,2153,47808,battery,neutral,0.55,,lexicon
19603,88,2153,47809,battery,positive,0.77,bad,lexicon
19604,88,2159,47811,price,positive,0.914,affordable,lexicon
19605,88,2159,47812,battery,positive,0.95,excellent,lexicon
19606,88,2160,47813,performance,positive,0.95,fast,lexicon
19607,88,2160,47818,design,neutral,0.55,,lexicon
19608,88,2160,47818,price,neutral,0.55,,lexicon
19609,88,2160,47820,performance,positive,0.883,smooth,lexicon
19610,88,2160,47823,battery,neutral,0.55,,lexicon
19611,88,2160,47824,display,neutral,0.55,,lexicon
19612,88,2160,47825,display,positive,0.773,fine,lexicon
19613,88,2160,47825,design,neutral,0.55,,lexicon
19614,88,2160,47826,display,neutral,0.55,,lexicon
19615,88,2160,47826,design,neutral,0.55,,lexicon
19616,88,2161,47840,battery,positive,0.95,excellent,lexicon
19617,88,2161,47841,design,positive,0.725,like,lexicon
19618,88,2161,47844,design,negative,0.68,like,lexicon
19619,88,2162,47849,battery,neutral,0.55,,lexicon
19620,88,2162,47851,battery,neutral,0.55,,lexicon
19621,88,2162,47852,battery,negative,0.838,bad,lexicon
19622,88,2163,47859,display,positive,0.815,clear,lexicon
19623,88,2163,47860,battery,positive,0.703,fine,lexicon
19624,88,2163,47865,design,positive,0.815,premium,lexicon
19625,88,2163,47867,design,positive,0.95,excellent,lexicon
19626,88,2163,47867,price,positive,0.95,excellent,lexicon
19627,88,2163,47870,camera,positive,0.725,cheap,lexicon
19628,88,2163,47870,display,positive,0.725,cheap,lexicon
19629,88,2163,47870,price,positive,0.725,cheap,lexicon
19630,88,2164,47871,design,neutral,0.55,,lexicon
19631,88,2164,47878,battery,neutral,0.55,,lexicon
19632,88,2164,47879,design,neutral,0.55,,lexicon
19633,88,2164,47881,battery,neutral,0.55,,lexicon
19634,88,2165,47887,battery,positive,0.86,great,lexicon
19635,88,2166,47890,battery,neutral,0.55,,lexicon
19636,88,2166,47892,battery,neutral,0.55,,lexicon
19637,88,2166,47892,display,neutral,0.55,,lexicon
19638,88,2166,47893,battery,neutral,0.55,,lexicon
19639,88,2166,47894,battery,neutral,0.55,,lexicon
19640,88,2167,47897,design,positive,0.927,perfect,lexicon
19641,88,2167,47901,design,positive,0.927,perfect,lexicon
19642,88,2167,47907,display,neutral,0.55,,lexicon
19643,88,2167,47910,design,positive,0.86,great,lexicon
19644,88,2168,47917,battery,neutral,0.55,,lexicon
19645,88,2168,47920,design,neutral,0.55,,lexicon
19646,88,2168,47921,price,positive,0.68,cheap,lexicon
19647,88,2168,47927,price,neutral,0.55,,lexicon
19648,88,2169,47928,battery,negative,0.824,best,lexicon
19649,88,2169,47929,design,positive,0.905,awesome,lexicon
19650,88,2169,47930,battery,negative,0.77,reliable,lexicon
19651,88,2169,47930,design,positive,0.838,reliable,lexicon
19652,88,2169,47931,design,positive,0.95,great,lexicon
19653,88,2169,47931,battery,neutral,0.55,,lexicon
19654,88,2170,47932,battery,neutral,0.55,,lexicon
19655,88,2170,47933,battery,negative,0.698,better,lexicon
19656,88,2170,47934,display,positive,0.703,fine,lexicon
19657,88,2170,47934,design,positive,0.703,fine,lexicon
19658,88,2170,47936,battery,neutral,0.55,,lexicon
19659,89,2797,47937,price,positive,0.95,perfect,lexicon
19660,89,2797,47941,camera,positive,0.748,better,lexicon
19661,89,2797,47944,battery,positive,0.95,fast,lexicon
19662,89,2797,47944,performance,positive,0.95,fast,lexicon
19663,89,2798,47949,battery,neutral,0.55,,lexicon
19664,89,2798,47951,design,neutral,0.55,,lexicon
19665,89,2799,47956,battery,positive,0.927,excellent,lexicon
19666,89,2799,47960,design,positive,0.77,nice,lexicon
19667,89,2799,47961,price,positive,0.95,excellent,lexicon
19668,89,2799,47962,price,positive,0.95,good,lexicon
19669,89,2800,47963,price,positive,0.95,love,lexicon
19670,89,2800,47964,performance,positive,0.95,smooth,lexicon
19671,89,2800,47965,design,neutral,0.55,,lexicon
19672,89,2800,47966,battery,positive,0.95,fast,lexicon
19673,89,2800,47966,performance,positive,0.95,fast,lexicon
19674,89,2800,47967,price,positive,0.95,recommend,lexicon
19675,89,2801,47968,price,positive,0.945,premium,lexicon
19676,89,2801,47969,battery,neutral,0.55,,lexicon
19677,89,2801,47971,battery,neutral,0.354,worst,lexicon
19678,89,2801,47975,battery,neutral,0.55,,lexicon
19679,89,2802,47980,battery,neutral,0.55,,lexicon
19680,89,2802,47980,design,neutral,0.55,,lexicon
19681,89,2802,47984,price,neutral,0.55,,lexicon
19682,89,2803,47986,price,positive,0.815,worth,lexicon
19683,89,2803,47991,display,neutral,0.55,,lexicon
19684,89,2803,47992,battery,neutral,0.55,,lexicon
19685,89,2804,47994,price,positive,0.898,reasonable,lexicon
19686,89,2804,47997,price,positive,0.95,premium,lexicon
19687,89,2804,47998,battery,neutral,0.55,,lexicon
19688,89,2804,47999,battery,neutral,0.55,,lexicon
19689,89,2804,48000,battery,positive,0.77,bad,lexicon
19690,89,2810,48002,price,positive,0.914,affordable,lexicon
19691,89,2810,48003,battery,positive,0.95,excellent,lexicon
19692,89,2811,48004,performance,positive,0.95,fast,lexicon
19693,89,2811,48009,design,neutral,0.55,,lexicon
19694,89,2811,48009,price,neutral,0.55,,lexicon
19695,89,2811,48011,performance,positive,0.883,smooth,lexicon
19696,89,2811,48014,battery,neutral,0.55,,lexicon
19697,89,2811,48015,display,neutral,0.55,,lexicon
19698,89,2811,48016,display,positive,0.773,fine,lexicon
19699,89,2811,48016,design,neutral,0.55,,lexicon
19700,89,2811,48017,display,neutral,0.55,,lexicon
19701,89,2811,48017,design,neutral,0.55,,lexicon
19702,90,3542,48022,price,positive,0.95,perfect,lexicon
19703,90,3542,48026,camera,positive,0.748,better,lexicon
19704,90,3542,48029,battery,positive,0.95,fast,lexicon
19705,90,3542,48029,performance,positive,0.95,fast,lexicon
19706,90,3543,48034,battery,neutral,0.55,,lexicon
19707,90,3543,48036,design,neutral,0.55,,lexicon
19708,90,3544,48041,battery,positive,0.927,excellent,lexicon
19709,90,3544,48045,design,positive,0.77,nice,lexicon
19710,90,3544,48046,price,positive,0.95,excellent,lexicon
19711,90,3544,48047,price,positive,0.95,good,lexicon
19712,90,3545,48048,price,positive,0.95,love,lexicon
19713,90,3545,48049,performance,positive,0.95,smooth,lexicon
19714,90,3545,48050,design,neutral,0.55,,lexicon
19715,90,3545,48051,battery,positive,0.95,fast,lexicon
19716,90,3545,48051,performance,positive,0.95,fast,lexicon
19717,90,3545,48052,price,positive,0.95,recommend,lexicon
19718,90,3546,48053,price,positive,0.945,premium,lexicon
19719,90,3546,48054,battery,neutral,0.55,,lexicon
19720,90,3546,48056,battery,neutral,0.354,worst,lexicon
19721,90,3546,48060,battery,neutral,0.55,,lexicon
19722,90,3547,48065,battery,neutral,0.55,,lexicon
19723,90,3547,48065,design,neutral,0.55,,lexicon
19724,90,3547,48069,price,neutral,0.55,,lexicon
19725,90,3548,48071,price,positive,0.815,worth,lexicon
19726,90,3548,48076,display,neutral,0.55,,lexicon
19727,90,3548,48077,battery,neutral,0.55,,lexicon
19728,90,3549,48079,price,positive,0.898,reasonable,lexicon
19729,90,3549,48082,price,positive,0.95,premium,lexicon
19730,90,3549,48083,battery,neutral,0.55,,lexicon
19731,90,3549,48084,battery,neutral,0.55,,lexicon
19732,90,3549,48085,battery,positive,0.77,bad,lexicon
19733,90,3555,48087,price,positive,0.914,affordable,lexicon
19734,90,3555,48088,battery,positive,0.95,excellent,lexicon
19735,90,3556,48089,performance,positive,0.95,fast,lexicon
19736,90,3556,48094,design,neutral,0.55,,lexicon
19737,90,3556,48094,price,neutral,0.55,,lexicon
19738,90,3556,48096,performance,positive,0.883,smooth,lexicon
19739,90,3556,48099,battery,neutral,0.55,,lexicon
19740,90,3556,48100,display,neutral,0.55,,lexicon
19741,90,3556,48101,display,positive,0.773,fine,lexicon
19742,90,3556,48101,design,neutral,0.55,,lexicon
19743,90,3556,48102,display,neutral,0.55,,lexicon
19744,90,3556,48102,design,neutral,0.55,,lexicon
19745,90,3557,48116,battery,positive,0.95,excellent,lexicon
19746,90,3557,48117,design,positive,0.725,like,lexicon
19747,90,3557,48120,design,negative,0.68,like,lexicon
19748,90,3558,48125,battery,neutral,0.55,,lexicon
19749,90,3558,48127,battery,neutral,0.55,,lexicon
19750,90,3558,48128,battery,negative,0.838,bad,lexicon
19751,90,3559,48135,display,positive,0.815,clear,lexicon
19752,90,3559,48136,battery,positive,0.703,fine,lexicon
19753,90,3559,48141,design,positive,0.815,premium,lexicon
19754,90,3559,48143,design,positive,0.95,excellent,lexicon
19755,90,3559,48143,price,positive,0.95,excellent,lexicon
19756,90,3559,48146,camera,positive,0.725,cheap,lexicon
19757,90,3559,48146,display,positive,0.725,cheap,lexicon
19758,90,3559,48146,price,positive,0.725,cheap,lexicon
19759,90,3560,48147,design,neutral,0.55,,lexicon
19760,90,3560,48154,battery,neutral,0.55,,lexicon
19761,90,3560,48155,design,neutral,0.55,,lexicon
19762,90,3560,48157,battery,neutral,0.55,,lexicon
19763,90,3561,48163,battery,positive,0.86,great,lexicon
19764,90,3562,48166,battery,neutral,0.55,,lexicon
19765,90,3562,48168,battery,neutral,0.55,,lexicon
19766,90,3562,48168,display,neutral,0.55,,lexicon
19767,90,3562,48169,battery,neutral,0.55,,lexicon
19768,90,3562,48170,battery,neutral,0.55,,lexicon
19769,90,3563,48173,design,positive,0.927,perfect,lexicon
19770,90,3563,48177,design,positive,0.927,perfect,lexicon
19771,90,3563,48183,display,neutral,0.55,,lexicon
19772,90,3563,48186,design,positive,0.86,great,lexicon
19773,90,3564,48193,battery,neutral,0.55,,lexicon
19774,90,3564,48196,design,neutral,0.55,,lexicon
19775,90,3564,48197,price,positive,0.68,cheap,lexicon
19776,90,3564,48203,price,neutral,0.55,,lexicon
19777,90,3565,48204,battery,negative,0.824,best,lexicon
19778,90,3565,48205,design,positive,0.905,awesome,lexicon
19779,90,3565,48206,battery,negative,0.77,reliable,lexicon
19780,90,3565,48206,design,positive,0.838,reliable,lexicon
19781,90,3565,48207,design,positive,0.95,great,lexicon
19782,90,3565,48207,battery,neutral,0.55,,lexicon
19783,90,3566,48208,battery,neutral,0.55,,lexicon
19784,90,3566,48209,battery,negative,0.698,better,lexicon
19785,90,3566,48210,display,positive,0.703,fine,lexicon
19786,90,3566,48210,design,positive,0.703,fine,lexicon
19787,90,3566,48212,battery,neutral,0.55,,lexicon
19788,91,649,48213,camera,neutral,0.55,,lexicon
19789,91,649,48217,battery,neutral,0.55,,lexicon
19790,91,649,48222,display,neutral,0.55,,lexicon
19791,91,649,48224,battery,neutral,0.55,,lexicon
19792,91,649,48227,camera,positive,0.95,love,lexicon
19793,91,649,48229,camera,neutral,0.55,,lexicon
19794,91,649,48230,performance,negative,0.86,slow,lexicon
19795,91,649,48232,performance,neutral,0.55,,lexicon
19796,91,649,48235,camera,positive,0.945,awesome,lexicon
19797,91,649,48235,performance,positive,0.95,awesome,lexicon
19798,91,651,48237,price,negative,0.905,not worth,lexicon
19799,91,651,48249,price,negative,0.748,issues,lexicon
19800,91,651,48250,battery,neutral,0.55,,lexicon
19801,91,651,48252,battery,neutral,0.55,,lexicon
19802,91,651,48253,battery,neutral,0.55,,lexicon
19803,91,651,48256,battery,negative,0.788,fast,lexicon
19804,91,651,48256,performance,negative,0.788,fast,lexicon
19805,91,651,48257,battery,neutral,0.55,,lexicon
19806,91,652,48270,price,negative,0.883,disappointment,lexicon
19807,91,654,48277,battery,neutral,0.55,,lexicon
19808,91,654,48277,camera,neutral,0.55,,lexicon
19809,91,654,48278,battery,positive,0.698,issue,lexicon
19810,91,654,48279,battery,neutral,0.55,,lexicon
19811,91,654,48282,performance,negative,0.748,issues,lexicon
19812,91,655,48287,price,positive,0.95,good,lexicon
19813,91,655,48293,display,neutral,0.55,,lexicon
19814,91,655,48295,battery,positive,0.88,good,lexicon
19815,91,655,48296,camera,positive,0.88,good,lexicon
19816,91,655,48297,display,positive,0.695,smooth,lexicon
19817,91,655,48297,performance,positive,0.93,smooth,lexicon
19818,91,655,48304,camera,positive,0.883,love,lexicon
19819,91,656,48311,display,positive,0.725,like,lexicon
19820,91,657,48318,camera,neutral,0.55,,lexicon
19821,91,657,48320,camera,positive,0.95,happy,lexicon
19822,91,657,48321,design,positive,0.77,nice,lexicon
19823,91,658,48324,battery,negative,0.927,rip off,lexicon
19824,91,658,48324,display,negative,0.927,rip off,lexicon
19825,91,661,48333,price,positive,0.838,affordable,lexicon
19826,91,661,48339,battery,positive,0.792,like,lexicon
19827,91,661,48339,camera,positive,0.792,like,lexicon
19828,91,661,48345,display,neutral,0.55,,lexicon
19829,91,662,48347,display,neutral,0.55,,lexicon
19830,91,662,48349,display,negative,0.86,poorly,lexicon
19831,91,663,48353,display,negative,0.643,disappointed,lexicon
19832,91,663,48353,price,positive,0.68,cheap,lexicon
19833,91,663,48354,camera,neutral,0.55,,lexicon
19834,91,663,48355,camera,positive,0.898,great,lexicon
19835,91,663,48355,display,positive,0.898,great,lexicon
19836,91,663,48356,performance,neutral,0.55,,lexicon
19837,91,663,48356,price,positive,0.914,good,lexicon
19838,92,834,48357,camera,neutral,0.55,,lexicon
19839,92,834,48361,battery,neutral,0.55,,lexicon
19840,92,834,48366,display,neutral,0.55,,lexicon
19841,92,834,48368,battery,neutral,0.55,,lexicon
19842,92,834,48371,camera,positive,0.95,love,lexicon
19843,92,834,48373,camera,neutral,0.55,,lexicon
19844,92,834,48374,performance,negative,0.86,slow,lexicon
19845,92,834,48376,performance,neutral,0.55,,lexicon
19846,92,834,48379,camera,positive,0.945,awesome,lexicon
19847,92,834,48379,performance,positive,0.95,awesome,lexicon
19848,92,836,48381,price,negative,0.905,not worth,lexicon
19849,92,836,48393,price,negative,0.748,issues,lexicon
19850,92,836,48394,battery,neutral,0.55,,lexicon
19851,92,836,48396,battery,neutral,0.55,,lexicon
19852,92,836,48397,battery,neutral,0.55,,lexicon
19853,92,836,48400,battery,negative,0.788,fast,lexicon
19854,92,836,48400,performance,negative,0.788,fast,lexicon
19855,92,836,48401,battery,neutral,0.55,,lexicon
19856,92,837,48414,price,negative,0.883,disappointment,lexicon
19857,92,839,48421,battery,neutral,0.55,,lexicon
19858,92,839,48421,camera,neutral,0.55,,lexicon
19859,92,839,48422,battery,positive,0.698,issue,lexicon
19860,92,839,48423,battery,neutral,0.55,,lexicon
19861,92,839,48426,performance,negative,0.748,issues,lexicon
19862,92,840,48431,price,positive,0.95,good,lexicon
19863,92,840,48437,display,neutral,0.55,,lexicon
19864,92,840,48439,battery,positive,0.88,good,lexicon
19865,92,840,48440,camera,positive,0.88,good,lexicon
19866,92,840,48441,display,positive,0.695,smooth,lexicon
19867,92,840,48441,performance,positive,0.93,smooth,lexicon
19868,92,840,48448,camera,positive,0.883,love,lexicon
19869,92,841,48455,display,positive,0.725,like,lexicon
19870,92,842,48462,camera,neutral,0.55,,lexicon
19871,92,842,48464,camera,positive,0.95,happy,lexicon
19872,92,842,48465,design,positive,0.77,nice,lexicon
19873,92,843,48468,battery,negative,0.927,rip off,lexicon
19874,92,843,48468,display,negative,0.927,rip off,lexicon
19875,92,846,48477,price,positive,0.838,affordable,lexicon
19876,92,846,48483,battery,positive,0.792,like,lexicon
19877,92,846,48483,camera,positive,0.792,like,lexicon
19878,92,846,48489,display,neutral,0.55,,lexicon
19879,92,847,48491,display,neutral,0.55,,lexicon
19880,92,847,48493,display,negative,0.86,poorly,lexicon
19881,92,848,48497,display,negative,0.643,disappointed,lexicon
19882,92,848,48497,price,positive,0.68,cheap,lexicon
19883,92,848,48498,camera,neutral,0.55,,lexicon
19884,92,848,48499,camera,positive,0.898,great,lexicon
19885,92,848,48499,display,positive,0.898,great,lexicon
19886,92,848,48500,performance,neutral,0.55,,lexicon
19887,92,848,48500,price,positive,0.914,good,lexicon
19888,92,849,48505,battery,neutral,0.55,,lexicon
19889,92,849,48505,performance,positive,0.883,smooth,lexicon
19890,92,849,48508,battery,neutral,0.55,,lexicon
19891,92,849,48509,battery,neutral,0.55,,lexicon
19892,92,849,48510,design,positive,0.815,all day,lexicon
19893,92,849,48511,display,negative,0.748,issues,lexicon
19894,92,849,48512,battery,neutral,0.55,,lexicon
19895,92,850,48517,price,positive,0.838,affordable,lexicon
19896,92,850,48518,price,neutral,0.55,,lexicon
19897,92,850,48519,battery,neutral,0.55,,lexicon
19898,92,850,48519,design,neutral,0.55,,lexicon
19899,92,850,48521,performance,positive,0.725,like,lexicon
19900,92,850,48522,battery,neutral,0.55,,lexicon
19901,92,850,48522,camera,neutral,0.55,,lexicon
19902,92,850,48523,battery,neutral,0.55,,lexicon
19903,92,851,48526,battery,positive,0.927,perfect,lexicon
19904,92,852,48529,display,neutral,0.55,,lexicon
19905,92,852,48530,battery,negative,0.86,died,lexicon
19906,92,852,48532,display,positive,0.68,cheap,lexicon
19907,92,852,48532,design,negative,0.643,disappointed,lexicon
19908,92,852,48532,price,negative,0.643,disappointed,lexicon
19909,92,852,48535,display,neutral,0.55,,lexicon
19910,92,852,48536,display,neutral,0.55,,lexicon
19911,92,852,48537,price,positive,0.68,cheap,lexicon
19912,92,853,48539,battery,neutral,0.55,,lexicon
19913,92,853,48540,battery,neutral,0.55,,lexicon
19914,92,854,48547,design,neutral,0.55,,lexicon
19915,92,854,48548,display,neutral,0.55,,lexicon
19916,92,854,48550,display,neutral,0.55,,lexicon
19917,92,854,48550,price,neutral,0.55,,lexicon
19918,92,854,48551,camera,positive,0.905,awesome,lexicon
19919,92,854,48552,price,positive,0.895,good,lexicon
19920,92,854,48553,battery,negative,0.77,problem,lexicon
19921,92,854,48554,battery,negative,0.86,slow,lexicon
19922,92,854,48554,performance,negative,0.86,slow,lexicon
19923,92,854,48555,battery,positive,0.815,quick,lexicon
19924,92,855,48559,battery,neutral,0.369,drain,lexicon
19925,92,855,48559,performance,neutral,0.369,drain,lexicon
19926,92,855,48560,camera,positive,0.883,love,lexicon
19927,92,855,48561,camera,neutral,0.55,,lexicon
19928,92,856,48566,design,positive,0.792,good,lexicon
19929,92,856,48570,price,positive,0.86,great,lexicon
19930,92,856,48575,battery,negative,0.883,disappointing,lexicon
19931,92,856,48576,battery,neutral,0.55,,lexicon
19932,93,159,48593,price,positive,0.895,good,lexicon
19933,93,159,48597,battery,neutral,0.55,,lexicon
19934,93,159,48600,display,negative,0.77,problems,lexicon
19935,93,159,48602,display,neutral,0.55,,lexicon
19936,93,159,48605,display,neutral,0.55,,lexicon
19937,93,159,48607,display,neutral,0.55,,lexicon
19938,93,159,48607,price,neutral,0.55,,lexicon
19939,93,159,48609,battery,neutral,0.55,,lexicon
19940,93,159,48614,display,neutral,0.55,,lexicon
19941,93,159,48615,price,positive,0.895,good,lexicon
19942,93,159,48616,battery,neutral,0.55,,lexicon
19943,93,159,48617,battery,neutral,0.55,,lexicon
19944,93,159,48617,price,neutral,0.55,,lexicon
19945,93,159,48618,battery,neutral,0.55,,lexicon
19946,93,159,48621,display,neutral,0.55,,lexicon
19947,93,160,48625,price,positive,0.95,best,lexicon
19948,93,160,48627,display,positive,0.86,great,lexicon
19949,93,160,48627,design,positive,0.86,great,lexicon
19950,93,160,48628,battery,neutral,0.55,,lexicon
19951,93,161,48636,price,negative,0.905,waste,lexicon
19952,93,161,48638,price,neutral,0.55,,lexicon
19953,93,162,48649,design,positive,0.95,great,lexicon
19954,93,162,48650,battery,positive,0.95,great,lexicon
19955,93,162,48650,display,positive,0.77,nice,lexicon
19956,93,162,48650,price,positive,0.86,great,lexicon
19957,93,163,48651,battery,positive,0.923,excellent,lexicon
19958,93,163,48653,camera,positive,0.927,flawless,lexicon
19959,93,163,48653,display,positive,0.927,flawless,lexicon
19960,93,163,48655,battery,negative,0.883,disappointing,lexicon
19961,93,164,48661,camera,positive,0.95,amazing,lexicon
19962,93,164,48661,performance,positive,0.95,amazing,lexicon
19963,93,164,48662,battery,positive,0.86,great,lexicon
19964,93,165,48684,price,positive,0.815,premium,lexicon
19965,93,165,48689,price,neutral,0.55,,lexicon
19966,93,166,48692,battery,neutral,0.55,,lexicon
19967,93,166,48692,camera,neutral,0.55,,lexicon
19968,93,166,48693,display,neutral,0.55,,lexicon
19969,93,166,48694,battery,positive,0.93,love,lexicon
19970,93,166,48694,design,positive,0.93,love,lexicon
19971,93,168,48699,battery,positive,0.95,happy,lexicon
19972,93,171,48702,camera,positive,0.927,excellent,lexicon
19973,93,171,48704,battery,positive,0.927,excellent,lexicon
19974,93,171,48704,display,positive,0.927,excellent,lexicon
19975,93,171,48705,battery,neutral,0.55,,lexicon
19976,93,171,48705,display,neutral,0.55,,lexicon
19977,93,171,48705,camera,neutral,0.55,,lexicon
19978,93,171,48710,price,neutral,0.55,,lexicon
19979,93,172,48713,performance,positive,0.95,fast,lexicon
19980,93,172,48713,price,positive,0.927,excellent,lexicon
19981,93,172,48716,display,neutral,0.55,,lexicon
19982,93,172,48717,display,neutral,0.55,,lexicon
19983,93,172,48718,camera,neutral,0.55,,lexicon
19984,93,172,48720,battery,neutral,0.55,,lexicon
19985,93,172,48724,price,neutral,0.55,,lexicon
19986,93,173,48730,battery,positive,0.927,flawless,lexicon
19987,93,173,48732,battery,neutral,0.55,,lexicon
19988,93,173,48734,display,neutral,0.55,,lexicon
19989,93,173,48735,display,neutral,0.55,,lexicon
19990,93,173,48736,battery,negative,0.85,issue,lexicon
19991,93,173,48736,display,negative,0.85,issue,lexicon
19992,93,173,48736,performance,negative,0.85,issue,lexicon
19993,93,173,48736,design,negative,0.85,issue,lexicon
19994,93,173,48738,battery,neutral,0.55,,lexicon
19995,93,173,48739,battery,neutral,0.55,,lexicon
19996,93,173,48739,performance,neutral,0.55,,lexicon
19997,93,173,48740,performance,negative,0.86,lags,lexicon
19998,93,173,48742,display,negative,0.788,responsive,lexicon
19999,93,173,48742,performance,negative,0.788,responsive,lexicon
20000,93,173,48744,display,neutral,0.55,,lexicon
20001,93,174,48751,camera,neutral,0.55,,lexicon
20002,93,174,48752,camera,neutral,0.55,,lexicon
20003,93,174,48754,battery,neutral,0.55,,lexicon
20004,93,174,48755,battery,positive,0.95,perfect,lexicon
20005,93,174,48755,price,positive,0.838,happy,lexicon
20006,93,175,48759,camera,negative,0.773,terrible,lexicon
20007,93,175,48761,camera,neutral,0.55,,lexicon
20008,93,175,48763,camera,negative,0.905,defective,lexicon
20009,93,175,48767,price,neutral,0.55,,lexicon
20010,93,175,48768,battery,neutral,0.55,,lexicon
20011,93,175,48769,battery,neutral,0.55,,lexicon
20012,93,175,48769,price,neutral,0.55,,lexicon
20013,93,175,48774,price,neutral,0.55,,lexicon
20014,93,176,48780,battery,positive,0.927,excellent,lexicon
20015,93,177,48783,display,negative,0.905,overheats,lexicon
20016,93,177,48783,performance,negative,0.905,overheats,lexicon
20017,93,178,48785,battery,positive,0.792,good,lexicon
20018,93,178,48785,camera,positive,0.792,good,lexicon
20019,93,178,48786,battery,positive,0.792,good,lexicon
20020,93,178,48787,price,positive,0.93,happy,lexicon
20021,93,178,48788,price,positive,0.95,amazing,lexicon
20022,93,178,48789,price,neutral,0.55,,lexicon
20023,93,178,48790,battery,positive,0.748,better,lexicon
20024,93,178,48791,design,positive,0.792,good,lexicon
20025,93,178,48792,camera,neutral,0.55,,lexicon
20026,93,178,48795,price,positive,0.815,worth,lexicon
20027,93,178,48797,battery,positive,0.838,happy,lexicon
20028,93,178,48798,battery,positive,0.95,amazing,lexicon
20029,93,178,48798,camera,positive,0.95,amazing,lexicon
20030,93,178,48798,price,positive,0.95,amazing,lexicon
20031,93,179,48800,camera,positive,0.927,excellent,lexicon
20032,93,179,48801,battery,neutral,0.55,,lexicon
20033,93,179,48802,design,neutral,0.55,,lexicon
20034,93,180,48807,design,positive,0.95,perfect,lexicon
20035,93,180,48810,battery,positive,0.95,buttery,lexicon
20036,93,180,48810,display,positive,0.95,buttery,lexicon
20037,93,180,48810,performance,positive,0.95,buttery,lexicon
20038,93,180,48810,price,positive,0.68,cheap,lexicon
20039,93,181,48812,performance,positive,0.95,excellent,lexicon
20040,93,181,48814,performance,positive,0.95,fast,lexicon
20041,93,181,48816,display,positive,0.95,excellent,lexicon
20042,93,181,48816,design,positive,0.95,excellent,lexicon
20043,93,181,48817,battery,neutral,0.55,,lexicon
20044,93,182,48822,battery,positive,0.927,excellent,lexicon
20045,93,182,48824,battery,positive,0.792,good,lexicon
20046,93,182,48825,battery,neutral,0.55,,lexicon
20047,93,182,48828,performance,positive,0.95,fast,lexicon
20048,94,2371,48829,price,positive,0.895,good,lexicon
20049,94,2371,48833,battery,neutral,0.55,,lexicon
20050,94,2371,48836,display,negative,0.77,problems,lexicon
20051,94,2371,48838,display,neutral,0.55,,lexicon
20052,94,2371,48841,display,neutral,0.55,,lexicon
20053,94,2371,48843,display,neutral,0.55,,lexicon
20054,94,2371,48843,price,neutral,0.55,,lexicon
20055,94,2371,48845,battery,neutral,0.55,,lexicon
20056,94,2371,48850,display,neutral,0.55,,lexicon
20057,94,2371,48851,price,positive,0.895,good,lexicon
20058,94,2371,48852,battery,neutral,0.55,,lexicon
20059,94,2371,48853,battery,neutral,0.55,,lexicon
20060,94,2371,48853,price,neutral,0.55,,lexicon
20061,94,2371,48854,battery,neutral,0.55,,lexicon
20062,94,2371,48857,display,neutral,0.55,,lexicon
20063,94,2372,48861,price,positive,0.95,best,lexicon
20064,94,2372,48863,display,positive,0.86,great,lexicon
20065,94,2372,48863,design,positive,0.86,great,lexicon
20066,94,2372,48864,battery,neutral,0.55,,lexicon
20067,94,2373,48872,price,negative,0.905,waste,lexicon
20068,94,2373,48874,price,neutral,0.55,,lexicon
20069,94,2374,48885,design,positive,0.95,great,lexicon
20070,94,2374,48886,battery,positive,0.95,great,lexicon
20071,94,2374,48886,display,positive,0.77,nice,lexicon
20072,94,2374,48886,price,positive,0.86,great,lexicon
20073,94,2375,48887,battery,positive,0.923,excellent,lexicon
20074,94,2375,48889,camera,positive,0.927,flawless,lexicon
20075,94,2375,48889,display,positive,0.927,flawless,lexicon
20076,94,2375,48891,battery,negative,0.883,disappointing,lexicon
20077,94,2376,48897,camera,positive,0.95,amazing,lexicon
20078,94,2376,48897,performance,positive,0.95,amazing,lexicon
20079,94,2376,48898,battery,positive,0.86,great,lexicon
20080,94,2377,48920,price,positive,0.815,premium,lexicon
20081,94,2377,48925,price,neutral,0.55,,lexicon
20082,94,2378,48928,battery,neutral,0.55,,lexicon
20083,94,2378,48928,camera,neutral,0.55,,lexicon
20084,94,2378,48929,display,neutral,0.55,,lexicon
20085,94,2378,48930,battery,positive,0.93,love,lexicon
20086,94,2378,48930,design,positive,0.93,love,lexicon
20087,94,2380,48935,battery,positive,0.95,happy,lexicon
20088,94,2384,48938,camera,positive,0.927,excellent,lexicon
20089,94,2384,48940,battery,positive,0.927,excellent,lexicon
20090,94,2384,48940,display,positive,0.927,excellent,lexicon
20091,94,2384,48941,battery,neutral,0.55,,lexicon
20092,94,2384,48941,display,neutral,0.55,,lexicon
20093,94,2384,48941,camera,neutral,0.55,,lexicon
20094,94,2384,48946,price,neutral,0.55,,lexicon
20095,94,2385,48949,performance,positive,0.95,fast,lexicon
20096,94,2385,48949,price,positive,0.927,excellent,lexicon
20097,94,2385,48952,display,neutral,0.55,,lexicon
20098,94,2385,48953,display,neutral,0.55,,lexicon
20099,94,2385,48954,camera,neutral,0.55,,lexicon
20100,94,2385,48956,battery,neutral,0.55,,lexicon
20101,94,2385,48960,price,neutral,0.55,,lexicon
20102,94,2386,48966,battery,positive,0.927,flawless,lexicon
20103,94,2386,48968,battery,neutral,0.55,,lexicon
20104,94,2386,48970,display,neutral,0.55,,lexicon
20105,94,2386,48971,display,neutral,0.55,,lexicon
20106,94,2386,48972,battery,negative,0.85,issue,lexicon
20107,94,2386,48972,display,negative,0.85,issue,lexicon
20108,94,2386,48972,performance,negative,0.85,issue,lexicon
20109,94,2386,48972,design,negative,0.85,issue,lexicon
20110,94,2386,48974,battery,neutral,0.55,,lexicon
20111,94,2386,48975,battery,neutral,0.55,,lexicon
20112,94,2386,48975,performance,neutral,0.55,,lexicon
20113,94,2386,48976,performance,negative,0.86,lags,lexicon
20114,94,2386,48978,display,negative,0.788,responsive,lexicon
20115,94,2386,48978,performance,negative,0.788,responsive,lexicon
20116,94,2386,48980,display,neutral,0.55,,lexicon
20117,94,2387,48987,camera,neutral,0.55,,lexicon
20118,94,2387,48988,camera,neutral,0.55,,lexicon
20119,94,2387,48990,battery,neutral,0.55,,lexicon
20120,94,2387,48991,battery,positive,0.95,perfect,lexicon
20121,94,2387,48991,price,positive,0.838,happy,lexicon
20122,94,2388,48995,camera,negative,0.773,terrible,lexicon
20123,94,2388,48997,camera,neutral,0.55,,lexicon
20124,94,2388,48999,camera,negative,0.905,defective,lexicon
20125,94,2388,49003,price,neutral,0.55,,lexicon
20126,94,2388,49004,battery,neutral,0.55,,lexicon
20127,94,2388,49005,battery,neutral,0.55,,lexicon
20128,94,2388,49005,price,neutral,0.55,,lexicon
20129,94,2388,49010,price,neutral,0.55,,lexicon
20130,94,2389,49016,battery,positive,0.927,excellent,lexicon
20131,94,2390,49019,display,negative,0.905,overheats,lexicon
20132,94,2390,49019,performance,negative,0.905,overheats,lexicon
20133,94,2391,49021,battery,positive,0.792,good,lexicon
20134,94,2391,49021,camera,positive,0.792,good,lexicon
20135,94,2391,49022,battery,positive,0.792,good,lexicon
20136,94,2391,49023,price,positive,0.93,happy,lexicon
20137,94,2391,49024,price,positive,0.95,amazing,lexicon
20138,94,2391,49025,price,neutral,0.55,,lexicon
20139,94,2391,49026,battery,positive,0.748,better,lexicon
20140,94,2391,49027,design,positive,0.792,good,lexicon
20141,94,2391,49028,camera,neutral,0.55,,lexicon
20142,94,2391,49031,price,positive,0.815,worth,lexicon
20143,94,2391,49033,battery,positive,0.838,happy,lexicon
20144,94,2391,49034,battery,positive,0.95,amazing,lexicon
20145,94,2391,49034,camera,positive,0.95,amazing,lexicon
20146,94,2391,49034,price,positive,0.95,amazing,lexicon
20147,94,2392,49036,camera,positive,0.927,excellent,lexicon
20148,94,2392,49037,battery,neutral,0.55,,lexicon
20149,94,2392,49038,design,neutral,0.55,,lexicon
20150,94,2393,49043,design,positive,0.95,perfect,lexicon
20151,94,2393,49046,battery,positive,0.95,buttery,lexicon
20152,94,2393,49046,display,positive,0.95,buttery,lexicon
20153,94,2393,49046,performance,positive,0.95,buttery,lexicon
20154,94,2393,49046,price,positive,0.68,cheap,lexicon
20155,94,2394,49048,performance,positive,0.95,excellent,lexicon
20156,94,2394,49050,performance,positive,0.95,fast,lexicon
20157,94,2394,49052,display,positive,0.95,excellent,lexicon
20158,94,2394,49052,design,positive,0.95,excellent,lexicon
20159,94,2394,49053,battery,neutral,0.55,,lexicon
20160,94,2395,49058,battery,positive,0.927,excellent,lexicon
20161,94,2395,49060,battery,positive,0.792,good,lexicon
20162,94,2395,49061,battery,neutral,0.55,,lexicon
20163,94,2395,49064,performance,positive,0.95,fast,lexicon
20164,95,2812,49065,price,positive,0.895,good,lexicon
20165,95,2812,49069,battery,neutral,0.55,,lexicon
20166,95,2812,49072,display,negative,0.77,problems,lexicon
20167,95,2812,49074,display,neutral,0.55,,lexicon
20168,95,2812,49077,display,neutral,0.55,,lexicon
20169,95,2812,49079,display,neutral,0.55,,lexicon
20170,95,2812,49079,price,neutral,0.55,,lexicon
20171,95,2812,49081,battery,neutral,0.55,,lexicon
20172,95,2812,49086,display,neutral,0.55,,lexicon
20173,95,2812,49087,price,positive,0.895,good,lexicon
20174,95,2812,49088,battery,neutral,0.55,,lexicon
20175,95,2812,49089,battery,neutral,0.55,,lexicon
20176,95,2812,49089,price,neutral,0.55,,lexicon
20177,95,2812,49090,battery,neutral,0.55,,lexicon
20178,95,2812,49093,display,neutral,0.55,,lexicon
20179,95,2813,49097,price,positive,0.95,best,lexicon
20180,95,2813,49099,display,positive,0.86,great,lexicon
20181,95,2813,49099,design,positive,0.86,great,lexicon
20182,95,2813,49100,battery,neutral,0.55,,lexicon
20183,95,2814,49108,price,negative,0.905,waste,lexicon
20184,95,2814,49110,price,neutral,0.55,,lexicon
20185,95,2815,49121,design,positive,0.95,great,lexicon
20186,95,2815,49122,battery,positive,0.95,great,lexicon
20187,95,2815,49122,display,positive,0.77,nice,lexicon
20188,95,2815,49122,price,positive,0.86,great,lexicon
20189,95,2816,49123,battery,positive,0.923,excellent,lexicon
20190,95,2816,49125,camera,positive,0.927,flawless,lexicon
20191,95,2816,49125,display,positive,0.927,flawless,lexicon
20192,95,2816,49127,battery,negative,0.883,disappointing,lexicon
20193,95,2817,49133,camera,positive,0.95,amazing,lexicon
20194,95,2817,49133,performance,positive,0.95,amazing,lexicon
20195,95,2817,49134,battery,positive,0.86,great,lexicon
20196,95,2818,49156,price,positive,0.815,premium,lexicon
20197,95,2818,49161,price,neutral,0.55,,lexicon
20198,95,2819,49164,battery,neutral,0.55,,lexicon
20199,95,2819,49164,camera,neutral,0.55,,lexicon
20200,95,2819,49165,display,neutral,0.55,,lexicon
20201,95,2819,49166,battery,positive,0.93,love,lexicon
20202,95,2819,49166,design,positive,0.93,love,lexicon
20203,95,2821,49171,battery,positive,0.95,happy,lexicon
20204,95,2824,49174,camera,positive,0.927,excellent,lexicon
20205,95,2824,49176,battery,positive,0.927,excellent,lexicon
20206,95,2824,49176,display,positive,0.927,excellent,lexicon
20207,95,2824,49177,battery,neutral,0.55,,lexicon
20208,95,2824,49177,display,neutral,0.55,,lexicon
20209,95,2824,49177,camera,neutral,0.55,,lexicon
20210,95,2824,49182,price,neutral,0.55,,lexicon
20211,95,2825,49185,performance,positive,0.95,fast,lexicon
20212,95,2825,49185,price,positive,0.927,excellent,lexicon
20213,95,2825,49188,display,neutral,0.55,,lexicon
20214,95,2825,49189,display,neutral,0.55,,lexicon
20215,95,2825,49190,camera,neutral,0.55,,lexicon
20216,95,2825,49192,battery,neutral,0.55,,lexicon
20217,95,2825,49196,price,neutral,0.55,,lexicon
20218,96,1931,49203,battery,neutral,0.55,,lexicon
20219,96,1932,49207,design,positive,0.878,nice,lexicon
20220,96,1933,49211,performance,positive,0.86,fast,lexicon
20221,96,1937,49224,price,neutral,0.55,,lexicon
20222,96,1937,49229,price,neutral,0.55,,lexicon
20223,96,1938,49234,display,neutral,0.55,,lexicon
20224,96,1939,49237,battery,positive,0.95,fast,lexicon
20225,96,1939,49237,camera,positive,0.95,fast,lexicon
20226,96,1939,49237,performance,positive,0.95,fast,lexicon
20227,96,1939,49238,price,positive,0.815,worth,lexicon
20228,97,1378,49244,camera,neutral,0.55,,lexicon
20229,97,1378,49244,display,neutral,0.55,,lexicon
20230,97,1378,49245,design,positive,0.716,problems,lexicon
20231,97,1378,49247,camera,neutral,0.55,,lexicon
20232,97,1378,49251,design,neutral,0.55,,lexicon
20233,97,1378,49252,camera,positive,0.645,like,lexicon
20234,97,1378,49252,price,positive,0.645,like,lexicon
20235,97,1378,49255,camera,neutral,0.55,,lexicon
20236,97,1378,49258,performance,negative,0.611,slow,lexicon
20237,97,1378,49261,camera,positive,0.815,pleased,lexicon
20238,97,1379,49269,performance,neutral,0.55,,lexicon
20239,97,1379,49270,price,neutral,0.55,,lexicon
20240,97,1379,49273,battery,neutral,0.55,,lexicon
20241,97,1379,49275,battery,positive,0.85,nice,lexicon
20242,97,1379,49282,battery,positive,0.86,great,lexicon
20243,97,1379,49285,design,neutral,0.55,,lexicon
20244,97,1380,49291,display,neutral,0.55,,lexicon
20245,97,1380,49292,battery,neutral,0.55,,lexicon
20246,97,1380,49293,camera,neutral,0.55,,lexicon
20247,97,1380,49294,performance,neutral,0.55,,lexicon
20248,97,1380,49294,design,neutral,0.55,,lexicon
20249,97,1381,49296,camera,positive,0.788,poor,lexicon
20250,97,1381,49297,price,positive,0.815,premium,lexicon
20251,97,1381,49300,design,positive,0.865,nice,lexicon
20252,97,1381,49301,camera,neutral,0.55,,lexicon
20253,97,1381,49302,design,positive,0.85,good,lexicon
20254,97,1381,49303,camera,neutral,0.55,,lexicon
20255,97,1381,49319,price,negative,0.905,defective,lexicon
20256,97,1381,49320,price,negative,0.927,worst,lexicon
20257,97,1382,49327,price,positive,0.898,premium,lexicon
20258,97,1382,49328,design,positive,0.86,durable,lexicon
20259,97,1382,49329,design,neutral,0.55,,lexicon
20260,97,1382,49331,display,positive,0.815,premium,lexicon
20261,97,1382,49331,design,positive,0.815,premium,lexicon
20262,97,1382,49332,display,positive,0.905,best,lexicon
20263,97,1382,49333,display,positive,0.95,excellent,lexicon
20264,97,1382,49334,camera,positive,0.95,buttery,lexicon
20265,97,1382,49334,display,positive,0.905,buttery,lexicon
20266,97,1382,49334,performance,positive,0.95,buttery,lexicon
20267,97,1382,49336,performance,neutral,0.55,,lexicon
20268,97,1382,49337,camera,positive,0.86,responsive,lexicon
20269,97,1382,49337,performance,positive,0.86,responsive,lexicon
20270,97,1382,49338,camera,neutral,0.55,,lexicon
20271,97,1382,49339,performance,neutral,0.55,,lexicon
20272,97,1382,49340,camera,neutral,0.55,,lexicon
20273,97,1382,49342,camera,neutral,0.55,,lexicon
20274,97,1382,49343,camera,positive,0.927,excellent,lexicon
20275,97,1382,49343,display,positive,0.927,excellent,lexicon
20276,97,1382,49345,battery,positive,0.77,lasting,lexicon
20277,97,1382,49345,camera,positive,0.77,lasting,lexicon
20278,97,1382,49345,design,positive,0.77,lasting,lexicon
20279,97,1382,49346,battery,neutral,0.55,,lexicon
20280,97,1382,49347,battery,neutral,0.55,,lexicon
20281,97,1382,49348,performance,positive,0.883,smooth,lexicon
20282,97,1382,49351,price,positive,0.95,excellent,lexicon
20283,97,1382,49352,performance,positive,0.927,superb,lexicon
20284,97,1382,49354,battery,positive,0.95,stunning,lexicon
20285,97,1382,49354,camera,positive,0.905,best,lexicon
20286,97,1382,49354,display,positive,0.905,stunning,lexicon
20287,97,1382,49354,performance,positive,0.95,stunning,lexicon
20288,97,1382,49355,price,positive,0.815,premium,lexicon
20289,97,1383,49357,price,positive,0.95,excellent,lexicon
20290,97,1383,49360,battery,positive,0.883,impressive,lexicon
20291,97,1383,49361,price,positive,0.927,excellent,lexicon
20292,97,1384,49364,display,positive,0.927,excellent,lexicon
20293,97,1384,49365,battery,positive,0.895,good,lexicon
20294,97,1384,49365,performance,positive,0.895,good,lexicon
20295,97,1385,49374,display,neutral,0.55,,lexicon
20296,97,1388,49380,price,positive,0.95,great,lexicon
20297,97,1388,49381,price,positive,0.838,reliable,lexicon
20298,97,1388,49384,battery,neutral,0.55,,lexicon
20299,97,1389,49385,battery,positive,0.914,good,lexicon
20300,97,1389,49385,display,positive,0.914,good,lexicon
20301,97,1390,49388,battery,positive,0.942,perfect,lexicon
20302,97,1391,49392,design,neutral,0.55,,lexicon
20303,97,1391,49394,battery,negative,0.748,issue,lexicon
20304,97,1392,49397,design,neutral,0.55,,lexicon
20305,97,1392,49400,design,neutral,0.55,,lexicon
20306,97,1392,49402,design,positive,0.86,great,lexicon
20307,97,1395,49405,battery,neutral,0.55,,lexicon
20308,97,1395,49405,design,neutral,0.55,,lexicon
20309,97,1396,49406,camera,negative,0.86,cracked,lexicon
20310,97,1396,49409,design,neutral,0.511,issues,lexicon
20311,97,1396,49410,performance,positive,0.95,responsive,lexicon
20312,97,1397,49413,battery,neutral,0.55,,lexicon
20313,97,1397,49415,display,neutral,0.55,,lexicon
20314,97,1397,49416,battery,neutral,0.55,,lexicon
20315,97,1397,49416,performance,neutral,0.55,,lexicon
20316,97,1397,49418,battery,positive,0.815,premium,lexicon
20317,97,1397,49419,camera,neutral,0.55,,lexicon
20318,97,1398,49424,battery,neutral,0.55,,lexicon
20319,97,1398,49424,camera,neutral,0.55,,lexicon
20320,97,1398,49424,display,neutral,0.55,,lexicon
20321,97,1398,49425,battery,positive,0.698,issues,lexicon
20322,97,1399,49435,battery,neutral,0.55,,lexicon
20323,97,1399,49446,display,positive,0.716,problem,lexicon
20324,97,1399,49447,performance,positive,0.86,fast,lexicon
20325,97,1399,49448,battery,positive,0.927,excellent,lexicon
20326,97,1399,49448,camera,positive,0.927,excellent,lexicon
20327,97,1399,49449,camera,neutral,0.55,,lexicon
20328,97,1399,49449,display,neutral,0.55,,lexicon
20329,97,1399,49452,price,positive,0.945,incredible,lexicon
20330,97,1400,49457,performance,negative,0.905,overheating,lexicon
20331,97,1400,49459,battery,positive,0.927,outstanding,lexicon
20332,97,1400,49461,price,positive,0.866,good,lexicon
20333,97,1400,49462,price,positive,0.927,worth every penny,lexicon
20334,97,1401,49467,price,positive,0.88,good,lexicon
20335,97,1401,49471,battery,positive,0.842,terrible,lexicon
20336,97,1401,49471,price,positive,0.842,terrible,lexicon
20337,97,1401,49473,design,neutral,0.55,,lexicon
20338,97,1402,49475,battery,neutral,0.55,,lexicon
20339,97,1402,49476,price,positive,0.883,value for money,lexicon
20340,98,3199,49482,camera,neutral,0.55,,lexicon
20341,98,3199,49482,display,neutral,0.55,,lexicon
20342,98,3199,49483,design,positive,0.716,problems,lexicon
20343,98,3199,49485,camera,neutral,0.55,,lexicon
20344,98,3199,49489,design,neutral,0.55,,lexicon
20345,98,3199,49490,camera,positive,0.645,like,lexicon
20346,98,3199,49490,price,positive,0.645,like,lexicon
20347,98,3199,49493,camera,neutral,0.55,,lexicon
20348,98,3199,49496,performance,negative,0.611,slow,lexicon
20349,98,3199,49499,camera,positive,0.815,pleased,lexicon
20350,98,3200,49507,performance,neutral,0.55,,lexicon
20351,98,3200,49508,price,neutral,0.55,,lexicon
20352,98,3200,49511,battery,neutral,0.55,,lexicon
20353,98,3200,49513,battery,positive,0.85,nice,lexicon
20354,98,3200,49520,battery,positive,0.86,great,lexicon
20355,98,3200,49523,design,neutral,0.55,,lexicon
20356,98,3201,49529,display,neutral,0.55,,lexicon
20357,98,3201,49530,battery,neutral,0.55,,lexicon
20358,98,3201,49531,camera,neutral,0.55,,lexicon
20359,98,3201,49532,performance,neutral,0.55,,lexicon
20360,98,3201,49532,design,neutral,0.55,,lexicon
20361,98,3202,49534,camera,positive,0.788,poor,lexicon
20362,98,3202,49535,price,positive,0.815,premium,lexicon
20363,98,3202,49538,design,positive,0.865,nice,lexicon
20364,98,3202,49539,camera,neutral,0.55,,lexicon
20365,98,3202,49540,design,positive,0.85,good,lexicon
20366,98,3202,49541,camera,neutral,0.55,,lexicon
20367,98,3202,49557,price,negative,0.905,defective,lexicon
20368,98,3202,49558,price,negative,0.927,worst,lexicon
20369,98,3203,49565,price,positive,0.898,premium,lexicon
20370,98,3203,49566,design,positive,0.86,durable,lexicon
20371,98,3203,49567,design,neutral,0.55,,lexicon
20372,98,3203,49569,display,positive,0.815,premium,lexicon
20373,98,3203,49569,design,positive,0.815,premium,lexicon
20374,98,3203,49570,display,positive,0.905,best,lexicon
20375,98,3203,49571,display,positive,0.95,excellent,lexicon
20376,98,3203,49572,camera,positive,0.95,buttery,lexicon
20377,98,3203,49572,display,positive,0.905,buttery,lexicon
20378,98,3203,49572,performance,positive,0.95,buttery,lexicon
20379,98,3203,49574,performance,neutral,0.55,,lexicon
20380,98,3203,49575,camera,positive,0.86,responsive,lexicon
20381,98,3203,49575,performance,positive,0.86,responsive,lexicon
20382,98,3203,49576,camera,neutral,0.55,,lexicon
20383,98,3203,49577,performance,neutral,0.55,,lexicon
20384,98,3203,49578,camera,neutral,0.55,,lexicon
20385,98,3203,49580,camera,neutral,0.55,,lexicon
20386,98,3203,49581,camera,positive,0.927,excellent,lexicon
20387,98,3203,49581,display,positive,0.927,excellent,lexicon
20388,98,3203,49583,battery,positive,0.77,lasting,lexicon
20389,98,3203,49583,camera,positive,0.77,lasting,lexicon
20390,98,3203,49583,design,positive,0.77,lasting,lexicon
20391,98,3203,49584,battery,neutral,0.55,,lexicon
20392,98,3203,49585,battery,neutral,0.55,,lexicon
20393,98,3203,49586,performance,positive,0.883,smooth,lexicon
20394,98,3203,49589,price,positive,0.95,excellent,lexicon
20395,98,3203,49590,performance,positive,0.927,superb,lexicon
20396,98,3203,49592,battery,positive,0.95,stunning,lexicon
20397,98,3203,49592,camera,positive,0.905,best,lexicon
20398,98,3203,49592,display,positive,0.905,stunning,lexicon
20399,98,3203,49592,performance,positive,0.95,stunning,lexicon
20400,98,3203,49593,price,positive,0.815,premium,lexicon
20401,98,3204,49595,price,positive,0.95,excellent,lexicon
20402,98,3204,49598,battery,positive,0.883,impressive,lexicon
20403,98,3204,49599,price,positive,0.927,excellent,lexicon
20404,98,3205,49602,display,positive,0.927,excellent,lexicon
20405,98,3205,49603,battery,positive,0.895,good,lexicon
20406,98,3205,49603,performance,positive,0.895,good,lexicon
20407,98,3206,49612,display,neutral,0.55,,lexicon
20408,98,3209,49618,price,positive,0.95,great,lexicon
20409,98,3209,49619,price,positive,0.838,reliable,lexicon
20410,98,3209,49622,battery,neutral,0.55,,lexicon
20411,98,3210,49623,battery,positive,0.914,good,lexicon
20412,98,3210,49623,display,positive,0.914,good,lexicon
20413,98,3211,49626,battery,positive,0.942,perfect,lexicon
20414,98,3212,49630,design,neutral,0.55,,lexicon
20415,98,3212,49632,battery,negative,0.748,issue,lexicon
20416,98,3213,49635,design,neutral,0.55,,lexicon
20417,98,3213,49638,design,neutral,0.55,,lexicon
20418,98,3213,49640,design,positive,0.86,great,lexicon
20419,99,471,49642,performance,neutral,0.55,,lexicon
20420,99,471,49644,display,negative,0.748,issues,lexicon
20421,99,471,49645,design,positive,0.725,like,lexicon
20422,99,471,49645,price,neutral,0.55,,lexicon
20423,99,471,49646,display,neutral,0.55,,lexicon
20424,99,471,49647,battery,neutral,0.55,,lexicon
20425,99,471,49653,display,positive,0.748,better,lexicon
20426,99,471,49653,price,positive,0.748,better,lexicon
20427,99,471,49654,price,neutral,0.55,,lexicon
20428,99,472,49659,battery,neutral,0.55,,lexicon
20429,99,472,49660,battery,neutral,0.55,,lexicon
20430,99,472,49661,price,neutral,0.55,,lexicon
20431,99,472,49664,display,negative,0.939,bad,lexicon
20432,99,472,49665,performance,positive,0.95,fast,lexicon
20433,99,472,49668,design,neutral,0.55,,lexicon
20434,99,472,49670,camera,negative,0.905,useless,lexicon
20435,99,472,49677,battery,neutral,0.55,,lexicon
20436,99,472,49678,camera,neutral,0.55,,lexicon
20437,99,472,49679,camera,positive,0.725,like,lexicon
20438,99,472,49680,camera,positive,0.815,quick,lexicon
20439,99,472,49683,battery,neutral,0.55,,lexicon
20440,99,472,49684,performance,neutral,0.55,,lexicon
20441,99,472,49685,performance,neutral,0.55,,lexicon
20442,99,472,49686,price,positive,0.802,better,lexicon
20443,99,472,49687,price,positive,0.918,better,lexicon
20444,99,473,49696,display,neutral,0.55,,lexicon
20445,99,473,49705,display,neutral,0.55,,lexicon
20446,99,473,49706,battery,neutral,0.55,,lexicon
20447,99,474,49716,price,neutral,0.55,,lexicon
20448,99,474,49725,price,positive,0.725,decent,lexicon
20449,99,474,49726,price,positive,0.725,like,lexicon
20450,99,474,49738,display,neutral,0.55,,lexicon
20451,99,474,49739,display,neutral,0.55,,lexicon
20452,99,474,49741,price,positive,0.792,good,lexicon
20453,99,475,49743,battery,positive,0.86,great,lexicon
20454,99,475,49743,design,positive,0.86,great,lexicon
20455,99,475,49753,performance,neutral,0.55,,lexicon
20456,99,475,49755,design,neutral,0.55,,lexicon
20457,99,475,49764,battery,negative,0.748,issues,lexicon
20458,99,475,49770,display,positive,0.838,nice,lexicon
20459,99,476,49774,performance,neutral,0.55,,lexicon
20460,99,476,49774,design,neutral,0.55,,lexicon
20461,99,476,49775,performance,positive,0.95,buttery,lexicon
20462,99,476,49777,display,positive,0.86,great,lexicon
20463,99,476,49777,performance,positive,0.86,great,lexicon
20464,99,476,49778,performance,negative,0.77,problem,lexicon
20465,99,476,49780,camera,positive,0.95,top notch,lexicon
20466,99,476,49780,display,positive,0.95,top notch,lexicon
20467,99,476,49781,design,positive,0.734,great,lexicon
20468,99,476,49781,price,positive,0.95,great,lexicon
20469,99,476,49782,battery,negative,0.788,fast,lexicon
20470,99,476,49782,performance,negative,0.788,fast,lexicon
20471,99,477,49784,battery,negative,0.595,terrible,lexicon
20472,99,477,49786,display,positive,0.95,perfect,lexicon
20473,99,477,49787,performance,neutral,0.55,,lexicon
20474,99,477,49788,battery,positive,0.865,nice,lexicon
20475,99,477,49790,battery,negative,0.927,terrible,lexicon
20476,99,477,49791,battery,neutral,0.55,,lexicon
20477,99,477,49792,battery,neutral,0.55,,lexicon
20478,99,477,49793,battery,neutral,0.55,,lexicon
20479,99,477,49794,battery,neutral,0.55,,lexicon
20480,99,477,49794,design,neutral,0.55,,lexicon
20481,99,477,49795,battery,neutral,0.55,,lexicon
20482,99,477,49798,battery,neutral,0.55,,lexicon
20483,99,479,49804,battery,positive,0.95,fast,lexicon
20484,99,479,49804,performance,positive,0.95,fast,lexicon
20485,99,484,49809,battery,positive,0.725,like,lexicon
20486,99,484,49810,price,neutral,0.55,,lexicon
20487,99,484,49811,battery,positive,0.86,great,lexicon
20488,99,484,49811,camera,positive,0.86,great,lexicon
20489,99,484,49811,display,positive,0.927,excellent,lexicon
20490,99,484,49811,price,positive,0.95,great,lexicon
20491,99,484,49812,price,neutral,0.55,,lexicon
20492,99,484,49813,price,positive,0.95,best,lexicon
20493,99,485,49822,display,neutral,0.55,,lexicon
20494,99,485,49826,performance,neutral,0.55,,lexicon
20495,99,485,49827,performance,neutral,0.55,,lexicon
20496,99,485,49832,camera,negative,0.748,issues,lexicon
20497,99,485,49832,performance,negative,0.748,issues,lexicon
20498,99,485,49832,design,negative,0.748,issues,lexicon
20499,100,1775,49837,design,neutral,0.55,,lexicon
20500,100,1775,49838,battery,positive,0.77,lasts,lexicon
20501,100,1776,49842,battery,positive,0.95,great,lexicon
20502,100,1776,49842,camera,positive,0.95,great,lexicon
20503,100,1777,49846,battery,positive,0.869,nice,lexicon
20504,100,1777,49850,battery,neutral,0.55,,lexicon
20505,100,1778,49861,battery,positive,0.653,great,lexicon
20506,100,1778,49861,price,positive,0.653,great,lexicon
20507,100,1778,49863,battery,positive,0.792,good,lexicon
20508,100,1778,49864,battery,positive,0.914,all day,lexicon
20509,100,1778,49865,display,negative,0.95,crashes,lexicon
20510,100,1778,49865,performance,negative,0.95,crashes,lexicon
20511,100,1779,49869,battery,neutral,0.55,,lexicon
20512,100,1779,49871,battery,neutral,0.55,,lexicon
20513,100,1779,49873,display,neutral,0.55,,lexicon
20514,100,1779,49874,camera,neutral,0.55,,lexicon
20515,100,1780,49886,display,neutral,0.55,,lexicon
20516,100,1780,49886,performance,neutral,0.55,,lexicon
20517,100,1780,49890,battery,positive,0.86,fast,lexicon
20518,100,1780,49890,performance,positive,0.86,fast,lexicon
20519,100,1781,49894,battery,positive,0.895,good,lexicon
20520,100,1781,49894,display,positive,0.95,good,lexicon
20521,100,1782,49898,battery,neutral,0.55,,lexicon
20522,100,1783,49901,battery,positive,0.792,good,lexicon
20523,100,1783,49901,price,positive,0.95,happy,lexicon
20524,100,1784,49904,battery,neutral,0.55,,lexicon
20525,100,1788,49905,display,neutral,0.55,,lexicon
20526,100,1789,49910,display,positive,0.86,great,lexicon
20527,101,1000,49913,price,neutral,0.55,,lexicon
20528,101,1000,49915,display,positive,0.95,fast,lexicon
20529,101,1000,49915,performance,positive,0.95,fast,lexicon
20530,101,1000,49917,price,neutral,0.55,,lexicon
20531,101,1000,49920,camera,positive,0.792,good,lexicon
20532,101,1000,49921,camera,neutral,0.55,,lexicon
20533,101,1000,49922,battery,neutral,0.55,,lexicon
20534,101,1000,49927,price,positive,0.725,like,lexicon
20535,101,1001,49929,performance,neutral,0.55,,lexicon
20536,101,1001,49929,price,neutral,0.55,,lexicon
20537,101,1001,49932,price,neutral,0.55,,lexicon
20538,101,1001,49933,price,positive,0.815,premium,lexicon
20539,101,1001,49934,display,positive,0.95,smooth,lexicon
20540,101,1001,49934,performance,positive,0.95,smooth,lexicon
20541,101,1001,49934,price,positive,0.95,smooth,lexicon
20542,101,1001,49935,performance,positive,0.95,snappy,lexicon
20543,101,1001,49936,battery,neutral,0.55,,lexicon
20544,101,1001,49936,design,neutral,0.55,,lexicon
20545,101,1001,49937,battery,neutral,0.55,,lexicon
20546,101,1001,49938,battery,neutral,0.55,,lexicon
20547,101,1001,49941,camera,positive,0.95,beautiful,lexicon
20548,101,1002,49945,battery,negative,0.883,faulty,lexicon
20549,101,1002,49948,battery,neutral,0.55,,lexicon
20550,101,1002,49951,price,neutral,0.55,,lexicon
20551,101,1002,49953,battery,neutral,0.55,,lexicon
20552,101,1002,49953,design,neutral,0.55,,lexicon
20553,101,1002,49955,price,positive,0.95,perfect,lexicon
20554,101,1002,49958,camera,neutral,0.55,,lexicon
20555,101,1002,49959,price,positive,0.882,worth,lexicon
20556,101,1002,49961,camera,neutral,0.55,,lexicon
20557,101,1002,49961,display,neutral,0.55,,lexicon
20558,101,1002,49962,display,neutral,0.55,,lexicon
20559,101,1002,49967,performance,negative,0.86,slow,lexicon
20560,101,1002,49970,price,positive,0.752,expensive,lexicon
20561,101,1002,49970,performance,positive,0.748,better,lexicon
20562,101,1002,49971,price,positive,0.95,impressive,lexicon
20563,101,1002,49972,design,neutral,0.55,,lexicon
20564,101,1002,49972,price,neutral,0.55,,lexicon
20565,101,1002,49973,display,positive,0.95,crisp,lexicon
20566,101,1002,49974,performance,positive,0.95,fast,lexicon
20567,101,1002,49977,battery,positive,0.95,perfect,lexicon
20568,101,1002,49977,display,positive,0.927,perfect,lexicon
20569,101,1002,49979,camera,positive,0.95,impressive,lexicon
20570,101,1002,49980,camera,negative,0.927,terrible,lexicon
20571,101,1002,49980,display,neutral,0.55,,lexicon
20572,101,1002,49982,camera,positive,0.86,fast,lexicon
20573,101,1002,49982,performance,positive,0.86,fast,lexicon
20574,101,1002,49985,battery,positive,0.95,fast,lexicon
20575,101,1002,49985,performance,positive,0.95,fast,lexicon
20576,101,1002,49985,price,positive,0.95,fast,lexicon
20577,101,1003,49998,display,positive,0.85,nice,lexicon
20578,101,1003,49998,design,positive,0.85,nice,lexicon
20579,101,1003,50000,display,neutral,0.55,,lexicon
20580,101,1003,50000,performance,neutral,0.55,,lexicon
20581,101,1003,50001,design,neutral,0.55,,lexicon
20582,101,1003,50003,performance,neutral,0.55,,lexicon
20583,101,1003,50003,price,neutral,0.55,,lexicon
20584,101,1003,50004,display,neutral,0.55,,lexicon
20585,101,1003,50005,camera,positive,0.93,premium,lexicon
20586,101,1003,50006,battery,positive,0.725,like,lexicon
20587,101,1003,50006,camera,positive,0.725,like,lexicon
20588,101,1003,50006,display,positive,0.725,like,lexicon
20589,101,1003,50006,price,positive,0.725,like,lexicon
20590,101,1003,50007,price,positive,0.792,good,lexicon
20591,101,1003,50010,price,positive,0.815,worth,lexicon
20592,101,1003,50011,camera,positive,0.752,beautiful,lexicon
20593,101,1003,50011,performance,positive,0.901,premium,lexicon
20594,101,1003,50012,price,positive,0.815,premium,lexicon
20595,101,1004,50015,performance,positive,0.86,fast,lexicon
20596,101,1004,50016,camera,positive,0.792,good,lexicon
20597,101,1004,50017,price,positive,0.86,great,lexicon
20598,101,1004,50025,camera,negative,0.698,better,lexicon
20599,101,1004,50026,camera,neutral,0.55,,lexicon
20600,101,1004,50027,camera,neutral,0.55,,lexicon
20601,101,1004,50028,camera,neutral,0.55,,lexicon
20602,101,1004,50030,battery,neutral,0.55,,lexicon
20603,101,1004,50034,battery,positive,0.815,quick,lexicon
20604,101,1004,50035,battery,neutral,0.55,,lexicon
20605,101,1004,50041,battery,neutral,0.55,,lexicon
20606,101,1004,50042,camera,neutral,0.55,,lexicon
20607,101,1005,50057,price,positive,0.95,recommended,lexicon
20608,101,1005,50062,price,negative,0.659,waste of money,lexicon
20609,101,1006,50066,price,positive,0.95,best,lexicon
20610,101,1006,50067,price,positive,0.945,recommend,lexicon
20611,101,1006,50068,performance,positive,0.914,good,lexicon
20612,101,1006,50069,battery,positive,0.95,fast,lexicon
20613,101,1006,50069,performance,positive,0.95,fast,lexicon
20614,101,1007,50071,battery,neutral,0.55,,lexicon
20615,101,1007,50071,camera,neutral,0.55,,lexicon
20616,101,1007,50071,price,neutral,0.55,,lexicon
20617,101,1007,50072,price,positive,0.883,impressive,lexicon
20618,101,1007,50074,battery,neutral,0.55,,lexicon
20619,101,1007,50076,battery,neutral,0.55,,lexicon
20620,101,1007,50077,battery,neutral,0.55,,lexicon
20621,101,1007,50078,camera,neutral,0.55,,lexicon
20622,101,1007,50078,performance,neutral,0.55,,lexicon
20623,101,1007,50079,camera,positive,0.945,sharp,lexicon
20624,101,1007,50080,camera,positive,0.914,recommend,lexicon
20625,101,1007,50082,performance,positive,0.883,smooth,lexicon
20626,101,1007,50083,performance,positive,0.95,seamless,lexicon
20627,101,1007,50084,battery,positive,0.927,outstanding,lexicon
20628,101,1007,50084,camera,positive,0.95,smooth,lexicon
20629,101,1007,50084,performance,positive,0.95,smooth,lexicon
20630,101,1007,50084,price,positive,0.95,smooth,lexicon
20631,101,1007,50085,battery,neutral,0.479,good,lexicon
20632,101,1007,50085,camera,neutral,0.479,good,lexicon
20633,101,1007,50085,display,neutral,0.479,good,lexicon
20634,101,1007,50085,performance,neutral,0.479,good,lexicon
20635,101,1007,50085,design,neutral,0.479,good,lexicon
20636,101,1007,50085,price,neutral,0.479,good,lexicon
20637,101,1007,50086,performance,positive,0.927,excellent,lexicon
20638,101,1007,50086,design,positive,0.927,excellent,lexicon
20639,101,1007,50086,price,positive,0.927,excellent,lexicon
20640,101,1007,50087,battery,neutral,0.55,,lexicon
20641,101,1007,50087,camera,neutral,0.55,,lexicon
20642,101,1007,50087,performance,neutral,0.55,,lexicon
20643,101,1008,50089,battery,positive,0.86,great,lexicon
20644,101,1009,50090,price,positive,0.792,good,lexicon
20645,101,1013,50094,price,neutral,0.55,,lexicon
20646,101,1013,50096,battery,neutral,0.55,,lexicon
20647,101,1013,50098,battery,neutral,0.55,,lexicon
20648,101,1013,50099,battery,neutral,0.55,,lexicon
20649,101,1013,50105,battery,neutral,0.55,,lexicon
20650,101,1014,50113,price,positive,0.86,great,lexicon
20651,101,1014,50116,camera,neutral,0.55,,lexicon
20652,101,1014,50117,camera,neutral,0.55,,lexicon
20653,101,1015,50118,price,positive,0.866,good,lexicon
20654,101,1015,50120,display,positive,0.916,good,lexicon
20655,101,1015,50123,battery,positive,0.95,fast,lexicon
20656,101,1015,50123,performance,positive,0.95,fast,lexicon
20657,101,1016,50126,battery,positive,0.748,better,lexicon
20658,101,1016,50133,performance,neutral,0.55,,lexicon
20659,101,1017,50138,price,positive,0.838,reliable,lexicon
20660,101,1017,50141,performance,positive,0.815,faster,lexicon
20661,101,1017,50146,performance,neutral,0.55,,lexicon
20662,101,1017,50147,display,positive,0.649,better,lexicon
20663,101,1017,50148,battery,positive,0.815,faster,lexicon
20664,101,1017,50148,display,positive,0.815,faster,lexicon
20665,101,1017,50148,performance,positive,0.815,faster,lexicon
20666,101,1017,50150,battery,positive,0.882,good,lexicon
20667,101,1017,50150,performance,positive,0.882,good,lexicon
20668,101,1017,50152,battery,neutral,0.55,,lexicon
20669,101,1017,50153,battery,positive,0.95,fast,lexicon
20670,101,1017,50153,performance,positive,0.95,fast,lexicon
20671,101,1017,50155,camera,neutral,0.55,,lexicon
20672,101,1017,50159,display,positive,0.95,sharp,lexicon
20673,101,1017,50162,performance,neutral,0.55,,lexicon
20674,101,1017,50164,camera,neutral,0.55,,lexicon
20675,101,1017,50165,camera,positive,0.748,better,lexicon
20676,101,1017,50166,camera,positive,0.86,great,lexicon
20677,101,1017,50167,battery,neutral,0.55,,lexicon
20678,101,1017,50167,performance,neutral,0.55,,lexicon
20679,101,1018,50173,price,negative,0.77,problems,lexicon
20680,101,1019,50174,price,positive,0.838,reliable,lexicon
20681,101,1019,50180,design,positive,0.909,faster,lexicon
20682,101,1019,50181,design,neutral,0.55,,lexicon
20683,101,1019,50185,design,neutral,0.55,,lexicon
20684,101,1019,50186,display,neutral,0.55,,lexicon
20685,101,1019,50186,design,neutral,0.55,,lexicon
20686,101,1019,50189,price,neutral,0.55,,lexicon
20687,101,1019,50190,performance,neutral,0.55,,lexicon
20688,101,1019,50192,display,neutral,0.55,,lexicon
20689,101,1019,50194,design,negative,0.68,like,lexicon
20690,101,1019,50195,design,negative,0.86,fragile,lexicon
20691,101,1019,50195,price,negative,0.95,overpriced,lexicon
20692,101,1019,50195,battery,neutral,0.55,,lexicon
20693,101,1019,50197,price,positive,0.95,durable,lexicon
20694,101,1019,50201,price,positive,0.792,good,lexicon
20695,101,1020,50203,performance,positive,0.95,fast,lexicon
20696,101,1020,50203,price,positive,0.95,fast,lexicon
20697,101,1021,50210,price,neutral,0.55,,lexicon
20698,101,1021,50213,design,neutral,0.55,,lexicon
20699,101,1021,50214,display,neutral,0.55,,lexicon
20700,101,1021,50216,design,positive,0.77,nice,lexicon
20701,101,1021,50217,design,positive,0.95,great,lexicon
20702,101,1022,50222,camera,positive,0.883,love,lexicon
20703,101,1022,50222,display,positive,0.883,love,lexicon
20704,101,1022,50223,display,positive,0.725,like,lexicon
20705,101,1022,50228,display,positive,0.95,love,lexicon
20706,101,1022,50229,camera,positive,0.86,great,lexicon
20707,101,1022,50234,battery,positive,0.86,great,lexicon
20708,101,1023,50241,display,neutral,0.55,,lexicon
20709,101,1024,50249,price,positive,0.95,happy,lexicon
20710,102,1063,50250,price,neutral,0.55,,lexicon
20711,102,1063,50252,display,positive,0.95,fast,lexicon
20712,102,1063,50252,performance,positive,0.95,fast,lexicon
20713,102,1063,50254,price,neutral,0.55,,lexicon
20714,102,1063,50257,camera,positive,0.792,good,lexicon
20715,102,1063,50258,camera,neutral,0.55,,lexicon
20716,102,1063,50259,battery,neutral,0.55,,lexicon
20717,102,1063,50264,price,positive,0.725,like,lexicon
20718,102,1064,50266,performance,neutral,0.55,,lexicon
20719,102,1064,50266,price,neutral,0.55,,lexicon
20720,102,1064,50269,price,neutral,0.55,,lexicon
20721,102,1064,50270,price,positive,0.815,premium,lexicon
20722,102,1064,50271,display,positive,0.95,smooth,lexicon
20723,102,1064,50271,performance,positive,0.95,smooth,lexicon
20724,102,1064,50271,price,positive,0.95,smooth,lexicon
20725,102,1064,50272,performance,positive,0.95,snappy,lexicon
20726,102,1064,50273,battery,neutral,0.55,,lexicon
20727,102,1064,50273,design,neutral,0.55,,lexicon
20728,102,1064,50274,battery,neutral,0.55,,lexicon
20729,102,1064,50275,battery,neutral,0.55,,lexicon
20730,102,1064,50278,camera,positive,0.95,beautiful,lexicon
20731,102,1065,50282,battery,negative,0.883,faulty,lexicon
20732,102,1065,50285,battery,neutral,0.55,,lexicon
20733,102,1065,50288,price,neutral,0.55,,lexicon
20734,102,1065,50290,battery,neutral,0.55,,lexicon
20735,102,1065,50290,design,neutral,0.55,,lexicon
20736,102,1065,50292,price,positive,0.95,perfect,lexicon
20737,102,1065,50295,camera,neutral,0.55,,lexicon
20738,102,1065,50296,price,positive,0.882,worth,lexicon
20739,102,1065,50298,camera,neutral,0.55,,lexicon
20740,102,1065,50298,display,neutral,0.55,,lexicon
20741,102,1065,50299,display,neutral,0.55,,lexicon
20742,102,1065,50304,performance,negative,0.86,slow,lexicon
20743,102,1065,50307,price,positive,0.752,expensive,lexicon
20744,102,1065,50307,performance,positive,0.748,better,lexicon
20745,102,1065,50308,price,positive,0.95,impressive,lexicon
20746,102,1065,50309,design,neutral,0.55,,lexicon
20747,102,1065,50309,price,neutral,0.55,,lexicon
20748,102,1065,50310,display,positive,0.95,crisp,lexicon
20749,102,1065,50311,performance,positive,0.95,fast,lexicon
20750,102,1065,50314,battery,positive,0.95,perfect,lexicon
20751,102,1065,50314,display,positive,0.927,perfect,lexicon
20752,102,1065,50316,camera,positive,0.95,impressive,lexicon
20753,102,1065,50317,camera,negative,0.927,terrible,lexicon
20754,102,1065,50317,display,neutral,0.55,,lexicon
20755,102,1065,50319,camera,positive,0.86,fast,lexicon
20756,102,1065,50319,performance,positive,0.86,fast,lexicon
20757,102,1065,50322,battery,positive,0.95,fast,lexicon
20758,102,1065,50322,performance,positive,0.95,fast,lexicon
20759,102,1065,50322,price,positive,0.95,fast,lexicon
20760,102,1066,50335,display,positive,0.85,nice,lexicon
20761,102,1066,50335,design,positive,0.85,nice,lexicon
20762,102,1066,50337,display,neutral,0.55,,lexicon
20763,102,1066,50337,performance,neutral,0.55,,lexicon
20764,102,1066,50338,design,neutral,0.55,,lexicon
20765,102,1066,50340,performance,neutral,0.55,,lexicon
20766,102,1066,50340,price,neutral,0.55,,lexicon
20767,102,1066,50341,display,neutral,0.55,,lexicon
20768,102,1066,50342,camera,positive,0.93,premium,lexicon
20769,102,1066,50343,battery,positive,0.725,like,lexicon
20770,102,1066,50343,camera,positive,0.725,like,lexicon
20771,102,1066,50343,display,positive,0.725,like,lexicon
20772,102,1066,50343,price,positive,0.725,like,lexicon
20773,102,1066,50344,price,positive,0.792,good,lexicon
20774,102,1066,50347,price,positive,0.815,worth,lexicon
20775,102,1066,50348,camera,positive,0.752,beautiful,lexicon
20776,102,1066,50348,performance,positive,0.901,premium,lexicon
20777,102,1066,50349,price,positive,0.815,premium,lexicon
20778,102,1067,50352,performance,positive,0.86,fast,lexicon
20779,102,1067,50353,camera,positive,0.792,good,lexicon
20780,102,1067,50354,price,positive,0.86,great,lexicon
20781,102,1067,50362,camera,negative,0.698,better,lexicon
20782,102,1067,50363,camera,neutral,0.55,,lexicon
20783,102,1067,50364,camera,neutral,0.55,,lexicon
20784,102,1067,50365,camera,neutral,0.55,,lexicon
20785,102,1067,50367,battery,neutral,0.55,,lexicon
20786,102,1067,50371,battery,positive,0.815,quick,lexicon
20787,102,1067,50372,battery,neutral,0.55,,lexicon
20788,102,1067,50378,battery,neutral,0.55,,lexicon
20789,102,1067,50379,camera,neutral,0.55,,lexicon
20790,102,1068,50394,price,positive,0.95,recommended,lexicon
20791,102,1068,50399,price,negative,0.659,waste of money,lexicon
20792,102,1069,50403,price,positive,0.95,best,lexicon
20793,102,1069,50404,price,positive,0.945,recommend,lexicon
20794,102,1069,50405,performance,positive,0.914,good,lexicon
20795,102,1069,50406,battery,positive,0.95,fast,lexicon
20796,102,1069,50406,performance,positive,0.95,fast,lexicon
20797,102,1070,50408,battery,neutral,0.55,,lexicon
20798,102,1070,50408,camera,neutral,0.55,,lexicon
20799,102,1070,50408,price,neutral,0.55,,lexicon
20800,102,1070,50409,price,positive,0.883,impressive,lexicon
20801,102,1070,50411,battery,neutral,0.55,,lexicon
20802,102,1070,50413,battery,neutral,0.55,,lexicon
20803,102,1070,50414,battery,neutral,0.55,,lexicon
20804,102,1070,50415,camera,neutral,0.55,,lexicon
20805,102,1070,50415,performance,neutral,0.55,,lexicon
20806,102,1070,50416,camera,positive,0.945,sharp,lexicon
20807,102,1070,50417,camera,positive,0.914,recommend,lexicon
20808,102,1070,50419,performance,positive,0.883,smooth,lexicon
20809,102,1070,50420,performance,positive,0.95,seamless,lexicon
20810,102,1070,50421,battery,positive,0.927,outstanding,lexicon
20811,102,1070,50421,camera,positive,0.95,smooth,lexicon
20812,102,1070,50421,performance,positive,0.95,smooth,lexicon
20813,102,1070,50421,price,positive,0.95,smooth,lexicon
20814,102,1070,50422,battery,neutral,0.479,good,lexicon
20815,102,1070,50422,camera,neutral,0.479,good,lexicon
20816,102,1070,50422,display,neutral,0.479,good,lexicon
20817,102,1070,50422,performance,neutral,0.479,good,lexicon
20818,102,1070,50422,design,neutral,0.479,good,lexicon
20819,102,1070,50422,price,neutral,0.479,good,lexicon
20820,102,1070,50423,performance,positive,0.927,excellent,lexicon
20821,102,1070,50423,design,positive,0.927,excellent,lexicon
20822,102,1070,50423,price,positive,0.927,excellent,lexicon
20823,102,1070,50424,battery,neutral,0.55,,lexicon
20824,102,1070,50424,camera,neutral,0.55,,lexicon
20825,102,1070,50424,performance,neutral,0.55,,lexicon
20826,102,1071,50426,battery,positive,0.86,great,lexicon
20827,102,1072,50427,price,positive,0.792,good,lexicon
20828,102,1076,50431,price,neutral,0.55,,lexicon
20829,102,1076,50433,battery,neutral,0.55,,lexicon
20830,102,1076,50435,battery,neutral,0.55,,lexicon
20831,102,1076,50436,battery,neutral,0.55,,lexicon
20832,102,1076,50442,battery,neutral,0.55,,lexicon
20833,102,1077,50450,price,positive,0.86,great,lexicon
20834,102,1077,50453,camera,neutral,0.55,,lexicon
20835,102,1077,50454,camera,neutral,0.55,,lexicon
20836,102,1078,50455,price,positive,0.866,good,lexicon
20837,102,1078,50457,display,positive,0.916,good,lexicon
20838,102,1078,50460,battery,positive,0.95,fast,lexicon
20839,102,1078,50460,performance,positive,0.95,fast,lexicon
20840,102,1079,50463,battery,positive,0.748,better,lexicon
20841,102,1079,50470,performance,neutral,0.55,,lexicon
20842,102,1080,50475,price,positive,0.838,reliable,lexicon
20843,102,1080,50478,performance,positive,0.815,faster,lexicon
20844,102,1080,50483,performance,neutral,0.55,,lexicon
20845,102,1080,50484,display,positive,0.649,better,lexicon
20846,102,1080,50485,battery,positive,0.815,faster,lexicon
20847,102,1080,50485,display,positive,0.815,faster,lexicon
20848,102,1080,50485,performance,positive,0.815,faster,lexicon
20849,102,1080,50487,battery,positive,0.882,good,lexicon
20850,102,1080,50487,performance,positive,0.882,good,lexicon
20851,102,1080,50489,battery,neutral,0.55,,lexicon
20852,102,1080,50490,battery,positive,0.95,fast,lexicon
20853,102,1080,50490,performance,positive,0.95,fast,lexicon
20854,102,1080,50492,camera,neutral,0.55,,lexicon
20855,102,1080,50496,display,positive,0.95,sharp,lexicon
20856,102,1080,50499,performance,neutral,0.55,,lexicon
20857,102,1080,50501,camera,neutral,0.55,,lexicon
20858,102,1080,50502,camera,positive,0.748,better,lexicon
20859,102,1080,50503,camera,positive,0.86,great,lexicon
20860,102,1080,50504,battery,neutral,0.55,,lexicon
20861,102,1080,50504,performance,neutral,0.55,,lexicon
20862,102,1081,50510,price,negative,0.77,problems,lexicon
20863,102,1082,50511,price,positive,0.838,reliable,lexicon
20864,102,1082,50517,design,positive,0.909,faster,lexicon
20865,102,1082,50518,design,neutral,0.55,,lexicon
20866,102,1082,50522,design,neutral,0.55,,lexicon
20867,102,1082,50523,display,neutral,0.55,,lexicon
20868,102,1082,50523,design,neutral,0.55,,lexicon
20869,102,1082,50526,price,neutral,0.55,,lexicon
20870,102,1082,50527,performance,neutral,0.55,,lexicon
20871,102,1082,50529,display,neutral,0.55,,lexicon
20872,102,1082,50531,design,negative,0.68,like,lexicon
20873,102,1082,50532,design,negative,0.86,fragile,lexicon
20874,102,1082,50532,price,negative,0.95,overpriced,lexicon
20875,102,1082,50532,battery,neutral,0.55,,lexicon
20876,102,1082,50534,price,positive,0.95,durable,lexicon
20877,102,1082,50538,price,positive,0.792,good,lexicon
20878,102,1083,50540,performance,positive,0.95,fast,lexicon
20879,102,1083,50540,price,positive,0.95,fast,lexicon
20880,102,1084,50547,price,neutral,0.55,,lexicon
20881,102,1084,50550,design,neutral,0.55,,lexicon
20882,102,1084,50551,display,neutral,0.55,,lexicon
20883,102,1084,50553,design,positive,0.77,nice,lexicon
20884,102,1084,50554,design,positive,0.95,great,lexicon
20885,102,1085,50559,camera,positive,0.883,love,lexicon
20886,102,1085,50559,display,positive,0.883,love,lexicon
20887,102,1085,50560,display,positive,0.725,like,lexicon
20888,102,1085,50565,display,positive,0.95,love,lexicon
20889,102,1085,50566,camera,positive,0.86,great,lexicon
20890,102,1085,50571,battery,positive,0.86,great,lexicon
20891,102,1086,50578,display,neutral,0.55,,lexicon
20892,102,1087,50586,price,positive,0.95,happy,lexicon
20893,103,2924,50589,battery,neutral,0.55,,lexicon
20894,103,2924,50592,price,neutral,0.55,,lexicon
20895,103,2924,50595,price,negative,0.77,complaint,lexicon
20896,103,2924,50596,display,negative,0.838,bad,lexicon
20897,103,2924,50600,design,positive,0.788,fragile,lexicon
20898,103,2924,50601,display,neutral,0.55,,lexicon
20899,103,2924,50602,battery,positive,0.95,excellent,lexicon
20900,103,2924,50602,camera,positive,0.792,good,lexicon
20901,103,2924,50602,display,positive,0.95,excellent,lexicon
20902,103,2924,50605,performance,neutral,0.55,,lexicon
20903,103,2924,50608,price,positive,0.927,excellent,lexicon
20904,103,2925,50615,battery,neutral,0.55,,lexicon
20905,103,2925,50616,battery,neutral,0.55,,lexicon
20906,103,2925,50617,battery,negative,0.748,issues,lexicon
20907,103,2925,50622,battery,negative,0.748,issues,lexicon
20908,103,2928,50630,display,positive,0.95,smooth,lexicon
20909,103,2928,50630,performance,positive,0.95,smooth,lexicon
20910,103,2928,50631,performance,positive,0.95,great,lexicon
20911,103,2928,50631,camera,positive,0.815,clear,lexicon
20912,103,2930,50635,price,positive,0.927,excellent,lexicon
20913,103,2930,50636,price,positive,0.927,excellent,lexicon
20914,103,2930,50637,camera,positive,0.95,excellent,lexicon
20915,103,2930,50637,display,positive,0.95,excellent,lexicon
20916,103,2930,50637,performance,positive,0.95,excellent,lexicon
20917,103,2930,50637,design,positive,0.95,nice,lexicon
20918,103,2930,50638,battery,neutral,0.55,,lexicon
20919,103,2931,50640,price,neutral,0.354,not worth,lexicon
20920,103,2936,50648,performance,positive,0.681,awesome,lexicon
20921,103,2937,50649,display,negative,0.927,waste of money,lexicon
20922,103,2937,50649,price,negative,0.927,waste of money,lexicon
20923,103,2937,50651,display,neutral,0.55,,lexicon
20924,103,2937,50652,display,negative,0.905,unusable,lexicon
20925,103,2937,50654,display,neutral,0.55,,lexicon
20926,103,2938,50659,performance,neutral,0.55,,lexicon
20927,103,2938,50661,camera,positive,0.86,great,lexicon
20928,103,2938,50661,display,positive,0.95,great,lexicon
20929,103,2938,50662,battery,neutral,0.55,,lexicon
20930,104,759,50665,battery,neutral,0.55,,lexicon
20931,104,759,50668,battery,positive,0.95,fast,lexicon
20932,104,759,50668,display,positive,0.95,fast,lexicon
20933,104,759,50668,performance,positive,0.883,smooth,lexicon
20934,104,759,50670,battery,neutral,0.55,,lexicon
20935,104,759,50671,battery,positive,0.86,fast,lexicon
20936,104,759,50671,performance,positive,0.86,fast,lexicon
20937,104,759,50672,battery,neutral,0.55,,lexicon
20938,104,759,50673,display,negative,0.748,issue,lexicon
20939,104,759,50675,display,neutral,0.55,,lexicon
20940,104,759,50679,price,positive,0.95,happy,lexicon
20941,104,760,50684,display,neutral,0.55,,lexicon
20942,104,760,50685,battery,neutral,0.55,,lexicon
20943,104,761,50701,display,neutral,0.55,,lexicon
20944,104,761,50702,display,neutral,0.55,,lexicon
20945,104,761,50705,price,neutral,0.55,,lexicon
20946,104,761,50710,price,neutral,0.55,,lexicon
20947,104,761,50711,price,neutral,0.55,,lexicon
20948,104,761,50714,price,neutral,0.55,,lexicon
20949,104,761,50715,price,neutral,0.55,,lexicon
20950,104,761,50716,price,neutral,0.55,,lexicon
20951,104,762,50717,battery,positive,0.95,excellent,lexicon
20952,104,762,50718,display,neutral,0.55,,lexicon
20953,104,762,50719,battery,positive,0.95,flawless,lexicon
20954,104,762,50719,display,positive,0.927,flawless,lexicon
20955,104,762,50719,performance,positive,0.927,flawless,lexicon
20956,104,762,50719,design,positive,0.95,flawless,lexicon
20957,104,763,50725,price,positive,0.95,amazing,lexicon
20958,104,763,50728,camera,positive,0.914,beautiful,lexicon
20959,104,763,50730,battery,positive,0.927,amazing,lexicon
20960,104,763,50731,camera,negative,0.748,issue,lexicon
20961,104,763,50731,performance,negative,0.748,issue,lexicon
20962,104,763,50732,performance,negative,0.643,perfect,lexicon
20963,104,763,50733,camera,negative,0.748,issue,lexicon
20964,104,763,50734,display,neutral,0.55,,lexicon
20965,104,763,50735,performance,negative,0.748,issue,lexicon
20966,104,763,50736,display,negative,0.95,overheating,lexicon
20967,104,763,50736,performance,negative,0.826,overheating,lexicon
20968,104,763,50738,camera,neutral,0.55,,lexicon
20969,104,763,50739,camera,positive,0.748,better,lexicon
20970,104,763,50739,price,positive,0.95,worth,lexicon
20971,104,763,50740,camera,neutral,0.55,,lexicon
20972,104,764,50743,camera,positive,0.748,better,lexicon
20973,104,764,50743,display,positive,0.748,better,lexicon
20974,104,764,50745,display,positive,0.95,smooth,lexicon
20975,104,764,50745,performance,positive,0.95,smooth,lexicon
20976,104,764,50745,design,positive,0.95,smooth,lexicon
20977,104,764,50747,camera,neutral,0.55,,lexicon
20978,104,764,50749,battery,neutral,0.55,,lexicon
20979,104,764,50750,battery,positive,0.815,all day,lexicon
20980,104,764,50752,performance,positive,0.95,fast,lexicon
20981,104,764,50752,design,positive,0.95,fast,lexicon
20982,104,764,50754,performance,positive,0.95,smooth,lexicon
20983,104,764,50755,camera,positive,0.86,great,lexicon
20984,104,764,50756,camera,positive,0.95,beautiful,lexicon
20985,104,764,50757,camera,positive,0.86,great,lexicon
20986,104,766,50762,camera,neutral,0.55,,lexicon
20987,104,766,50765,camera,neutral,0.55,,lexicon
20988,104,766,50766,battery,positive,0.95,fast,lexicon
20989,104,766,50766,display,positive,0.883,snappy,lexicon
20990,104,766,50766,performance,positive,0.95,fast,lexicon
20991,104,766,50768,camera,positive,0.703,fine,lexicon
20992,104,766,50769,camera,neutral,0.55,,lexicon
20993,104,766,50770,camera,neutral,0.55,,lexicon
20994,104,766,50771,camera,neutral,0.55,,lexicon
20995,104,766,50772,camera,positive,0.95,excellent,lexicon
20996,104,766,50773,camera,positive,0.866,good,lexicon
20997,104,766,50773,display,positive,0.866,good,lexicon
20998,104,766,50774,camera,positive,0.95,love,lexicon
20999,104,766,50774,display,positive,0.88,good,lexicon
21000,104,766,50774,design,positive,0.95,love,lexicon
21001,104,766,50775,battery,positive,0.95,great,lexicon
21002,104,766,50776,battery,positive,0.927,amazing,lexicon
21003,104,766,50778,battery,positive,0.792,good,lexicon
21004,104,766,50779,performance,positive,0.792,good,lexicon
21005,104,766,50780,battery,positive,0.898,happy,lexicon
21006,104,766,50781,battery,positive,0.792,good,lexicon
21007,104,766,50782,battery,neutral,0.55,,lexicon
21008,104,766,50785,camera,positive,0.945,great,lexicon
21009,104,766,50785,design,positive,0.945,great,lexicon
21010,104,766,50789,display,positive,0.792,like,lexicon
21011,104,766,50791,design,neutral,0.55,,lexicon
21012,104,766,50793,display,neutral,0.55,,lexicon
21013,104,766,50794,camera,positive,0.86,great,lexicon
21014,104,766,50796,camera,positive,0.815,quick,lexicon
21015,104,766,50803,display,neutral,0.55,,lexicon
21016,104,766,50805,performance,positive,0.95,fast,lexicon
21017,104,766,50807,design,positive,0.851,good,lexicon
21018,104,766,50808,camera,neutral,0.55,,lexicon
21019,104,766,50809,display,neutral,0.55,,lexicon
21020,104,766,50810,camera,neutral,0.55,,lexicon
21021,104,766,50810,display,neutral,0.55,,lexicon
21022,104,766,50811,camera,positive,0.914,good,lexicon
21023,104,766,50811,display,neutral,0.55,,lexicon
21024,104,766,50813,display,neutral,0.55,,lexicon
21025,104,766,50814,camera,neutral,0.55,,lexicon
21026,104,766,50814,display,neutral,0.55,,lexicon
21027,104,766,50818,design,negative,0.883,disappointed,lexicon
21028,104,766,50824,camera,neutral,0.55,,lexicon
21029,104,766,50827,camera,neutral,0.55,,lexicon
21030,104,766,50827,display,neutral,0.55,,lexicon
21031,104,766,50829,camera,negative,0.734,good,lexicon
21032,104,766,50829,display,negative,0.734,good,lexicon
21033,104,766,50829,performance,negative,0.734,good,lexicon
21034,104,766,50829,design,negative,0.734,good,lexicon
21035,104,766,50830,camera,negative,0.84,issue,lexicon
21036,104,766,50832,battery,neutral,0.55,,lexicon
21037,104,769,50835,design,positive,0.725,like,lexicon
21038,104,769,50836,camera,neutral,0.55,,lexicon
21039,104,769,50836,display,neutral,0.55,,lexicon
21040,104,772,50842,camera,positive,0.927,perfect,lexicon
21041,104,772,50842,display,positive,0.927,perfect,lexicon
21042,104,772,50843,camera,positive,0.818,like,lexicon
21043,104,772,50843,performance,neutral,0.55,,lexicon
21044,104,772,50846,battery,positive,0.86,great,lexicon
21045,104,772,50847,battery,negative,0.615,draining,lexicon
21046,104,772,50848,battery,neutral,0.55,,lexicon
21047,104,772,50849,battery,negative,0.927,horrible,lexicon
21048,104,772,50850,battery,neutral,0.55,,lexicon
21049,104,772,50851,performance,positive,0.95,snappy,lexicon
21050,104,773,50856,display,neutral,0.55,,lexicon
21051,104,773,50858,display,neutral,0.55,,lexicon
21052,104,773,50866,display,neutral,0.55,,lexicon
21053,104,773,50866,price,neutral,0.55,,lexicon
21054,104,774,50872,camera,negative,0.68,like,lexicon
21055,104,774,50872,design,negative,0.68,like,lexicon
21056,104,774,50873,performance,positive,0.95,fast,lexicon
21057,104,774,50874,display,neutral,0.55,,lexicon
21058,104,774,50875,battery,neutral,0.55,,lexicon
21059,104,775,50885,display,positive,0.927,excellent,lexicon
21060,104,775,50886,display,positive,0.725,like,lexicon
21061,104,775,50886,design,positive,0.725,like,lexicon
21062,104,776,50899,performance,positive,0.95,good,lexicon
21063,104,777,50903,display,neutral,0.55,,lexicon
21064,104,777,50904,display,positive,0.883,love,lexicon
21065,104,777,50905,display,neutral,0.55,,lexicon
21066,104,777,50906,display,neutral,0.55,,lexicon
21067,104,777,50906,price,neutral,0.55,,lexicon
21068,104,777,50907,price,neutral,0.55,,lexicon
21069,104,777,50913,display,neutral,0.55,,lexicon
21070,104,777,50914,display,neutral,0.55,,lexicon
21071,104,778,50916,battery,negative,0.95,overheats,lexicon
21072,104,778,50916,performance,negative,0.905,overheats,lexicon
21073,104,778,50918,camera,positive,0.927,perfect,lexicon
21074,104,779,50926,design,negative,0.748,issue,lexicon
21075,104,780,50927,display,positive,0.86,great,lexicon
21076,104,780,50928,display,positive,0.725,like,lexicon
21077,104,780,50929,camera,negative,0.95,defective,lexicon
21078,104,780,50930,display,neutral,0.55,,lexicon
21079,104,780,50931,camera,neutral,0.55,,lexicon
21080,104,780,50931,display,neutral,0.55,,lexicon
21081,104,780,50932,camera,positive,0.725,like,lexicon
21082,104,780,50932,design,positive,0.725,like,lexicon
21083,104,780,50933,battery,neutral,0.55,,lexicon
21084,104,780,50934,battery,positive,0.748,better,lexicon
21085,104,780,50934,camera,positive,0.93,beautiful,lexicon
21086,104,780,50935,display,negative,0.941,annoying,lexicon
21087,104,781,50941,price,neutral,0.55,,lexicon
21088,104,781,50945,camera,positive,0.927,superb,lexicon
21089,104,781,50946,camera,positive,0.914,great,lexicon
21090,104,781,50946,price,positive,0.725,decent,lexicon
21091,104,782,50948,display,positive,0.77,nice,lexicon
21092,104,782,50950,battery,positive,0.95,great,lexicon
21093,104,782,50951,display,neutral,0.55,,lexicon
21094,104,782,50952,design,neutral,0.55,,lexicon
21095,104,782,50953,display,positive,0.927,excellent,lexicon
21096,104,782,50955,camera,neutral,0.55,,lexicon
21097,104,783,50960,battery,neutral,0.55,,lexicon
21098,104,783,50961,display,neutral,0.55,,lexicon
21099,104,783,50962,battery,neutral,0.55,,lexicon
21100,105,1730,50965,price,positive,0.95,excellent,lexicon
21101,105,1730,50968,camera,positive,0.95,amazing,lexicon
21102,105,1730,50968,display,positive,0.95,fast,lexicon
21103,105,1730,50968,performance,positive,0.95,fast,lexicon
21104,105,1730,50969,battery,positive,0.77,lasts,lexicon
21105,105,1730,50971,price,positive,0.95,great,lexicon
21106,105,1731,50974,battery,positive,0.927,perfect,lexicon
21107,105,1731,50975,design,positive,0.914,great,lexicon
21108,105,1731,50976,price,positive,0.95,recommend,lexicon
21109,105,1732,50979,battery,positive,0.792,good,lexicon
21110,105,1732,50980,performance,positive,0.86,fast,lexicon
21111,105,1732,50980,design,neutral,0.55,,lexicon
21112,105,1732,50981,design,neutral,0.55,,lexicon
21113,105,1732,50982,display,positive,0.95,happy,lexicon
21114,105,1732,50983,design,positive,0.725,like,lexicon
21115,105,1732,50984,display,positive,0.672,recommend,lexicon
21116,105,1732,50985,price,negative,0.69,pricey,lexicon
21117,105,1732,50985,battery,neutral,0.55,,lexicon
21118,105,1732,50987,camera,neutral,0.55,,lexicon
21119,105,1733,50991,battery,neutral,0.55,,lexicon
21120,105,1733,50992,price,positive,0.95,premium,lexicon
21121,105,1733,50993,price,positive,0.815,worthy,lexicon
21122,105,1734,50995,design,positive,0.914,beautiful,lexicon
21123,105,1734,51004,display,positive,0.883,love,lexicon
21124,105,1734,51008,camera,neutral,0.55,,lexicon
21125,105,1734,51008,display,neutral,0.55,,lexicon
21126,105,1735,51013,price,positive,0.95,excellent,lexicon
21127,105,1735,51019,design,neutral,0.55,,lexicon
21128,105,1735,51020,price,positive,0.95,perfect,lexicon
21129,105,1735,51023,camera,positive,0.927,perfect,lexicon
21130,105,1735,51027,price,positive,0.95,perfect,lexicon
21131,105,1735,51028,display,positive,0.927,flawless,lexicon
21132,105,1735,51031,camera,neutral,0.55,,lexicon
21133,105,1736,51037,design,positive,0.815,premium,lexicon
21134,105,1736,51038,design,neutral,0.55,,lexicon
21135,105,1736,51040,battery,neutral,0.55,,lexicon
21136,105,1736,51041,camera,neutral,0.55,,lexicon
21137,105,1737,51044,display,neutral,0.55,,lexicon
21138,105,1737,51046,battery,neutral,0.55,,lexicon
21139,105,1742,51059,battery,positive,0.913,excellent,lexicon
21140,105,1742,51060,battery,positive,0.703,fine,lexicon
21141,105,1742,51060,camera,positive,0.703,fine,lexicon
21142,105,1743,51062,battery,negative,0.77,recommend,lexicon
21143,105,1743,51062,display,negative,0.77,recommend,lexicon
21144,105,1743,51063,display,negative,0.86,poor,lexicon
21145,105,1743,51063,design,neutral,0.492,terrible,lexicon
21146,105,1743,51063,price,negative,0.851,terrible,lexicon
21147,105,1743,51064,display,negative,0.95,cracked,lexicon
21148,105,1743,51067,battery,neutral,0.55,,lexicon
21149,105,1743,51068,battery,neutral,0.55,,lexicon
21150,105,1743,51069,battery,neutral,0.55,,lexicon
21151,105,1744,51077,battery,positive,0.725,liked,lexicon
21152,105,1744,51081,price,neutral,0.55,,lexicon
21153,106,2062,51085,price,positive,0.95,excellent,lexicon
21154,106,2062,51088,camera,positive,0.95,amazing,lexicon
21155,106,2062,51088,display,positive,0.95,fast,lexicon
21156,106,2062,51088,performance,positive,0.95,fast,lexicon
21157,106,2062,51089,battery,positive,0.77,lasts,lexicon
21158,106,2062,51091,price,positive,0.95,great,lexicon
21159,106,2063,51094,battery,positive,0.927,perfect,lexicon
21160,106,2063,51095,design,positive,0.914,great,lexicon
21161,106,2063,51096,price,positive,0.95,recommend,lexicon
21162,106,2064,51099,battery,positive,0.792,good,lexicon
21163,106,2064,51100,performance,positive,0.86,fast,lexicon
21164,106,2064,51100,design,neutral,0.55,,lexicon
21165,106,2064,51101,design,neutral,0.55,,lexicon
21166,106,2064,51102,display,positive,0.95,happy,lexicon
21167,106,2064,51103,design,positive,0.725,like,lexicon
21168,106,2064,51104,display,positive,0.672,recommend,lexicon
21169,106,2064,51105,price,negative,0.69,pricey,lexicon
21170,106,2064,51105,battery,neutral,0.55,,lexicon
21171,106,2064,51107,camera,neutral,0.55,,lexicon
21172,106,2065,51111,battery,neutral,0.55,,lexicon
21173,106,2065,51112,price,positive,0.95,premium,lexicon
21174,106,2065,51113,price,positive,0.815,worthy,lexicon
21175,106,2066,51115,design,positive,0.914,beautiful,lexicon
21176,106,2066,51124,display,positive,0.883,love,lexicon
21177,106,2066,51128,camera,neutral,0.55,,lexicon
21178,106,2066,51128,display,neutral,0.55,,lexicon
21179,106,2067,51133,price,positive,0.95,excellent,lexicon
21180,106,2067,51139,design,neutral,0.55,,lexicon
21181,106,2067,51140,price,positive,0.95,perfect,lexicon
21182,106,2067,51143,camera,positive,0.927,perfect,lexicon
21183,106,2067,51147,price,positive,0.95,perfect,lexicon
21184,106,2067,51148,display,positive,0.927,flawless,lexicon
21185,106,2067,51151,camera,neutral,0.55,,lexicon
21186,106,2068,51157,design,positive,0.815,premium,lexicon
21187,106,2068,51158,design,neutral,0.55,,lexicon
21188,106,2068,51160,battery,neutral,0.55,,lexicon
21189,106,2068,51161,camera,neutral,0.55,,lexicon
21190,106,2069,51164,display,neutral,0.55,,lexicon
21191,106,2069,51166,battery,neutral,0.55,,lexicon
21192,106,2074,51179,battery,positive,0.913,excellent,lexicon
21193,106,2074,51180,battery,positive,0.703,fine,lexicon
21194,106,2074,51180,camera,positive,0.703,fine,lexicon
21195,106,2075,51182,battery,negative,0.77,recommend,lexicon
21196,106,2075,51182,display,negative,0.77,recommend,lexicon
21197,106,2075,51183,display,negative,0.86,poor,lexicon
21198,106,2075,51183,design,neutral,0.492,terrible,lexicon
21199,106,2075,51183,price,negative,0.851,terrible,lexicon
21200,106,2075,51184,display,negative,0.95,cracked,lexicon
21201,106,2075,51187,battery,neutral,0.55,,lexicon
21202,106,2075,51188,battery,neutral,0.55,,lexicon
21203,106,2075,51189,battery,neutral,0.55,,lexicon
21204,106,2076,51197,battery,positive,0.725,liked,lexicon
21205,106,2076,51201,price,neutral,0.55,,lexicon
21206,106,2077,51206,performance,negative,0.883,disappointed,lexicon
21207,106,2077,51208,battery,positive,0.95,excellent,lexicon
21208,106,2077,51208,price,positive,0.927,excellent,lexicon
21209,106,2077,51209,battery,neutral,0.55,,lexicon
21210,106,2078,51210,battery,positive,0.927,excellent,lexicon
21211,106,2079,51213,battery,positive,0.725,like,lexicon
21212,106,2080,51216,display,positive,0.95,excellent,lexicon
21213,106,2081,51218,battery,positive,0.95,perfect,lexicon
21214,106,2082,51223,battery,positive,0.895,good,lexicon
21215,106,2083,51225,performance,positive,0.895,fast,lexicon
21216,106,2084,51226,display,neutral,0.55,,lexicon
21217,106,2084,51227,battery,negative,0.785,disappointed,lexicon
21218,106,2084,51229,display,positive,0.95,durable,lexicon
21219,106,2085,51231,battery,positive,0.927,perfect,lexicon
21220,106,2086,51235,display,neutral,0.55,,lexicon
21221,107,2772,51240,price,positive,0.95,excellent,lexicon
21222,107,2772,51243,camera,positive,0.95,amazing,lexicon
21223,107,2772,51243,display,positive,0.95,fast,lexicon
21224,107,2772,51243,performance,positive,0.95,fast,lexicon
21225,107,2772,51244,battery,positive,0.77,lasts,lexicon
21226,107,2772,51246,price,positive,0.95,great,lexicon
21227,107,2773,51249,battery,positive,0.927,perfect,lexicon
21228,107,2773,51250,design,positive,0.914,great,lexicon
21229,107,2773,51251,price,positive,0.95,recommend,lexicon
21230,107,2774,51254,battery,positive,0.792,good,lexicon
21231,107,2774,51255,performance,positive,0.86,fast,lexicon
21232,107,2774,51255,design,neutral,0.55,,lexicon
21233,107,2774,51256,design,neutral,0.55,,lexicon
21234,107,2774,51257,display,positive,0.95,happy,lexicon
21235,107,2774,51258,design,positive,0.725,like,lexicon
21236,107,2774,51259,display,positive,0.672,recommend,lexicon
21237,107,2774,51260,price,negative,0.69,pricey,lexicon
21238,107,2774,51260,battery,neutral,0.55,,lexicon
21239,107,2774,51262,camera,neutral,0.55,,lexicon
21240,107,2775,51266,battery,neutral,0.55,,lexicon
21241,107,2775,51267,price,positive,0.95,premium,lexicon
21242,107,2775,51268,price,positive,0.815,worthy,lexicon
21243,107,2776,51270,design,positive,0.914,beautiful,lexicon
21244,107,2776,51279,display,positive,0.883,love,lexicon
21245,107,2776,51283,camera,neutral,0.55,,lexicon
21246,107,2776,51283,display,neutral,0.55,,lexicon
21247,107,2777,51288,price,positive,0.95,excellent,lexicon
21248,107,2777,51294,design,neutral,0.55,,lexicon
21249,107,2777,51295,price,positive,0.95,perfect,lexicon
21250,107,2777,51298,camera,positive,0.927,perfect,lexicon
21251,107,2777,51302,price,positive,0.95,perfect,lexicon
21252,107,2777,51303,display,positive,0.927,flawless,lexicon
21253,107,2777,51306,camera,neutral,0.55,,lexicon
21254,107,2778,51312,design,positive,0.815,premium,lexicon
21255,107,2778,51313,design,neutral,0.55,,lexicon
21256,107,2778,51315,battery,neutral,0.55,,lexicon
21257,107,2778,51316,camera,neutral,0.55,,lexicon
21258,107,2779,51319,display,neutral,0.55,,lexicon
21259,107,2779,51321,battery,neutral,0.55,,lexicon
21260,107,2784,51334,battery,positive,0.913,excellent,lexicon
21261,107,2784,51335,battery,positive,0.703,fine,lexicon
21262,107,2784,51335,camera,positive,0.703,fine,lexicon
21263,107,2785,51337,battery,negative,0.77,recommend,lexicon
21264,107,2785,51337,display,negative,0.77,recommend,lexicon
21265,107,2785,51338,display,negative,0.86,poor,lexicon
21266,107,2785,51338,design,neutral,0.492,terrible,lexicon
21267,107,2785,51338,price,negative,0.851,terrible,lexicon
21268,107,2785,51339,display,negative,0.95,cracked,lexicon
21269,107,2785,51342,battery,neutral,0.55,,lexicon
21270,107,2785,51343,battery,neutral,0.55,,lexicon
21271,107,2785,51344,battery,neutral,0.55,,lexicon
21272,107,2786,51352,battery,positive,0.725,liked,lexicon
21273,107,2786,51356,price,neutral,0.55,,lexicon
21274,107,2787,51361,performance,negative,0.883,disappointed,lexicon
21275,107,2787,51363,battery,positive,0.95,excellent,lexicon
21276,107,2787,51363,price,positive,0.927,excellent,lexicon
21277,107,2787,51364,battery,neutral,0.55,,lexicon
21278,107,2788,51365,battery,positive,0.927,excellent,lexicon
21279,107,2789,51368,battery,positive,0.725,like,lexicon
21280,107,2790,51371,display,positive,0.95,excellent,lexicon
21281,107,2791,51373,battery,positive,0.95,perfect,lexicon
21282,107,2792,51378,battery,positive,0.895,good,lexicon
21283,107,2793,51380,performance,positive,0.895,fast,lexicon
21284,107,2794,51381,display,neutral,0.55,,lexicon
21285,107,2794,51382,battery,negative,0.785,disappointed,lexicon
21286,107,2794,51384,display,positive,0.95,durable,lexicon
21287,107,2795,51386,battery,positive,0.927,perfect,lexicon
21288,107,2796,51390,display,neutral,0.55,,lexicon
21289,108,3468,51395,price,positive,0.95,excellent,lexicon
21290,108,3468,51398,camera,positive,0.95,amazing,lexicon
21291,108,3468,51398,display,positive,0.95,fast,lexicon
21292,108,3468,51398,performance,positive,0.95,fast,lexicon
21293,108,3468,51399,battery,positive,0.77,lasts,lexicon
21294,108,3468,51401,price,positive,0.95,great,lexicon
21295,108,3469,51404,battery,positive,0.927,perfect,lexicon
21296,108,3469,51405,design,positive,0.914,great,lexicon
21297,108,3469,51406,price,positive,0.95,recommend,lexicon
21298,108,3470,51409,battery,positive,0.792,good,lexicon
21299,108,3470,51410,performance,positive,0.86,fast,lexicon
21300,108,3470,51410,design,neutral,0.55,,lexicon
21301,108,3470,51411,design,neutral,0.55,,lexicon
21302,108,3470,51412,display,positive,0.95,happy,lexicon
21303,108,3470,51413,design,positive,0.725,like,lexicon
21304,108,3470,51414,display,positive,0.672,recommend,lexicon
21305,108,3470,51415,price,negative,0.69,pricey,lexicon
21306,108,3470,51415,battery,neutral,0.55,,lexicon
21307,108,3470,51417,camera,neutral,0.55,,lexicon
21308,108,3471,51421,battery,neutral,0.55,,lexicon
21309,108,3471,51422,price,positive,0.95,premium,lexicon
21310,108,3471,51423,price,positive,0.815,worthy,lexicon
21311,108,3472,51425,design,positive,0.914,beautiful,lexicon
21312,108,3472,51434,display,positive,0.883,love,lexicon
21313,108,3472,51438,camera,neutral,0.55,,lexicon
21314,108,3472,51438,display,neutral,0.55,,lexicon
21315,108,3473,51443,price,positive,0.95,excellent,lexicon
21316,108,3473,51449,design,neutral,0.55,,lexicon
21317,108,3473,51450,price,positive,0.95,perfect,lexicon
21318,108,3473,51453,camera,positive,0.927,perfect,lexicon
21319,108,3473,51457,price,positive,0.95,perfect,lexicon
21320,108,3473,51458,display,positive,0.927,flawless,lexicon
21321,108,3473,51461,camera,neutral,0.55,,lexicon
21322,108,3474,51467,design,positive,0.815,premium,lexicon
21323,108,3474,51468,design,neutral,0.55,,lexicon
21324,108,3474,51470,battery,neutral,0.55,,lexicon
21325,108,3474,51471,camera,neutral,0.55,,lexicon
21326,108,3475,51474,display,neutral,0.55,,lexicon
21327,108,3475,51476,battery,neutral,0.55,,lexicon
21328,108,3480,51489,battery,positive,0.913,excellent,lexicon
21329,108,3480,51490,battery,positive,0.703,fine,lexicon
21330,108,3480,51490,camera,positive,0.703,fine,lexicon
21331,108,3481,51492,battery,negative,0.77,recommend,lexicon
21332,108,3481,51492,display,negative,0.77,recommend,lexicon
21333,108,3481,51493,display,negative,0.86,poor,lexicon
21334,108,3481,51493,design,neutral,0.492,terrible,lexicon
21335,108,3481,51493,price,negative,0.851,terrible,lexicon
21336,108,3481,51494,display,negative,0.95,cracked,lexicon
21337,108,3481,51497,battery,neutral,0.55,,lexicon
21338,108,3481,51498,battery,neutral,0.55,,lexicon
21339,108,3481,51499,battery,neutral,0.55,,lexicon
21340,108,3482,51507,battery,positive,0.725,liked,lexicon
21341,108,3482,51511,price,neutral,0.55,,lexicon
21342,108,3483,51516,performance,negative,0.883,disappointed,lexicon
21343,108,3483,51518,battery,positive,0.95,excellent,lexicon
21344,108,3483,51518,price,positive,0.927,excellent,lexicon
21345,108,3483,51519,battery,neutral,0.55,,lexicon
21346,108,3484,51520,battery,positive,0.927,excellent,lexicon
21347,108,3485,51523,battery,positive,0.725,like,lexicon
21348,108,3486,51526,display,positive,0.95,excellent,lexicon
21349,108,3487,51528,battery,positive,0.95,perfect,lexicon
21350,108,3488,51533,battery,positive,0.895,good,lexicon
21351,108,3489,51535,performance,positive,0.895,fast,lexicon
21352,108,3490,51536,display,neutral,0.55,,lexicon
21353,108,3490,51537,battery,negative,0.785,disappointed,lexicon
21354,108,3490,51539,display,positive,0.95,durable,lexicon
21355,108,3491,51541,battery,positive,0.927,perfect,lexicon
21356,108,3492,51545,display,neutral,0.55,,lexicon
21357,109,921,51550,camera,neutral,0.55,,lexicon
21358,109,921,51551,camera,positive,0.905,fantastic,lexicon
21359,109,921,51553,design,positive,0.725,like,lexicon
21360,109,921,51557,display,neutral,0.55,,lexicon
21361,109,921,51558,price,positive,0.927,superb,lexicon
21362,109,921,51560,performance,positive,0.725,like,lexicon
21363,109,921,51563,price,neutral,0.55,,lexicon
21364,109,921,51565,display,neutral,0.55,,lexicon
21365,109,921,51566,performance,neutral,0.55,,lexicon
21366,109,921,51567,display,neutral,0.55,,lexicon
21367,109,921,51568,battery,neutral,0.55,,lexicon
21368,109,921,51568,display,neutral,0.55,,lexicon
21369,109,921,51569,display,neutral,0.55,,lexicon
21370,109,921,51570,camera,neutral,0.55,,lexicon
21371,109,921,51570,design,neutral,0.55,,lexicon
21372,109,921,51571,camera,negative,0.86,slow,lexicon
21373,109,921,51571,performance,negative,0.86,slow,lexicon
21374,109,921,51572,camera,neutral,0.55,,lexicon
21375,109,921,51573,camera,positive,0.815,quick,lexicon
21376,109,921,51573,display,positive,0.815,quick,lexicon
21377,109,921,51574,camera,negative,0.86,slow,lexicon
21378,109,921,51574,performance,negative,0.86,slow,lexicon
21379,109,921,51575,camera,positive,0.815,quick,lexicon
21380,109,921,51575,display,positive,0.815,quick,lexicon
21381,109,921,51576,camera,neutral,0.55,,lexicon
21382,109,921,51578,battery,positive,0.838,recommend,lexicon
21383,109,922,51579,price,positive,0.927,outstanding,lexicon
21384,109,922,51582,price,positive,0.927,perfect,lexicon
21385,109,922,51583,performance,neutral,0.354,fast,lexicon
21386,109,922,51584,camera,positive,0.86,great,lexicon
21387,109,922,51585,battery,neutral,0.55,,lexicon
21388,109,922,51585,display,neutral,0.55,,lexicon
21389,109,922,51585,design,neutral,0.55,,lexicon
21390,109,923,51591,battery,neutral,0.55,,lexicon
21391,109,923,51592,battery,neutral,0.55,,lexicon
21392,109,923,51593,battery,positive,0.815,worth,lexicon
21393,109,923,51598,camera,positive,0.748,better,lexicon
21394,109,923,51598,display,positive,0.883,love,lexicon
21395,109,923,51598,performance,positive,0.898,faster,lexicon
21396,109,923,51601,camera,positive,0.95,superb,lexicon
21397,109,923,51602,camera,positive,0.86,great,lexicon
21398,109,923,51603,camera,neutral,0.55,,lexicon
21399,109,923,51604,camera,positive,0.725,decent,lexicon
21400,109,923,51605,camera,positive,0.725,like,lexicon
21401,109,923,51606,camera,neutral,0.55,,lexicon
21402,109,923,51607,battery,positive,0.86,great,lexicon
21403,109,923,51607,camera,neutral,0.55,,lexicon
21404,109,923,51610,price,positive,0.77,nice,lexicon
21405,109,923,51612,price,neutral,0.55,,lexicon
21406,109,923,51620,camera,positive,0.905,best,lexicon
21407,109,923,51623,camera,negative,0.95,pathetic,lexicon
21408,109,923,51624,camera,neutral,0.55,,lexicon
21409,109,924,51635,camera,negative,0.927,terrible,lexicon
21410,109,924,51638,price,neutral,0.55,,lexicon
21411,109,924,51639,price,neutral,0.55,,lexicon
21412,109,924,51642,display,positive,0.792,bright,lexicon
21413,109,924,51643,camera,negative,0.883,disappointment,lexicon
21414,109,924,51644,camera,neutral,0.55,,lexicon
21415,109,924,51645,camera,positive,0.748,better,lexicon
21416,109,924,51648,camera,neutral,0.55,,lexicon
21417,109,924,51650,price,positive,0.68,cheap,lexicon
21418,109,925,51656,camera,neutral,0.55,,lexicon
21419,109,925,51656,performance,neutral,0.55,,lexicon
21420,109,925,51666,price,positive,0.95,best,lexicon
21421,109,925,51673,battery,neutral,0.55,,lexicon
21422,109,925,51675,display,neutral,0.55,,lexicon
21423,109,925,51677,camera,neutral,0.55,,lexicon
21424,109,925,51678,camera,positive,0.792,good,lexicon
21425,109,925,51679,display,positive,0.95,crisp,lexicon
21426,109,925,51680,camera,positive,0.748,better,lexicon
21427,109,925,51680,price,negative,0.815,expensive,lexicon
21428,109,925,51688,display,neutral,0.55,,lexicon
21429,109,926,51696,price,positive,0.95,affordable,lexicon
21430,109,926,51698,design,positive,0.95,love,lexicon
21431,109,926,51699,display,positive,0.95,excellent,lexicon
21432,109,926,51700,display,positive,0.95,good,lexicon
21433,109,926,51703,price,positive,0.95,great,lexicon
21434,109,927,51713,battery,positive,0.792,good,lexicon
21435,109,927,51715,battery,neutral,0.55,,lexicon
21436,109,927,51715,design,neutral,0.55,,lexicon
21437,109,927,51718,performance,neutral,0.55,,lexicon
21438,109,927,51720,battery,positive,0.77,nice,lexicon
21439,109,927,51722,battery,negative,0.77,problem,lexicon
21440,109,927,51723,battery,positive,0.86,durable,lexicon
21441,109,927,51732,display,positive,0.95,clear,lexicon
21442,109,927,51733,display,positive,0.88,good,lexicon
21443,109,927,51734,display,neutral,0.511,dim,lexicon
21444,109,927,51735,camera,positive,0.792,good,lexicon
21445,109,927,51737,camera,positive,0.749,good,lexicon
21446,109,927,51738,camera,neutral,0.55,,lexicon
21447,109,927,51740,display,neutral,0.55,,lexicon
21448,109,927,51741,camera,positive,0.834,better,lexicon
21449,109,927,51742,camera,neutral,0.55,,lexicon
21450,109,927,51743,camera,negative,0.883,blurry,lexicon
21451,109,927,51744,camera,neutral,0.55,,lexicon
21452,109,927,51746,camera,neutral,0.55,,lexicon
21453,109,928,51755,price,positive,0.95,awesome,lexicon
21454,109,928,51758,camera,negative,0.838,bad,lexicon
21455,109,928,51758,price,negative,0.838,bad,lexicon
21456,109,928,51762,camera,positive,0.725,like,lexicon
21457,109,928,51763,battery,positive,0.86,fast,lexicon
21458,109,928,51763,performance,positive,0.86,fast,lexicon
21459,109,930,51770,price,positive,0.86,great,lexicon
21460,109,930,51771,battery,positive,0.945,great,lexicon
21461,109,930,51771,camera,positive,0.792,good,lexicon
21462,109,930,51771,display,positive,0.945,great,lexicon
21463,109,930,51772,design,positive,0.901,nice,lexicon
21464,109,932,51773,price,positive,0.86,great,lexicon
21465,109,932,51774,price,positive,0.927,amazing,lexicon
21466,109,934,51777,battery,positive,0.86,fast,lexicon
21467,109,934,51777,performance,positive,0.86,fast,lexicon
21468,109,934,51778,camera,positive,0.648,amazing,lexicon
21469,109,934,51778,performance,positive,0.792,good,lexicon
21470,109,934,51778,price,positive,0.792,good,lexicon
21471,109,934,51780,battery,negative,0.95,amazing,lexicon
21472,109,934,51781,battery,neutral,0.55,,lexicon
21473,109,934,51781,display,neutral,0.55,,lexicon
21474,109,935,51784,display,neutral,0.55,,lexicon
21475,109,935,51785,camera,positive,0.77,nice,lexicon
21476,109,935,51785,display,positive,0.77,nice,lexicon
21477,109,935,51785,performance,positive,0.882,nice,lexicon
21478,109,935,51785,design,positive,0.77,nice,lexicon
21479,109,935,51786,camera,positive,0.95,vibrant,lexicon
21480,109,935,51788,display,neutral,0.55,,lexicon
21481,109,935,51789,display,neutral,0.55,,lexicon
21482,109,935,51791,camera,positive,0.883,snappy,lexicon
21483,109,935,51791,performance,positive,0.883,snappy,lexicon
21484,109,935,51797,camera,positive,0.95,responsive,lexicon
21485,109,935,51797,performance,positive,0.95,responsive,lexicon
21486,109,935,51802,display,neutral,0.55,,lexicon
21487,109,935,51809,battery,neutral,0.55,,lexicon
21488,109,935,51810,battery,neutral,0.55,,lexicon
21489,109,935,51812,battery,neutral,0.55,,lexicon
21490,109,935,51813,battery,positive,0.703,fine,lexicon
21491,109,935,51813,camera,positive,0.703,fine,lexicon
21492,109,935,51813,display,positive,0.703,fine,lexicon
21493,110,1025,51814,camera,neutral,0.55,,lexicon
21494,110,1025,51815,camera,positive,0.905,fantastic,lexicon
21495,110,1025,51817,design,positive,0.725,like,lexicon
21496,110,1025,51821,display,neutral,0.55,,lexicon
21497,110,1025,51822,price,positive,0.927,superb,lexicon
21498,110,1025,51824,performance,positive,0.725,like,lexicon
21499,110,1025,51827,price,neutral,0.55,,lexicon
21500,110,1025,51829,display,neutral,0.55,,lexicon
21501,110,1025,51830,performance,neutral,0.55,,lexicon
21502,110,1025,51831,display,neutral,0.55,,lexicon
21503,110,1025,51832,battery,neutral,0.55,,lexicon
21504,110,1025,51832,display,neutral,0.55,,lexicon
21505,110,1025,51833,display,neutral,0.55,,lexicon
21506,110,1025,51834,camera,neutral,0.55,,lexicon
21507,110,1025,51834,design,neutral,0.55,,lexicon
21508,110,1025,51835,camera,negative,0.86,slow,lexicon
21509,110,1025,51835,performance,negative,0.86,slow,lexicon
21510,110,1025,51836,camera,neutral,0.55,,lexicon
21511,110,1025,51837,camera,positive,0.815,quick,lexicon
21512,110,1025,51837,display,positive,0.815,quick,lexicon
21513,110,1025,51838,camera,negative,0.86,slow,lexicon
21514,110,1025,51838,performance,negative,0.86,slow,lexicon
21515,110,1025,51839,camera,positive,0.815,quick,lexicon
21516,110,1025,51839,display,positive,0.815,quick,lexicon
21517,110,1025,51840,camera,neutral,0.55,,lexicon
21518,110,1025,51842,battery,positive,0.838,recommend,lexicon
21519,110,1026,51843,price,positive,0.927,outstanding,lexicon
21520,110,1026,51846,price,positive,0.927,perfect,lexicon
21521,110,1026,51847,performance,neutral,0.354,fast,lexicon
21522,110,1026,51848,camera,positive,0.86,great,lexicon
21523,110,1026,51849,battery,neutral,0.55,,lexicon
21524,110,1026,51849,display,neutral,0.55,,lexicon
21525,110,1026,51849,design,neutral,0.55,,lexicon
21526,110,1027,51855,battery,neutral,0.55,,lexicon
21527,110,1027,51856,battery,neutral,0.55,,lexicon
21528,110,1027,51857,battery,positive,0.815,worth,lexicon
21529,110,1027,51862,camera,positive,0.748,better,lexicon
21530,110,1027,51862,display,positive,0.883,love,lexicon
21531,110,1027,51862,performance,positive,0.898,faster,lexicon
21532,110,1027,51865,camera,positive,0.95,superb,lexicon
21533,110,1027,51866,camera,positive,0.86,great,lexicon
21534,110,1027,51867,camera,neutral,0.55,,lexicon
21535,110,1027,51868,camera,positive,0.725,decent,lexicon
21536,110,1027,51869,camera,positive,0.725,like,lexicon
21537,110,1027,51870,camera,neutral,0.55,,lexicon
21538,110,1027,51871,battery,positive,0.86,great,lexicon
21539,110,1027,51871,camera,neutral,0.55,,lexicon
21540,110,1027,51874,price,positive,0.77,nice,lexicon
21541,110,1027,51876,price,neutral,0.55,,lexicon
21542,110,1027,51884,camera,positive,0.905,best,lexicon
21543,110,1027,51887,camera,negative,0.95,pathetic,lexicon
21544,110,1027,51888,camera,neutral,0.55,,lexicon
21545,110,1028,51899,camera,negative,0.927,terrible,lexicon
21546,110,1028,51902,price,neutral,0.55,,lexicon
21547,110,1028,51903,price,neutral,0.55,,lexicon
21548,110,1028,51906,display,positive,0.792,bright,lexicon
21549,110,1028,51907,camera,negative,0.883,disappointment,lexicon
21550,110,1028,51908,camera,neutral,0.55,,lexicon
21551,110,1028,51909,camera,positive,0.748,better,lexicon
21552,110,1028,51912,camera,neutral,0.55,,lexicon
21553,110,1028,51914,price,positive,0.68,cheap,lexicon
21554,110,1029,51920,camera,neutral,0.55,,lexicon
21555,110,1029,51920,performance,neutral,0.55,,lexicon
21556,110,1029,51930,price,positive,0.95,best,lexicon
21557,110,1029,51937,battery,neutral,0.55,,lexicon
21558,110,1029,51939,display,neutral,0.55,,lexicon
21559,110,1029,51941,camera,neutral,0.55,,lexicon
21560,110,1029,51942,camera,positive,0.792,good,lexicon
21561,110,1029,51943,display,positive,0.95,crisp,lexicon
21562,110,1029,51944,camera,positive,0.748,better,lexicon
21563,110,1029,51944,price,negative,0.815,expensive,lexicon
21564,110,1029,51952,display,neutral,0.55,,lexicon
21565,110,1030,51960,price,positive,0.95,affordable,lexicon
21566,110,1030,51962,design,positive,0.95,love,lexicon
21567,110,1030,51963,display,positive,0.95,excellent,lexicon
21568,110,1030,51964,display,positive,0.95,good,lexicon
21569,110,1030,51967,price,positive,0.95,great,lexicon
21570,110,1031,51977,battery,positive,0.792,good,lexicon
21571,110,1031,51979,battery,neutral,0.55,,lexicon
21572,110,1031,51979,design,neutral,0.55,,lexicon
21573,110,1031,51982,performance,neutral,0.55,,lexicon
21574,110,1031,51984,battery,positive,0.77,nice,lexicon
21575,110,1031,51986,battery,negative,0.77,problem,lexicon
21576,110,1031,51987,battery,positive,0.86,durable,lexicon
21577,110,1031,51996,display,positive,0.95,clear,lexicon
21578,110,1031,51997,display,positive,0.88,good,lexicon
21579,110,1031,51998,display,neutral,0.511,dim,lexicon
21580,110,1031,51999,camera,positive,0.792,good,lexicon
21581,110,1031,52001,camera,positive,0.749,good,lexicon
21582,110,1031,52002,camera,neutral,0.55,,lexicon
21583,110,1031,52004,display,neutral,0.55,,lexicon
21584,110,1031,52005,camera,positive,0.834,better,lexicon
21585,110,1031,52006,camera,neutral,0.55,,lexicon
21586,110,1031,52007,camera,negative,0.883,blurry,lexicon
21587,110,1031,52008,camera,neutral,0.55,,lexicon
21588,110,1031,52010,camera,neutral,0.55,,lexicon
21589,110,1032,52019,price,positive,0.95,awesome,lexicon
21590,110,1032,52022,camera,negative,0.838,bad,lexicon
21591,110,1032,52022,price,negative,0.838,bad,lexicon
21592,110,1032,52026,camera,positive,0.725,like,lexicon
21593,110,1032,52027,battery,positive,0.86,fast,lexicon
21594,110,1032,52027,performance,positive,0.86,fast,lexicon
21595,110,1034,52034,price,positive,0.86,great,lexicon
21596,110,1034,52035,battery,positive,0.945,great,lexicon
21597,110,1034,52035,camera,positive,0.792,good,lexicon
21598,110,1034,52035,display,positive,0.945,great,lexicon
21599,110,1034,52036,design,positive,0.901,nice,lexicon
21600,110,1036,52037,price,positive,0.86,great,lexicon
21601,110,1036,52038,price,positive,0.927,amazing,lexicon
21602,110,1038,52041,battery,positive,0.86,fast,lexicon
21603,110,1038,52041,performance,positive,0.86,fast,lexicon
21604,110,1038,52042,camera,positive,0.648,amazing,lexicon
21605,110,1038,52042,performance,positive,0.792,good,lexicon
21606,110,1038,52042,price,positive,0.792,good,lexicon
21607,110,1038,52044,battery,negative,0.95,amazing,lexicon
21608,110,1038,52045,battery,neutral,0.55,,lexicon
21609,110,1038,52045,display,neutral,0.55,,lexicon
21610,110,1039,52048,display,neutral,0.55,,lexicon
21611,110,1039,52049,camera,positive,0.77,nice,lexicon
21612,110,1039,52049,display,positive,0.77,nice,lexicon
21613,110,1039,52049,performance,positive,0.882,nice,lexicon
21614,110,1039,52049,design,positive,0.77,nice,lexicon
21615,110,1039,52050,camera,positive,0.95,vibrant,lexicon
21616,110,1039,52052,display,neutral,0.55,,lexicon
21617,110,1039,52053,display,neutral,0.55,,lexicon
21618,110,1039,52055,camera,positive,0.883,snappy,lexicon
21619,110,1039,52055,performance,positive,0.883,snappy,lexicon
21620,110,1039,52061,camera,positive,0.95,responsive,lexicon
21621,110,1039,52061,performance,positive,0.95,responsive,lexicon
21622,110,1039,52066,display,neutral,0.55,,lexicon
21623,110,1039,52073,battery,neutral,0.55,,lexicon
21624,110,1039,52074,battery,neutral,0.55,,lexicon
21625,110,1039,52076,battery,neutral,0.55,,lexicon
21626,110,1039,52077,battery,positive,0.703,fine,lexicon
21627,110,1039,52077,camera,positive,0.703,fine,lexicon
21628,110,1039,52077,display,positive,0.703,fine,lexicon
21629,110,1040,52078,camera,neutral,0.55,poor,lexicon
21630,110,1040,52079,battery,positive,0.927,perfect,lexicon
21631,110,1040,52084,battery,positive,0.815,all day,lexicon
21632,110,1040,52084,display,positive,0.815,all day,lexicon
21633,110,1040,52085,display,positive,0.815,all day,lexicon
21634,110,1040,52086,camera,neutral,0.55,,lexicon
21635,110,1040,52087,price,negative,0.905,not worth,lexicon
21636,110,1040,52088,camera,neutral,0.55,,lexicon
21637,110,1040,52089,camera,neutral,0.55,,lexicon
21638,110,1040,52090,camera,neutral,0.55,,lexicon
21639,110,1040,52091,camera,neutral,0.55,,lexicon
21640,110,1040,52094,battery,positive,0.86,fast,lexicon
21641,110,1040,52094,display,positive,0.95,great,lexicon
21642,110,1040,52094,performance,positive,0.95,responsive,lexicon
21643,110,1040,52096,price,neutral,0.55,,lexicon
21644,110,1040,52097,camera,neutral,0.55,,lexicon
21645,110,1040,52098,camera,neutral,0.55,,lexicon
21646,110,1040,52099,camera,negative,0.883,regret,lexicon
21647,110,1040,52100,camera,negative,0.838,bad,lexicon
21648,110,1040,52100,price,negative,0.838,bad,lexicon
21649,110,1040,52102,camera,neutral,0.55,,lexicon
21650,110,1040,52102,price,neutral,0.55,,lexicon
21651,110,1041,52103,performance,positive,0.95,responsive,lexicon
21652,110,1042,52107,battery,positive,0.77,nice,lexicon
21653,110,1042,52107,camera,positive,0.77,nice,lexicon
21654,110,1042,52113,camera,neutral,0.55,,lexicon
21655,110,1042,52114,camera,neutral,0.55,,lexicon
21656,110,1042,52115,camera,positive,0.797,better,lexicon
21657,110,1042,52115,performance,positive,0.797,better,lexicon
21658,110,1042,52117,design,neutral,0.55,,lexicon
21659,110,1042,52121,display,neutral,0.55,,lexicon
21660,110,1042,52123,battery,neutral,0.55,,lexicon
21661,110,1042,52126,display,positive,0.851,nice,lexicon
21662,110,1042,52127,performance,neutral,0.55,,lexicon
21663,110,1042,52128,design,neutral,0.55,,lexicon
21664,110,1042,52130,camera,positive,0.95,excellent,lexicon
21665,110,1042,52130,display,positive,0.914,good,lexicon
21666,110,1042,52130,performance,positive,0.95,excellent,lexicon
21667,110,1043,52133,camera,negative,0.752,terrible,lexicon
21668,110,1043,52135,camera,positive,0.826,defective,lexicon
21669,110,1044,52137,battery,positive,0.95,love,lexicon
21670,110,1044,52137,display,positive,0.95,amazing,lexicon
21671,110,1044,52137,performance,positive,0.95,perfect,lexicon
21672,110,1044,52138,display,positive,0.95,great,lexicon
21673,110,1044,52139,camera,positive,0.95,crisp,lexicon
21674,110,1044,52139,design,positive,0.95,amazing,lexicon
21675,110,1044,52140,price,positive,0.95,pleased,lexicon
21676,110,1046,52141,design,positive,0.792,good,lexicon
21677,110,1046,52151,camera,neutral,0.55,,lexicon
21678,110,1046,52152,camera,negative,0.768,disappointed,lexicon
21679,110,1046,52153,camera,neutral,0.55,,lexicon
21680,110,1046,52155,battery,neutral,0.55,,lexicon
21681,110,1046,52156,battery,neutral,0.55,,lexicon
21682,110,1046,52158,camera,neutral,0.55,,lexicon
21683,110,1046,52160,camera,neutral,0.55,,lexicon
21684,110,1046,52161,camera,positive,0.95,fast,lexicon
21685,110,1046,52161,performance,positive,0.95,fast,lexicon
21686,110,1046,52162,camera,neutral,0.55,,lexicon
21687,110,1046,52163,camera,positive,0.95,good,lexicon
21688,110,1046,52166,display,positive,0.95,sharp,lexicon
21689,110,1046,52169,design,positive,0.792,good,lexicon
21690,110,1046,52170,battery,negative,0.86,slow,lexicon
21691,110,1046,52170,performance,negative,0.86,slow,lexicon
21692,110,1046,52171,battery,neutral,0.55,,lexicon
21693,110,1046,52172,battery,negative,0.86,slow,lexicon
21694,110,1046,52172,performance,negative,0.86,slow,lexicon
21695,110,1046,52173,battery,negative,0.86,slow,lexicon
21696,110,1046,52173,performance,negative,0.86,slow,lexicon
21697,110,1046,52175,camera,neutral,0.55,,lexicon
21698,110,1046,52177,camera,positive,0.895,good,lexicon
21699,110,1046,52178,display,neutral,0.55,,lexicon
21700,110,1046,52179,camera,neutral,0.55,,lexicon
21701,110,1046,52180,camera,positive,0.927,perfect,lexicon
21702,110,1047,52182,display,positive,0.792,good,lexicon
21703,110,1047,52185,battery,positive,0.883,long lasting,lexicon
21704,110,1047,52186,camera,positive,0.792,good,lexicon
21705,110,1047,52188,display,neutral,0.55,,lexicon
21706,110,1047,52189,display,positive,0.875,disappointing,lexicon
21707,110,1047,52190,display,positive,0.838,recommend,lexicon
21708,110,1048,52196,design,neutral,0.55,,lexicon
21709,110,1048,52197,camera,positive,0.95,vivid,lexicon
21710,110,1048,52197,display,positive,0.95,responsive,lexicon
21711,110,1048,52197,performance,positive,0.95,responsive,lexicon
21712,110,1048,52199,price,negative,0.657,average,lexicon
21713,110,1048,52200,price,neutral,0.55,,lexicon
21714,110,1048,52201,display,positive,0.725,like,lexicon
21715,110,1048,52205,price,neutral,0.55,,lexicon
21716,110,1049,52207,price,neutral,0.55,,lexicon
21717,110,1049,52212,price,neutral,0.55,,lexicon
21718,110,1049,52213,camera,positive,0.86,great,lexicon
21719,110,1049,52213,performance,positive,0.95,fast,lexicon
21720,110,1049,52215,price,negative,0.815,expensive,lexicon
21721,110,1049,52217,performance,positive,0.95,great,lexicon
21722,111,689,52218,camera,neutral,0.55,,lexicon
21723,111,689,52221,camera,positive,0.905,incredible,lexicon
21724,111,689,52221,display,positive,0.905,incredible,lexicon
21725,111,689,52223,camera,neutral,0.55,,lexicon
21726,111,689,52225,camera,neutral,0.55,,lexicon
21727,111,689,52228,camera,positive,0.95,clear,lexicon
21728,111,689,52228,display,positive,0.95,clear,lexicon
21729,111,689,52229,camera,neutral,0.55,,lexicon
21730,111,689,52230,camera,positive,0.86,crisp,lexicon
21731,111,689,52232,camera,positive,0.927,perfect,lexicon
21732,111,689,52233,camera,positive,0.85,nice,lexicon
21733,111,689,52234,camera,neutral,0.55,,lexicon
21734,111,689,52236,battery,neutral,0.55,,lexicon
21735,111,689,52238,display,positive,0.95,stunning,lexicon
21736,111,689,52238,performance,positive,0.95,stunning,lexicon
21737,111,689,52239,display,positive,0.86,vibrant,lexicon
21738,111,689,52239,design,positive,0.95,vibrant,lexicon
21739,111,689,52240,performance,neutral,0.55,,lexicon
21740,111,689,52241,display,neutral,0.55,,lexicon
21741,111,689,52242,performance,positive,0.95,buttery,lexicon
21742,111,689,52243,display,positive,0.792,bright,lexicon
21743,111,689,52244,design,positive,0.815,premium,lexicon
21744,111,689,52245,camera,neutral,0.55,,lexicon
21745,111,689,52246,display,neutral,0.55,,lexicon
21746,111,689,52247,display,negative,0.86,slow,lexicon
21747,111,689,52247,performance,negative,0.86,slow,lexicon
21748,111,689,52247,price,negative,0.86,slow,lexicon
21749,111,689,52249,camera,neutral,0.55,,lexicon
21750,111,689,52251,camera,positive,0.725,like,lexicon
21751,111,689,52252,camera,positive,0.86,powerful,lexicon
21752,111,689,52256,performance,positive,0.86,fast,lexicon
21753,111,689,52258,camera,neutral,0.55,,lexicon
21754,111,689,52259,camera,positive,0.905,best,lexicon
21755,111,689,52259,display,positive,0.905,best,lexicon
21756,111,689,52260,camera,positive,0.63,hate,lexicon
21757,111,689,52261,camera,positive,0.725,like,lexicon
21758,111,689,52261,price,positive,0.725,like,lexicon
21759,111,690,52264,camera,neutral,0.55,,lexicon
21760,111,690,52264,display,neutral,0.55,,lexicon
21761,111,690,52266,battery,positive,0.95,fast,lexicon
21762,111,690,52266,performance,positive,0.95,fast,lexicon
21763,111,690,52269,performance,positive,0.95,great,lexicon
21764,111,690,52270,camera,neutral,0.55,,lexicon
21765,111,690,52271,design,neutral,0.55,,lexicon
21766,111,690,52272,camera,negative,0.768,disappointing,lexicon
21767,111,690,52272,display,negative,0.768,disappointing,lexicon
21768,111,691,52277,camera,positive,0.725,decent,lexicon
21769,111,691,52277,display,positive,0.725,decent,lexicon
21770,111,691,52278,battery,negative,0.748,issue,lexicon
21771,111,691,52278,display,negative,0.748,issue,lexicon
21772,111,691,52279,battery,positive,0.592,fast,lexicon
21773,111,691,52279,performance,positive,0.592,fast,lexicon
21774,111,691,52280,battery,neutral,0.55,,lexicon
21775,111,691,52281,performance,negative,0.905,overheats,lexicon
21776,111,691,52283,display,neutral,0.55,,lexicon
21777,111,691,52284,display,positive,0.788,cracked,lexicon
21778,111,691,52285,display,negative,0.905,unusable,lexicon
21779,111,691,52286,price,neutral,0.55,,lexicon
21780,111,692,52289,camera,positive,0.95,awesome,lexicon
21781,111,692,52289,price,positive,0.95,awesome,lexicon
21782,111,692,52290,performance,positive,0.95,fast,lexicon
21783,111,692,52291,battery,positive,0.95,clear,lexicon
21784,111,692,52291,display,positive,0.95,clear,lexicon
21785,111,692,52291,performance,positive,0.95,clear,lexicon
21786,111,692,52291,design,positive,0.95,clear,lexicon
21787,111,692,52292,camera,positive,0.905,awesome,lexicon
21788,111,692,52293,price,positive,0.905,best,lexicon
21789,111,693,52296,battery,neutral,0.55,,lexicon
21790,111,693,52300,design,neutral,0.55,,lexicon
21791,111,693,52303,camera,positive,0.95,perfect,lexicon
21792,111,693,52304,battery,neutral,0.55,,lexicon
21793,111,693,52305,battery,neutral,0.55,,lexicon
21794,111,693,52306,display,neutral,0.55,,lexicon
21795,111,693,52307,display,neutral,0.55,,lexicon
21796,111,693,52307,design,neutral,0.55,,lexicon
21797,111,695,52316,performance,positive,0.95,excellent,lexicon
21798,111,695,52324,camera,positive,0.95,awesome,lexicon
21799,111,695,52325,camera,positive,0.86,great,lexicon
21800,111,695,52327,camera,neutral,0.55,,lexicon
21801,111,695,52330,battery,positive,0.927,excellent,lexicon
21802,111,695,52333,price,positive,0.68,cheap,lexicon
21803,111,695,52334,camera,neutral,0.55,,lexicon
21804,111,695,52335,battery,negative,0.77,complaint,lexicon
21805,111,695,52335,camera,negative,0.77,complaint,lexicon
21806,111,695,52336,battery,neutral,0.456,good,lexicon
21807,111,695,52336,price,positive,0.68,cheap,lexicon
21808,111,695,52337,camera,neutral,0.55,,lexicon
21809,111,696,52340,design,neutral,0.55,,lexicon
21810,111,698,52346,price,positive,0.86,great,lexicon
21811,111,698,52347,performance,positive,0.95,smooth,lexicon
21812,111,698,52349,design,positive,0.815,premium,lexicon
21813,111,698,52350,price,positive,0.95,happy,lexicon
21814,112,859,52354,camera,neutral,0.55,,lexicon
21815,112,859,52357,camera,positive,0.905,incredible,lexicon
21816,112,859,52357,display,positive,0.905,incredible,lexicon
21817,112,859,52359,camera,neutral,0.55,,lexicon
21818,112,859,52361,camera,neutral,0.55,,lexicon
21819,112,859,52364,camera,positive,0.95,clear,lexicon
21820,112,859,52364,display,positive,0.95,clear,lexicon
21821,112,859,52365,camera,neutral,0.55,,lexicon
21822,112,859,52366,camera,positive,0.86,crisp,lexicon
21823,112,859,52368,camera,positive,0.927,perfect,lexicon
21824,112,859,52369,camera,positive,0.85,nice,lexicon
21825,112,859,52370,camera,neutral,0.55,,lexicon
21826,112,859,52372,battery,neutral,0.55,,lexicon
21827,112,859,52374,display,positive,0.95,stunning,lexicon
21828,112,859,52374,performance,positive,0.95,stunning,lexicon
21829,112,859,52375,display,positive,0.86,vibrant,lexicon
21830,112,859,52375,design,positive,0.95,vibrant,lexicon
21831,112,859,52376,performance,neutral,0.55,,lexicon
21832,112,859,52377,display,neutral,0.55,,lexicon
21833,112,859,52378,performance,positive,0.95,buttery,lexicon
21834,112,859,52379,display,positive,0.792,bright,lexicon
21835,112,859,52380,design,positive,0.815,premium,lexicon
21836,112,859,52381,camera,neutral,0.55,,lexicon
21837,112,859,52382,display,neutral,0.55,,lexicon
21838,112,859,52383,display,negative,0.86,slow,lexicon
21839,112,859,52383,performance,negative,0.86,slow,lexicon
21840,112,859,52383,price,negative,0.86,slow,lexicon
21841,112,859,52385,camera,neutral,0.55,,lexicon
21842,112,859,52387,camera,positive,0.725,like,lexicon
21843,112,859,52388,camera,positive,0.86,powerful,lexicon
21844,112,859,52392,performance,positive,0.86,fast,lexicon
21845,112,859,52394,camera,neutral,0.55,,lexicon
21846,112,859,52395,camera,positive,0.905,best,lexicon
21847,112,859,52395,display,positive,0.905,best,lexicon
21848,112,859,52396,camera,positive,0.63,hate,lexicon
21849,112,859,52397,camera,positive,0.725,like,lexicon
21850,112,859,52397,price,positive,0.725,like,lexicon
21851,112,860,52400,camera,neutral,0.55,,lexicon
21852,112,860,52400,display,neutral,0.55,,lexicon
21853,112,860,52402,battery,positive,0.95,fast,lexicon
21854,112,860,52402,performance,positive,0.95,fast,lexicon
21855,112,860,52405,performance,positive,0.95,great,lexicon
21856,112,860,52406,camera,neutral,0.55,,lexicon
21857,112,860,52407,design,neutral,0.55,,lexicon
21858,112,860,52408,camera,negative,0.768,disappointing,lexicon
21859,112,860,52408,display,negative,0.768,disappointing,lexicon
21860,112,861,52413,camera,positive,0.725,decent,lexicon
21861,112,861,52413,display,positive,0.725,decent,lexicon
21862,112,861,52414,battery,negative,0.748,issue,lexicon
21863,112,861,52414,display,negative,0.748,issue,lexicon
21864,112,861,52415,battery,positive,0.592,fast,lexicon
21865,112,861,52415,performance,positive,0.592,fast,lexicon
21866,112,861,52416,battery,neutral,0.55,,lexicon
21867,112,861,52417,performance,negative,0.905,overheats,lexicon
21868,112,861,52419,display,neutral,0.55,,lexicon
21869,112,861,52420,display,positive,0.788,cracked,lexicon
21870,112,861,52421,display,negative,0.905,unusable,lexicon
21871,112,861,52422,price,neutral,0.55,,lexicon
21872,112,862,52425,camera,positive,0.95,awesome,lexicon
21873,112,862,52425,price,positive,0.95,awesome,lexicon
21874,112,862,52426,performance,positive,0.95,fast,lexicon
21875,112,862,52427,battery,positive,0.95,clear,lexicon
21876,112,862,52427,display,positive,0.95,clear,lexicon
21877,112,862,52427,performance,positive,0.95,clear,lexicon
21878,112,862,52427,design,positive,0.95,clear,lexicon
21879,112,862,52428,camera,positive,0.905,awesome,lexicon
21880,112,862,52429,price,positive,0.905,best,lexicon
21881,112,863,52432,battery,neutral,0.55,,lexicon
21882,112,863,52436,design,neutral,0.55,,lexicon
21883,112,863,52439,camera,positive,0.95,perfect,lexicon
21884,112,863,52440,battery,neutral,0.55,,lexicon
21885,112,863,52441,battery,neutral,0.55,,lexicon
21886,112,863,52442,display,neutral,0.55,,lexicon
21887,112,863,52443,display,neutral,0.55,,lexicon
21888,112,863,52443,design,neutral,0.55,,lexicon
21889,112,865,52452,performance,positive,0.95,excellent,lexicon
21890,112,865,52460,camera,positive,0.95,awesome,lexicon
21891,112,865,52461,camera,positive,0.86,great,lexicon
21892,112,865,52463,camera,neutral,0.55,,lexicon
21893,112,865,52466,battery,positive,0.927,excellent,lexicon
21894,112,865,52469,price,positive,0.68,cheap,lexicon
21895,112,865,52470,camera,neutral,0.55,,lexicon
21896,112,865,52471,battery,negative,0.77,complaint,lexicon
21897,112,865,52471,camera,negative,0.77,complaint,lexicon
21898,112,865,52472,battery,neutral,0.456,good,lexicon
21899,112,865,52472,price,positive,0.68,cheap,lexicon
21900,112,865,52473,camera,neutral,0.55,,lexicon
21901,112,866,52476,design,neutral,0.55,,lexicon
21902,112,868,52482,price,positive,0.86,great,lexicon
21903,112,868,52483,performance,positive,0.95,smooth,lexicon
21904,112,868,52485,design,positive,0.815,premium,lexicon
21905,112,868,52486,price,positive,0.95,happy,lexicon
21906,112,874,52494,performance,positive,0.883,smooth,lexicon
21907,112,874,52495,design,neutral,0.55,,lexicon
21908,112,874,52498,battery,negative,0.752,quick,lexicon
21909,112,875,52501,battery,neutral,0.55,,lexicon
21910,112,875,52501,design,neutral,0.55,,lexicon
21911,112,875,52502,design,positive,0.927,excellent,lexicon
21912,112,875,52504,display,positive,0.77,nice,lexicon
21913,112,875,52506,battery,neutral,0.55,,lexicon
21914,112,875,52507,battery,neutral,0.55,,lexicon
21915,112,875,52511,display,neutral,0.55,,lexicon
21916,112,876,52523,display,positive,0.927,excellent,lexicon
21917,112,876,52527,camera,neutral,0.55,,lexicon
21918,112,876,52530,display,positive,0.86,great,lexicon
21919,112,876,52531,price,positive,0.905,best,lexicon
21920,112,877,52535,battery,positive,0.95,great,lexicon
21921,112,878,52539,price,positive,0.703,fine,lexicon
21922,112,879,52545,display,negative,0.842,excellent,lexicon
21923,112,880,52547,battery,positive,0.86,great,lexicon
21924,112,880,52549,camera,negative,0.86,cracked,lexicon
21925,112,880,52551,battery,neutral,0.55,,lexicon
21926,112,880,52554,battery,positive,0.927,excellent,lexicon
21927,112,880,52554,display,positive,0.927,excellent,lexicon
21928,112,882,52555,battery,neutral,0.55,,lexicon
21929,112,883,52558,camera,neutral,0.393,excellent,lexicon
21930,112,883,52560,camera,negative,0.883,blurry,lexicon
21931,112,883,52561,camera,neutral,0.432,clear,lexicon
21932,113,3414,52565,design,positive,0.86,great,lexicon
21933,113,3414,52568,display,positive,0.932,durable,lexicon
21934,113,3414,52570,battery,positive,0.95,great,lexicon
21935,113,3414,52570,performance,positive,0.95,great,lexicon
21936,113,3415,52573,performance,positive,0.725,like,lexicon
21937,113,3415,52573,design,positive,0.725,like,lexicon
21938,113,3415,52573,price,positive,0.725,like,lexicon
21939,113,3415,52575,design,positive,0.815,premium,lexicon
21940,113,3415,52576,design,positive,0.725,like,lexicon
21941,113,3415,52577,design,positive,0.788,fragile,lexicon
21942,113,3415,52578,display,neutral,0.55,,lexicon
21943,113,3415,52578,design,neutral,0.55,,lexicon
21944,113,3415,52579,display,positive,0.86,beautiful,lexicon
21945,113,3415,52580,camera,positive,0.927,outstanding,lexicon
21946,113,3415,52580,display,positive,0.86,vibrant,lexicon
21947,113,3415,52580,performance,positive,0.927,outstanding,lexicon
21948,113,3415,52581,display,positive,0.95,buttery,lexicon
21949,113,3415,52581,performance,positive,0.95,buttery,lexicon
21950,113,3415,52581,design,positive,0.95,buttery,lexicon
21951,113,3415,52582,display,neutral,0.55,,lexicon
21952,113,3415,52583,display,negative,0.806,gorgeous,lexicon
21953,113,3415,52584,camera,neutral,0.55,,lexicon
21954,113,3415,52585,camera,positive,0.95,crisp,lexicon
21955,113,3415,52586,camera,neutral,0.55,,lexicon
21956,113,3415,52587,camera,positive,0.95,clear,lexicon
21957,113,3415,52587,performance,positive,0.95,clear,lexicon
21958,113,3415,52588,camera,positive,0.86,vibrant,lexicon
21959,113,3415,52588,display,positive,0.95,smooth,lexicon
21960,113,3415,52588,performance,positive,0.95,smooth,lexicon
21961,113,3415,52591,display,positive,0.927,flawless,lexicon
21962,113,3415,52591,performance,positive,0.927,flawless,lexicon
21963,113,3415,52591,design,positive,0.927,flawless,lexicon
21964,113,3415,52592,battery,neutral,0.55,,lexicon
21965,113,3415,52593,battery,neutral,0.55,,lexicon
21966,113,3415,52595,battery,positive,0.86,fast,lexicon
21967,113,3415,52595,performance,positive,0.86,fast,lexicon
21968,113,3415,52596,price,positive,0.927,excellent,lexicon
21969,113,3415,52597,price,positive,0.95,powerful,lexicon
21970,113,3415,52598,battery,positive,0.725,like,lexicon
21971,113,3415,52598,camera,positive,0.725,like,lexicon
21972,113,3415,52598,display,positive,0.725,like,lexicon
21973,113,3415,52598,performance,positive,0.725,like,lexicon
21974,113,3415,52598,design,positive,0.725,like,lexicon
21975,113,3416,52604,display,neutral,0.55,,lexicon
21976,113,3416,52606,display,neutral,0.55,,lexicon
21977,113,3416,52608,design,positive,0.752,expensive,lexicon
21978,113,3416,52608,price,positive,0.752,expensive,lexicon
21979,113,3416,52615,design,neutral,0.55,,lexicon
21980,113,3417,52620,battery,neutral,0.55,,lexicon
21981,113,3417,52622,battery,neutral,0.55,,lexicon
21982,113,3417,52623,battery,neutral,0.55,,lexicon
21983,113,3418,52624,battery,positive,0.95,perfect,lexicon
21984,113,3418,52626,design,neutral,0.55,,lexicon
21985,113,3418,52627,battery,neutral,0.55,,lexicon
21986,113,3418,52627,display,neutral,0.55,,lexicon
21987,113,3418,52631,price,positive,0.927,amazing,lexicon
21988,113,3419,52634,battery,neutral,0.55,,lexicon
21989,113,3419,52635,display,neutral,0.55,,lexicon
21990,113,3419,52638,camera,positive,0.883,love,lexicon
21991,113,3419,52648,price,negative,0.878,expensive,lexicon
21992,113,3419,52650,battery,neutral,0.55,,lexicon
21993,113,3419,52651,battery,neutral,0.55,,lexicon
21994,113,3419,52653,battery,negative,0.788,great,lexicon
21995,113,3419,52657,display,neutral,0.55,,lexicon
21996,113,3419,52658,display,neutral,0.55,,lexicon
21997,113,3419,52659,display,neutral,0.55,,lexicon
21998,113,3419,52660,display,neutral,0.55,,lexicon
21999,113,3419,52661,display,neutral,0.55,,lexicon
22000,113,3419,52662,battery,positive,0.86,great,lexicon
22001,113,3419,52664,battery,neutral,0.55,,lexicon
22002,113,3419,52665,battery,neutral,0.55,,lexicon
22003,113,3419,52669,battery,neutral,0.55,,lexicon
22004,113,3419,52669,display,neutral,0.55,,lexicon
22005,113,3420,52681,display,positive,0.815,clear,lexicon
22006,113,3420,52685,performance,positive,0.883,smooth,lexicon
22007,113,3420,52686,performance,positive,0.95,fast,lexicon
22008,113,3420,52687,performance,positive,0.95,responsive,lexicon
22009,113,3420,52688,battery,positive,0.927,excellent,lexicon
22010,113,3420,52689,battery,positive,0.698,issues,lexicon
22011,113,3420,52689,design,positive,0.77,lasts,lexicon
22012,113,3420,52690,performance,neutral,0.55,,lexicon
22013,113,3420,52691,camera,neutral,0.55,,lexicon
22014,113,3420,52692,camera,positive,0.95,vibrant,lexicon
22015,113,3420,52692,performance,positive,0.95,impressive,lexicon
22016,113,3420,52693,camera,positive,0.883,smooth,lexicon
22017,113,3420,52693,performance,positive,0.883,smooth,lexicon
22018,113,3420,52694,camera,positive,0.698,issues,lexicon
22019,113,3420,52694,performance,positive,0.698,issues,lexicon
22020,113,3420,52697,performance,positive,0.95,fast,lexicon
22021,113,3420,52698,price,neutral,0.55,,lexicon
22022,113,3420,52699,design,positive,0.882,premium,lexicon
22023,113,3420,52699,price,positive,0.748,better,lexicon
22024,113,3420,52702,design,neutral,0.55,,lexicon
22025,113,3420,52703,price,positive,0.815,worth,lexicon
22026,113,3421,52708,battery,positive,0.93,faster,lexicon
22027,113,3424,52716,battery,neutral,0.55,,lexicon
22028,113,3426,52719,battery,positive,0.95,perfect,lexicon
22029,113,3427,52720,camera,negative,0.905,unusable,lexicon
22030,113,3427,52722,battery,neutral,0.55,,lexicon
22031,113,3427,52727,battery,neutral,0.55,,lexicon
22032,113,3427,52729,price,neutral,0.55,,lexicon
22033,113,3428,52732,display,positive,0.927,excellent,lexicon
22034,113,3428,52733,display,neutral,0.55,,lexicon
22035,113,3428,52736,camera,neutral,0.55,,lexicon
22036,114,26,52739,price,positive,0.815,worth,lexicon
22037,114,26,52741,price,positive,0.909,worth,lexicon
22038,114,26,52745,price,positive,0.95,excellent,lexicon
22039,114,26,52746,battery,neutral,0.55,,lexicon
22040,114,27,52748,battery,neutral,0.55,,lexicon
22041,114,27,52751,battery,neutral,0.55,,lexicon
22042,114,28,52765,display,neutral,0.55,,lexicon
22043,114,29,52770,price,positive,0.883,love,lexicon
22044,114,30,52776,performance,negative,0.95,overheating,lexicon
22045,114,30,52778,price,positive,0.815,worth,lexicon
22046,114,30,52784,price,positive,0.815,worth,lexicon
22047,114,32,52791,battery,positive,0.95,love,lexicon
22048,114,32,52793,performance,positive,0.91,smooth,lexicon
22049,114,35,52814,battery,neutral,0.55,,lexicon
22050,115,79,52816,price,positive,0.815,worth,lexicon
22051,115,79,52818,price,positive,0.909,worth,lexicon
22052,115,79,52822,price,positive,0.95,excellent,lexicon
22053,115,79,52823,battery,neutral,0.55,,lexicon
22054,115,80,52825,battery,neutral,0.55,,lexicon
22055,115,80,52828,battery,neutral,0.55,,lexicon
22056,115,81,52842,display,neutral,0.55,,lexicon
22057,115,82,52851,performance,negative,0.95,overheating,lexicon
22058,115,82,52853,price,positive,0.815,worth,lexicon
22059,115,82,52859,price,positive,0.815,worth,lexicon
22060,115,83,52862,price,positive,0.883,love,lexicon
22061,115,85,52864,price,positive,0.95,great,lexicon
22062,115,85,52866,price,positive,0.95,awesome,lexicon
22063,115,85,52869,battery,positive,0.883,smooth,lexicon
22064,115,85,52869,performance,positive,0.883,smooth,lexicon
22065,115,88,52893,battery,neutral,0.55,,lexicon
22066,115,93,52895,price,positive,0.905,awesome,lexicon
22067,115,93,52897,battery,positive,0.698,issue,lexicon
22068,115,93,52898,battery,neutral,0.55,,lexicon
22069,115,93,52899,battery,neutral,0.55,,lexicon
22070,115,93,52899,camera,neutral,0.55,,lexicon
22071,115,93,52899,display,neutral,0.55,,lexicon
22072,115,93,52900,price,positive,0.905,awesome,lexicon
22073,115,93,52903,battery,positive,0.838,happy,lexicon
22074,115,93,52905,battery,neutral,0.55,,lexicon
22075,115,93,52905,camera,neutral,0.55,,lexicon
22076,116,2110,52907,price,positive,0.95,great,lexicon
22077,116,2110,52909,price,positive,0.95,awesome,lexicon
22078,116,2110,52912,battery,positive,0.883,smooth,lexicon
22079,116,2110,52912,performance,positive,0.883,smooth,lexicon
22080,116,2112,52916,price,positive,0.905,awesome,lexicon
22081,116,2112,52918,battery,positive,0.698,issue,lexicon
22082,116,2112,52919,battery,neutral,0.55,,lexicon
22083,116,2112,52920,battery,neutral,0.55,,lexicon
22084,116,2112,52920,camera,neutral,0.55,,lexicon
22085,116,2112,52920,display,neutral,0.55,,lexicon
22086,116,2112,52921,price,positive,0.905,awesome,lexicon
22087,116,2112,52924,battery,positive,0.838,happy,lexicon
22088,116,2112,52926,battery,neutral,0.55,,lexicon
22089,116,2112,52926,camera,neutral,0.55,,lexicon
22090,117,3339,52928,price,positive,0.815,worth,lexicon
22091,117,3339,52930,price,positive,0.909,worth,lexicon
22092,117,3339,52934,price,positive,0.95,excellent,lexicon
22093,117,3339,52935,battery,neutral,0.55,,lexicon
22094,117,3340,52937,battery,neutral,0.55,,lexicon
22095,117,3340,52940,battery,neutral,0.55,,lexicon
22096,117,3341,52954,display,neutral,0.55,,lexicon
22097,117,3342,52963,performance,negative,0.95,overheating,lexicon
22098,117,3342,52965,price,positive,0.815,worth,lexicon
22099,117,3342,52971,price,positive,0.815,worth,lexicon
22100,117,3343,52974,price,positive,0.883,love,lexicon
22101,117,3345,52976,price,positive,0.95,great,lexicon
22102,117,3345,52978,price,positive,0.95,awesome,lexicon
22103,117,3345,52981,battery,positive,0.883,smooth,lexicon
22104,117,3345,52981,performance,positive,0.883,smooth,lexicon
22105,117,3348,53005,battery,neutral,0.55,,lexicon
22106,117,3353,53007,price,positive,0.905,awesome,lexicon
22107,117,3353,53009,battery,positive,0.698,issue,lexicon
22108,117,3353,53010,battery,neutral,0.55,,lexicon
22109,117,3353,53011,battery,neutral,0.55,,lexicon
22110,117,3353,53011,camera,neutral,0.55,,lexicon
22111,117,3353,53011,display,neutral,0.55,,lexicon
22112,117,3353,53012,price,positive,0.905,awesome,lexicon
22113,117,3353,53015,battery,positive,0.838,happy,lexicon
22114,117,3353,53017,battery,neutral,0.55,,lexicon
22115,117,3353,53017,camera,neutral,0.55,,lexicon
22116,117,3355,53024,battery,positive,0.95,love,lexicon
22117,117,3355,53026,performance,positive,0.91,smooth,lexicon
22118,117,3357,53027,price,positive,0.656,worth,lexicon
22119,117,3358,53030,battery,neutral,0.55,,lexicon
22120,117,3358,53032,camera,positive,0.748,better,lexicon
22121,117,3358,53037,battery,neutral,0.55,,lexicon
22122,117,3358,53038,battery,neutral,0.55,,lexicon
22123,117,3358,53039,price,positive,0.792,good,lexicon
22124,117,3359,53043,camera,positive,0.93,awesome,lexicon
22125,117,3359,53045,battery,positive,0.809,amazing,lexicon
22126,117,3359,53045,performance,neutral,0.361,slow,lexicon
22127,117,3359,53046,price,positive,0.77,bad,lexicon
22128,117,3359,53047,design,positive,0.703,fine,lexicon
22129,117,3359,53049,battery,neutral,0.55,,lexicon
22130,117,3359,53054,display,negative,0.748,issue,lexicon
22131,117,3359,53055,display,neutral,0.55,,lexicon
22132,117,3360,53058,battery,neutral,0.55,,lexicon
22133,117,3360,53058,camera,neutral,0.55,,lexicon
22134,117,3360,53059,camera,neutral,0.55,,lexicon
22135,117,3362,53064,battery,neutral,0.55,,lexicon
22136,117,3362,53064,price,neutral,0.55,,lexicon
22137,117,3362,53070,display,neutral,0.55,,lexicon
22138,117,3362,53071,display,neutral,0.55,,lexicon
22139,117,3362,53072,price,positive,0.88,good,lexicon
22140,117,3363,53075,display,negative,0.815,subpar,lexicon
22141,117,3363,53076,battery,neutral,0.55,,lexicon
22142,117,3363,53077,display,positive,0.698,issues,lexicon
22143,117,3363,53080,display,neutral,0.55,,lexicon
22144,118,3517,53082,price,positive,0.815,worth,lexicon
22145,118,3517,53084,price,positive,0.909,worth,lexicon
22146,118,3517,53088,price,positive,0.95,excellent,lexicon
22147,118,3517,53089,battery,neutral,0.55,,lexicon
22148,118,3518,53091,battery,neutral,0.55,,lexicon
22149,118,3518,53094,battery,neutral,0.55,,lexicon
22150,118,3519,53108,display,neutral,0.55,,lexicon
22151,118,3520,53117,performance,negative,0.95,overheating,lexicon
22152,118,3520,53119,price,positive,0.815,worth,lexicon
22153,118,3520,53125,price,positive,0.815,worth,lexicon
22154,118,3521,53128,price,positive,0.883,love,lexicon
22155,118,3523,53130,price,positive,0.95,great,lexicon
22156,118,3523,53132,price,positive,0.95,awesome,lexicon
22157,118,3523,53135,battery,positive,0.883,smooth,lexicon
22158,118,3523,53135,performance,positive,0.883,smooth,lexicon
22159,118,3526,53159,battery,neutral,0.55,,lexicon
22160,118,3531,53161,price,positive,0.905,awesome,lexicon
22161,118,3531,53163,battery,positive,0.698,issue,lexicon
22162,118,3531,53164,battery,neutral,0.55,,lexicon
22163,118,3531,53165,battery,neutral,0.55,,lexicon
22164,118,3531,53165,camera,neutral,0.55,,lexicon
22165,118,3531,53165,display,neutral,0.55,,lexicon
22166,118,3531,53166,price,positive,0.905,awesome,lexicon
22167,118,3531,53169,battery,positive,0.838,happy,lexicon
22168,118,3531,53171,battery,neutral,0.55,,lexicon
22169,118,3531,53171,camera,neutral,0.55,,lexicon
22170,118,3533,53178,battery,positive,0.95,love,lexicon
22171,118,3533,53180,performance,positive,0.91,smooth,lexicon
22172,118,3535,53181,price,positive,0.656,worth,lexicon
22173,118,3536,53184,battery,neutral,0.55,,lexicon
22174,118,3536,53186,camera,positive,0.748,better,lexicon
22175,118,3536,53191,battery,neutral,0.55,,lexicon
22176,118,3536,53192,battery,neutral,0.55,,lexicon
22177,118,3536,53193,price,positive,0.792,good,lexicon
22178,118,3537,53197,camera,positive,0.93,awesome,lexicon
22179,118,3537,53199,battery,positive,0.809,amazing,lexicon
22180,118,3537,53199,performance,neutral,0.361,slow,lexicon
22181,118,3537,53200,price,positive,0.77,bad,lexicon
22182,118,3537,53201,design,positive,0.703,fine,lexicon
22183,118,3537,53203,battery,neutral,0.55,,lexicon
22184,118,3537,53208,display,negative,0.748,issue,lexicon
22185,118,3537,53209,display,neutral,0.55,,lexicon
22186,118,3538,53212,battery,neutral,0.55,,lexicon
22187,118,3538,53212,camera,neutral,0.55,,lexicon
22188,118,3538,53213,camera,neutral,0.55,,lexicon
22189,118,3540,53218,battery,neutral,0.55,,lexicon
22190,118,3540,53218,price,neutral,0.55,,lexicon
22191,118,3540,53224,display,neutral,0.55,,lexicon
22192,118,3540,53225,display,neutral,0.55,,lexicon
22193,118,3540,53226,price,positive,0.88,good,lexicon
22194,118,3541,53229,display,negative,0.815,subpar,lexicon
22195,118,3541,53230,battery,neutral,0.55,,lexicon
22196,118,3541,53231,display,positive,0.698,issues,lexicon
22197,118,3541,53234,display,neutral,0.55,,lexicon
22198,119,3842,53236,price,positive,0.815,worth,lexicon
22199,119,3842,53238,price,positive,0.909,worth,lexicon
22200,119,3842,53242,price,positive,0.95,excellent,lexicon
22201,119,3842,53243,battery,neutral,0.55,,lexicon
22202,119,3843,53245,battery,neutral,0.55,,lexicon
22203,119,3843,53248,battery,neutral,0.55,,lexicon
22204,119,3844,53262,display,neutral,0.55,,lexicon
22205,119,3845,53271,performance,negative,0.95,overheating,lexicon
22206,119,3845,53273,price,positive,0.815,worth,lexicon
22207,119,3845,53279,price,positive,0.815,worth,lexicon
22208,119,3846,53282,price,positive,0.883,love,lexicon
22209,119,3848,53284,price,positive,0.95,great,lexicon
22210,119,3848,53286,price,positive,0.95,awesome,lexicon
22211,119,3848,53289,battery,positive,0.883,smooth,lexicon
22212,119,3848,53289,performance,positive,0.883,smooth,lexicon
22213,119,3851,53313,battery,neutral,0.55,,lexicon
22214,119,3856,53315,price,positive,0.905,awesome,lexicon
22215,119,3856,53317,battery,positive,0.698,issue,lexicon
22216,119,3856,53318,battery,neutral,0.55,,lexicon
22217,119,3856,53319,battery,neutral,0.55,,lexicon
22218,119,3856,53319,camera,neutral,0.55,,lexicon
22219,119,3856,53319,display,neutral,0.55,,lexicon
22220,119,3856,53320,price,positive,0.905,awesome,lexicon
22221,119,3856,53323,battery,positive,0.838,happy,lexicon
22222,119,3856,53325,battery,neutral,0.55,,lexicon
22223,119,3856,53325,camera,neutral,0.55,,lexicon
22224,119,3858,53332,battery,positive,0.95,love,lexicon
22225,119,3858,53334,performance,positive,0.91,smooth,lexicon
22226,119,3860,53335,price,positive,0.656,worth,lexicon
22227,119,3861,53338,battery,neutral,0.55,,lexicon
22228,119,3861,53340,camera,positive,0.748,better,lexicon
22229,119,3861,53345,battery,neutral,0.55,,lexicon
22230,119,3861,53346,battery,neutral,0.55,,lexicon
22231,119,3861,53347,price,positive,0.792,good,lexicon
22232,119,3862,53351,camera,positive,0.93,awesome,lexicon
22233,119,3862,53353,battery,positive,0.809,amazing,lexicon
22234,119,3862,53353,performance,neutral,0.361,slow,lexicon
22235,119,3862,53354,price,positive,0.77,bad,lexicon
22236,119,3862,53355,design,positive,0.703,fine,lexicon
22237,119,3862,53357,battery,neutral,0.55,,lexicon
22238,119,3862,53362,display,negative,0.748,issue,lexicon
22239,119,3862,53363,display,neutral,0.55,,lexicon
22240,119,3863,53366,battery,neutral,0.55,,lexicon
22241,119,3863,53366,camera,neutral,0.55,,lexicon
22242,119,3863,53367,camera,neutral,0.55,,lexicon
22243,119,3865,53372,battery,neutral,0.55,,lexicon
22244,119,3865,53372,price,neutral,0.55,,lexicon
22245,119,3865,53378,display,neutral,0.55,,lexicon
22246,119,3865,53379,display,neutral,0.55,,lexicon
22247,119,3865,53380,price,positive,0.88,good,lexicon
22248,119,3866,53383,display,negative,0.815,subpar,lexicon
22249,119,3866,53384,battery,neutral,0.55,,lexicon
22250,119,3866,53385,display,positive,0.698,issues,lexicon
22251,119,3866,53388,display,neutral,0.55,,lexicon
22252,120,2602,53390,battery,positive,0.95,excellent,lexicon
22253,120,2603,53394,battery,positive,0.792,good,lexicon
22254,120,2603,53396,price,positive,0.792,good,lexicon
22255,120,2604,53397,price,positive,0.815,worth,lexicon
22256,120,2604,53403,display,neutral,0.55,,lexicon
22257,120,2604,53410,price,positive,0.725,cheap,lexicon
22258,120,2604,53412,battery,neutral,0.55,,lexicon
22259,120,2604,53414,battery,positive,0.914,all day,lexicon
22260,120,2604,53415,camera,positive,0.927,perfect,lexicon
22261,120,2604,53415,display,positive,0.927,perfect,lexicon
22262,120,2604,53418,camera,neutral,0.55,,lexicon
22263,120,2605,53423,camera,neutral,0.55,,lexicon
22264,120,2605,53426,camera,positive,0.927,perfect,lexicon
22265,120,2606,53427,battery,positive,0.95,excellent,lexicon
22266,120,2606,53428,camera,positive,0.838,affordable,lexicon
22267,120,2606,53428,price,positive,0.838,affordable,lexicon
22268,120,2606,53432,design,positive,0.815,clear,lexicon
22269,120,2606,53438,battery,neutral,0.55,,lexicon
22270,120,2606,53440,battery,neutral,0.55,,lexicon
22271,120,2606,53441,battery,neutral,0.55,,lexicon
22272,120,2606,53443,price,neutral,0.55,,lexicon
22273,120,2606,53446,battery,positive,0.77,lasts,lexicon
22274,120,2607,53454,design,positive,0.927,excellent,lexicon
22275,120,2607,53457,performance,neutral,0.55,,lexicon
22276,120,2607,53459,battery,positive,0.698,issues,lexicon
22277,120,2607,53461,price,neutral,0.55,,lexicon
22278,120,2607,53463,price,neutral,0.55,,lexicon
22279,120,2608,53467,display,positive,0.927,perfect,lexicon
22280,120,2608,53468,display,neutral,0.55,,lexicon
22281,120,2608,53469,battery,positive,0.77,lasts,lexicon
22282,120,2608,53470,design,positive,0.95,recommend,lexicon
22283,120,2608,53471,camera,positive,0.883,impressive,lexicon
22284,120,2608,53472,price,neutral,0.55,,lexicon
22285,120,2609,53476,battery,positive,0.591,good,lexicon
22286,120,2610,53477,battery,positive,0.927,perfect,lexicon
22287,120,2613,53481,battery,positive,0.907,great,lexicon
22288,120,2615,53485,battery,positive,0.815,premium,lexicon
22289,120,2615,53485,price,positive,0.815,premium,lexicon
22290,120,2615,53486,design,positive,0.725,like,lexicon
22291,120,2616,53489,battery,positive,0.95,great,lexicon
22292,120,2616,53495,price,negative,0.905,overpriced,lexicon
22293,120,2616,53497,battery,positive,0.815,premium,lexicon
22294,120,2616,53499,battery,neutral,0.55,,lexicon
22295,121,3667,53502,battery,positive,0.95,excellent,lexicon
22296,121,3668,53506,battery,positive,0.792,good,lexicon
22297,121,3668,53508,price,positive,0.792,good,lexicon
22298,121,3669,53509,price,positive,0.815,worth,lexicon
22299,121,3669,53515,display,neutral,0.55,,lexicon
22300,121,3669,53522,price,positive,0.725,cheap,lexicon
22301,121,3669,53524,battery,neutral,0.55,,lexicon
22302,121,3669,53526,battery,positive,0.914,all day,lexicon
22303,121,3669,53527,camera,positive,0.927,perfect,lexicon
22304,121,3669,53527,display,positive,0.927,perfect,lexicon
22305,121,3669,53530,camera,neutral,0.55,,lexicon
22306,121,3670,53535,camera,neutral,0.55,,lexicon
22307,121,3670,53538,camera,positive,0.927,perfect,lexicon
22308,121,3671,53539,battery,positive,0.95,excellent,lexicon
22309,121,3671,53540,camera,positive,0.838,affordable,lexicon
22310,121,3671,53540,price,positive,0.838,affordable,lexicon
22311,121,3671,53544,design,positive,0.815,clear,lexicon
22312,121,3671,53550,battery,neutral,0.55,,lexicon
22313,121,3671,53552,battery,neutral,0.55,,lexicon
22314,121,3671,53553,battery,neutral,0.55,,lexicon
22315,121,3671,53555,price,neutral,0.55,,lexicon
22316,121,3671,53558,battery,positive,0.77,lasts,lexicon
22317,121,3672,53566,design,positive,0.927,excellent,lexicon
22318,121,3672,53569,performance,neutral,0.55,,lexicon
22319,121,3672,53571,battery,positive,0.698,issues,lexicon
22320,121,3672,53573,price,neutral,0.55,,lexicon
22321,121,3672,53575,price,neutral,0.55,,lexicon
22322,121,3673,53579,display,positive,0.927,perfect,lexicon
22323,121,3673,53580,display,neutral,0.55,,lexicon
22324,121,3673,53581,battery,positive,0.77,lasts,lexicon
22325,121,3673,53582,design,positive,0.95,recommend,lexicon
22326,121,3673,53583,camera,positive,0.883,impressive,lexicon
22327,121,3673,53584,price,neutral,0.55,,lexicon
22328,121,3674,53588,battery,positive,0.591,good,lexicon
22329,121,3675,53589,battery,positive,0.927,perfect,lexicon
22330,121,3678,53593,battery,positive,0.907,great,lexicon
22331,121,3680,53597,battery,positive,0.815,premium,lexicon
22332,121,3680,53597,price,positive,0.815,premium,lexicon
22333,121,3680,53598,design,positive,0.725,like,lexicon
22334,121,3681,53601,battery,positive,0.95,great,lexicon
22335,121,3681,53607,price,negative,0.905,overpriced,lexicon
22336,121,3681,53609,battery,positive,0.815,premium,lexicon
22337,121,3681,53611,battery,neutral,0.55,,lexicon
22338,121,3682,53617,battery,positive,0.86,great,lexicon
22339,121,3683,53622,battery,neutral,0.55,,lexicon
22340,121,3683,53623,price,positive,0.815,premium,lexicon
22341,121,3683,53624,display,neutral,0.55,,lexicon
22342,121,3683,53624,camera,neutral,0.55,,lexicon
22343,121,3683,53626,price,positive,0.748,better,lexicon
22344,121,3684,53635,battery,positive,0.815,premium,lexicon
22345,121,3685,53639,battery,neutral,0.55,,lexicon
22346,121,3687,53643,price,positive,0.914,good,lexicon
22347,121,3688,53645,design,positive,0.86,great,lexicon
22348,121,3688,53645,battery,neutral,0.55,,lexicon
22349,121,3688,53646,battery,positive,0.815,premium,lexicon
22350,121,3688,53649,design,neutral,0.55,,lexicon
22351,121,3688,53649,battery,neutral,0.55,,lexicon
22352,121,3688,53651,price,positive,0.866,premium,lexicon
22353,121,3690,53656,battery,positive,0.95,excellent,lexicon
22354,121,3690,53658,performance,positive,0.925,satisfied,lexicon
22355,121,3691,53664,display,positive,0.792,good,lexicon
22356,121,3691,53666,display,neutral,0.55,,lexicon
22357,122,1203,53667,performance,positive,0.95,great,lexicon
22358,122,1203,53667,price,positive,0.95,great,lexicon
22359,122,1203,53668,display,positive,0.95,responsive,lexicon
22360,122,1203,53668,performance,positive,0.95,responsive,lexicon
22361,122,1203,53671,battery,positive,0.86,great,lexicon
22362,122,1203,53674,performance,positive,0.95,smooth,lexicon
22363,122,1203,53675,camera,neutral,0.55,,lexicon
22364,122,1203,53676,camera,neutral,0.55,,lexicon
22365,122,1204,53679,price,positive,0.883,value for money,lexicon
22366,122,1205,53685,performance,positive,0.95,fast,lexicon
22367,122,1205,53687,design,positive,0.895,good,lexicon
22368,122,1205,53688,camera,positive,0.95,nice,lexicon
22369,122,1205,53689,performance,positive,0.95,responsive,lexicon
22370,122,1205,53690,display,neutral,0.55,,lexicon
22371,122,1206,53691,performance,positive,0.927,amazing,lexicon
22372,122,1207,53692,camera,positive,0.927,excellent,lexicon
22373,122,1207,53694,performance,positive,0.883,smooth,lexicon
22374,122,1207,53696,performance,negative,0.86,stutters,lexicon
22375,122,1207,53697,battery,positive,0.896,great,lexicon
22376,122,1207,53698,display,neutral,0.55,,lexicon
22377,122,1207,53698,design,neutral,0.55,,lexicon
22378,122,1207,53699,display,neutral,0.55,,lexicon
22379,122,1207,53700,design,positive,0.925,premium,lexicon
22380,122,1207,53702,display,positive,0.914,great,lexicon
22381,122,1207,53703,camera,negative,0.734,good,lexicon
22382,122,1207,53704,camera,positive,0.86,great,lexicon
22383,122,1207,53707,price,neutral,0.409,expensive,lexicon
22384,122,1207,53709,camera,neutral,0.55,,lexicon
22385,122,1207,53710,camera,neutral,0.55,,lexicon
22386,122,1207,53711,display,neutral,0.55,,lexicon
22387,122,1207,53711,price,neutral,0.393,expensive,lexicon
22388,122,1207,53712,camera,negative,0.657,average,lexicon
22389,122,1207,53714,camera,positive,0.838,recommend,lexicon
22390,122,1207,53715,camera,positive,0.748,better,lexicon
22391,122,1207,53716,camera,positive,0.748,better,lexicon
22392,122,1207,53717,camera,negative,0.86,poor,lexicon
22393,122,1207,53718,camera,negative,0.838,bad,lexicon
22394,122,1207,53719,camera,negative,0.838,bad,lexicon
22395,122,1207,53722,performance,negative,0.867,smooth,lexicon
22396,122,1207,53724,performance,positive,0.883,smooth,lexicon
22397,122,1207,53726,camera,positive,0.792,good,lexicon
22398,122,1208,53727,battery,positive,0.95,smooth,lexicon
22399,122,1208,53727,performance,positive,0.95,smooth,lexicon
22400,122,1208,53727,camera,neutral,0.55,,lexicon
22401,122,1208,53729,battery,positive,0.792,good,lexicon
22402,122,1208,53729,performance,positive,0.95,smooth,lexicon
22403,122,1208,53731,battery,positive,0.914,faster,lexicon
22404,122,1208,53731,performance,positive,0.914,faster,lexicon
22405,122,1208,53732,display,positive,0.792,bright,lexicon
22406,122,1208,53732,design,positive,0.792,bright,lexicon
22407,122,1208,53733,camera,negative,0.77,complaint,lexicon
22408,122,1208,53734,camera,negative,0.837,smooth,lexicon
22409,122,1208,53734,performance,negative,0.837,smooth,lexicon
22410,122,1208,53734,design,negative,0.837,smooth,lexicon
22411,123,526,53738,performance,positive,0.95,fast,lexicon
22412,123,527,53740,price,positive,0.86,great,lexicon
22413,123,527,53746,battery,positive,0.95,snappy,lexicon
22414,123,527,53746,display,positive,0.95,snappy,lexicon
22415,123,527,53746,performance,positive,0.95,snappy,lexicon
22416,123,528,53756,display,neutral,0.55,,lexicon
22417,123,528,53757,display,neutral,0.55,,lexicon
22418,123,528,53758,camera,negative,0.748,issue,lexicon
22419,123,528,53760,display,neutral,0.55,,lexicon
22420,123,528,53763,battery,negative,0.914,bad,lexicon
22421,123,528,53766,battery,negative,0.905,overheating,lexicon
22422,123,528,53766,performance,negative,0.905,overheating,lexicon
22423,123,528,53768,camera,neutral,0.55,,lexicon
22424,123,530,53771,battery,negative,0.816,good,lexicon
22425,123,530,53772,battery,negative,0.92,drains,lexicon
22426,123,531,53774,battery,neutral,0.55,,lexicon
22427,123,531,53775,battery,neutral,0.416,bright,lexicon
22428,123,531,53775,display,neutral,0.416,bright,lexicon
22429,123,531,53775,performance,neutral,0.416,bright,lexicon
22430,123,532,53779,price,positive,0.86,great,lexicon
22431,123,532,53781,performance,positive,0.95,amazing,lexicon
22432,123,532,53782,camera,positive,0.905,awesome,lexicon
22433,123,532,53783,battery,positive,0.95,fast,lexicon
22434,123,532,53783,performance,positive,0.95,fast,lexicon
22435,123,532,53783,design,positive,0.95,fast,lexicon
22436,123,532,53786,price,positive,0.95,great,lexicon
22437,123,533,53794,battery,negative,0.927,horrible,lexicon
22438,123,533,53797,battery,neutral,0.55,,lexicon
22439,123,533,53798,battery,neutral,0.55,,lexicon
22440,123,533,53798,display,neutral,0.55,,lexicon
22441,123,533,53806,price,neutral,0.55,,lexicon
22442,123,533,53810,price,negative,0.77,happy,lexicon
22443,124,511,53815,battery,positive,0.927,perfect,lexicon
22444,124,511,53815,display,positive,0.927,perfect,lexicon
22445,124,511,53816,display,positive,0.77,nice,lexicon
22446,124,511,53817,battery,neutral,0.55,,lexicon
22447,124,511,53817,performance,neutral,0.55,,lexicon
22448,124,511,53818,price,positive,0.792,good,lexicon
22449,124,512,53829,camera,neutral,0.55,,lexicon
22450,124,512,53830,camera,positive,0.95,amazing,lexicon
22451,124,512,53831,camera,positive,0.725,like,lexicon
22452,124,512,53831,display,positive,0.725,like,lexicon
22453,124,512,53836,display,neutral,0.55,,lexicon
22454,124,512,53839,display,neutral,0.55,,lexicon
22455,124,512,53850,battery,positive,0.95,fast,lexicon
22456,124,512,53850,performance,positive,0.95,fast,lexicon
22457,124,512,53852,battery,positive,0.86,fast,lexicon
22458,124,512,53852,performance,positive,0.86,fast,lexicon
22459,124,512,53854,battery,positive,0.86,fast,lexicon
22460,124,512,53854,performance,positive,0.86,fast,lexicon
22461,124,512,53859,price,neutral,0.55,,lexicon
22462,124,512,53860,camera,neutral,0.55,,lexicon
22463,124,512,53861,camera,neutral,0.55,,lexicon
22464,124,512,53864,price,positive,0.68,cheap,lexicon
22465,124,512,53866,design,neutral,0.55,,lexicon
22466,124,512,53867,design,neutral,0.55,,lexicon
22467,124,512,53871,battery,neutral,0.55,,lexicon
22468,124,512,53882,battery,positive,0.725,like,lexicon
22469,124,512,53883,battery,neutral,0.55,,lexicon
22470,124,512,53884,battery,neutral,0.55,,lexicon
22471,124,513,53893,battery,neutral,0.55,,lexicon
22472,124,513,53894,battery,neutral,0.55,,lexicon
22473,124,513,53895,battery,positive,0.799,like,lexicon
22474,124,514,53909,battery,negative,0.838,bad,lexicon
22475,124,514,53916,battery,neutral,0.55,,lexicon
22476,124,514,53917,display,positive,0.927,perfect,lexicon
22477,124,514,53920,battery,neutral,0.55,,lexicon
22478,124,514,53921,battery,neutral,0.55,,lexicon
22479,124,514,53924,design,positive,0.905,best,lexicon
22480,124,514,53925,price,positive,0.95,great,lexicon
22481,124,515,53932,battery,neutral,0.55,,lexicon
22482,124,515,53934,battery,positive,0.927,flawless,lexicon
22483,124,515,53935,display,neutral,0.55,,lexicon
22484,124,515,53941,performance,positive,0.95,responsive,lexicon
22485,124,515,53942,battery,positive,0.88,good,lexicon
22486,124,515,53945,price,positive,0.941,worth,lexicon
22487,124,516,53946,price,positive,0.927,amazing,lexicon
22488,124,516,53949,price,neutral,0.55,,lexicon
22489,124,516,53961,camera,neutral,0.55,,lexicon
22490,124,516,53972,performance,positive,0.95,responsive,lexicon
22491,124,517,53978,display,neutral,0.55,,lexicon
22492,124,517,53979,battery,positive,0.725,like,lexicon
22493,124,517,53980,display,neutral,0.55,,lexicon
22494,124,517,53982,battery,neutral,0.55,,lexicon
22495,124,517,53986,camera,positive,0.792,good,lexicon
22496,124,517,53988,display,negative,0.883,broken,lexicon
22497,124,517,53990,camera,neutral,0.55,,lexicon
22498,124,518,53997,battery,positive,0.86,fast,lexicon
22499,124,518,53997,performance,positive,0.86,fast,lexicon
22500,124,519,54004,battery,positive,0.725,like,lexicon
22501,124,519,54004,display,positive,0.725,like,lexicon
22502,124,519,54004,design,positive,0.725,like,lexicon
22503,124,521,54007,battery,positive,0.95,great,lexicon
22504,124,521,54007,camera,positive,0.95,great,lexicon
22505,124,525,54009,performance,positive,0.86,fast,lexicon
22506,124,525,54011,display,positive,0.927,excellent,lexicon
22507,125,554,54013,battery,positive,0.927,perfect,lexicon
22508,125,554,54013,display,positive,0.927,perfect,lexicon
22509,125,554,54014,display,positive,0.77,nice,lexicon
22510,125,554,54015,battery,neutral,0.55,,lexicon
22511,125,554,54015,performance,neutral,0.55,,lexicon
22512,125,554,54016,price,positive,0.792,good,lexicon
22513,125,555,54027,camera,neutral,0.55,,lexicon
22514,125,555,54028,camera,positive,0.95,amazing,lexicon
22515,125,555,54029,camera,positive,0.725,like,lexicon
22516,125,555,54029,display,positive,0.725,like,lexicon
22517,125,555,54034,display,neutral,0.55,,lexicon
22518,125,555,54037,display,neutral,0.55,,lexicon
22519,125,555,54048,battery,positive,0.95,fast,lexicon
22520,125,555,54048,performance,positive,0.95,fast,lexicon
22521,125,555,54050,battery,positive,0.86,fast,lexicon
22522,125,555,54050,performance,positive,0.86,fast,lexicon
22523,125,555,54052,battery,positive,0.86,fast,lexicon
22524,125,555,54052,performance,positive,0.86,fast,lexicon
22525,125,555,54057,price,neutral,0.55,,lexicon
22526,125,555,54058,camera,neutral,0.55,,lexicon
22527,125,555,54059,camera,neutral,0.55,,lexicon
22528,125,555,54062,price,positive,0.68,cheap,lexicon
22529,125,555,54064,design,neutral,0.55,,lexicon
22530,125,555,54065,design,neutral,0.55,,lexicon
22531,125,555,54069,battery,neutral,0.55,,lexicon
22532,125,555,54080,battery,positive,0.725,like,lexicon
22533,125,555,54081,battery,neutral,0.55,,lexicon
22534,125,555,54082,battery,neutral,0.55,,lexicon
22535,125,556,54091,battery,neutral,0.55,,lexicon
22536,125,556,54092,battery,neutral,0.55,,lexicon
22537,125,556,54093,battery,positive,0.799,like,lexicon
22538,125,557,54107,battery,negative,0.838,bad,lexicon
22539,125,557,54114,battery,neutral,0.55,,lexicon
22540,125,557,54115,display,positive,0.927,perfect,lexicon
22541,125,557,54118,battery,neutral,0.55,,lexicon
22542,125,557,54119,battery,neutral,0.55,,lexicon
22543,125,557,54122,design,positive,0.905,best,lexicon
22544,125,557,54123,price,positive,0.95,great,lexicon
22545,125,558,54130,battery,neutral,0.55,,lexicon
22546,125,558,54132,battery,positive,0.927,flawless,lexicon
22547,125,558,54133,display,neutral,0.55,,lexicon
22548,125,558,54139,performance,positive,0.95,responsive,lexicon
22549,125,558,54140,battery,positive,0.88,good,lexicon
22550,125,558,54143,price,positive,0.941,worth,lexicon
22551,125,559,54144,price,positive,0.927,amazing,lexicon
22552,125,559,54147,price,neutral,0.55,,lexicon
22553,125,559,54159,camera,neutral,0.55,,lexicon
22554,125,559,54170,performance,positive,0.95,responsive,lexicon
22555,125,560,54176,display,neutral,0.55,,lexicon
22556,125,560,54177,battery,positive,0.725,like,lexicon
22557,125,560,54178,display,neutral,0.55,,lexicon
22558,125,560,54180,battery,neutral,0.55,,lexicon
22559,125,560,54184,camera,positive,0.792,good,lexicon
22560,125,560,54186,display,negative,0.883,broken,lexicon
22561,125,560,54188,camera,neutral,0.55,,lexicon
22562,125,561,54195,battery,positive,0.86,fast,lexicon
22563,125,561,54195,performance,positive,0.86,fast,lexicon
22564,125,562,54202,battery,positive,0.725,like,lexicon
22565,125,562,54202,display,positive,0.725,like,lexicon
22566,125,562,54202,design,positive,0.725,like,lexicon
22567,125,564,54205,battery,positive,0.95,great,lexicon
22568,125,564,54205,camera,positive,0.95,great,lexicon
22569,125,568,54207,performance,positive,0.86,fast,lexicon
22570,125,568,54209,display,positive,0.927,excellent,lexicon
22571,125,569,54211,battery,neutral,0.393,excellent,lexicon
22572,125,569,54212,battery,negative,0.838,bad,lexicon
22573,125,570,54222,price,positive,0.883,value for money,lexicon
22574,125,570,54224,price,positive,0.883,value for money,lexicon
22575,125,571,54226,design,neutral,0.55,,lexicon
22576,125,571,54228,camera,neutral,0.55,,lexicon
22577,125,571,54231,battery,neutral,0.55,,lexicon
22578,125,571,54232,battery,negative,0.788,fast,lexicon
22579,125,571,54232,performance,negative,0.788,fast,lexicon
22580,125,572,54237,performance,positive,0.86,great,lexicon
22581,125,572,54246,battery,neutral,0.55,,lexicon
22582,125,572,54249,camera,neutral,0.55,,lexicon
22583,125,573,54256,performance,neutral,0.55,,lexicon
22584,125,573,54257,design,positive,0.703,fine,lexicon
22585,125,573,54259,battery,neutral,0.55,,lexicon
22586,125,573,54260,battery,positive,0.725,like,lexicon
22587,125,573,54260,performance,positive,0.725,like,lexicon
22588,125,575,54273,display,neutral,0.55,,lexicon
22589,125,575,54274,design,positive,0.95,excellent,lexicon
22590,125,575,54275,display,neutral,0.55,,lexicon
22591,125,577,54280,price,positive,0.815,worth,lexicon
22592,125,577,54281,battery,positive,0.86,great,lexicon
22593,125,577,54283,battery,positive,0.914,good,lexicon
22594,125,577,54283,display,positive,0.914,good,lexicon
22595,125,577,54284,camera,positive,0.95,amazing,lexicon
22596,125,577,54285,camera,positive,0.95,smooth,lexicon
22597,125,577,54285,performance,positive,0.95,smooth,lexicon
22598,125,577,54287,price,positive,0.86,great,lexicon
22599,126,1088,54294,battery,neutral,0.55,,lexicon
22600,126,1088,54294,performance,neutral,0.55,,lexicon
22601,126,1088,54295,battery,negative,0.788,fast,lexicon
22602,126,1088,54295,performance,negative,0.788,fast,lexicon
22603,126,1088,54297,battery,positive,0.86,fast,lexicon
22604,126,1088,54297,performance,positive,0.86,fast,lexicon
22605,126,1088,54298,battery,neutral,0.55,,lexicon
22606,126,1088,54303,battery,neutral,0.55,,lexicon
22607,126,1088,54304,battery,positive,0.822,good,lexicon
22608,126,1088,54305,battery,negative,0.838,bad,lexicon
22609,126,1088,54307,battery,negative,0.788,fast,lexicon
22610,126,1088,54307,performance,negative,0.788,fast,lexicon
22611,126,1088,54309,battery,neutral,0.55,,lexicon
22612,126,1088,54312,battery,negative,0.788,fast,lexicon
22613,126,1088,54312,performance,negative,0.788,fast,lexicon
22614,126,1088,54315,battery,positive,0.77,solid,lexicon
22615,126,1088,54320,battery,neutral,0.55,,lexicon
22616,126,1088,54321,performance,neutral,0.55,,lexicon
22617,126,1088,54323,battery,positive,0.748,better,lexicon
22618,126,1088,54324,battery,neutral,0.55,,lexicon
22619,126,1088,54324,performance,neutral,0.55,,lexicon
22620,126,1088,54329,performance,neutral,0.55,,lexicon
22621,126,1088,54330,battery,neutral,0.55,,lexicon
22622,126,1088,54331,camera,positive,0.898,good,lexicon
22623,126,1088,54332,battery,positive,0.792,good,lexicon
22624,126,1088,54333,performance,neutral,0.55,,lexicon
22625,126,1088,54338,display,neutral,0.55,,lexicon
22626,126,1088,54340,display,neutral,0.55,,lexicon
22627,126,1089,54348,price,positive,0.905,best,lexicon
22628,126,1089,54350,price,positive,0.95,best,lexicon
22629,126,1089,54351,performance,positive,0.806,responsive,lexicon
22630,126,1089,54352,display,positive,0.792,good,lexicon
22631,126,1089,54352,design,positive,0.792,good,lexicon
22632,126,1089,54355,performance,positive,0.927,perfect,lexicon
22633,126,1090,54356,price,positive,0.95,best,lexicon
22634,126,1090,54360,battery,positive,0.945,powerful,lexicon
22635,126,1090,54361,performance,positive,0.86,responsive,lexicon
22636,126,1090,54362,camera,neutral,0.55,,lexicon
22637,126,1090,54365,price,neutral,0.511,fine,lexicon
22638,126,1090,54367,camera,positive,0.905,best,lexicon
22639,126,1090,54367,display,positive,0.905,best,lexicon
22640,126,1090,54368,price,positive,0.95,best,lexicon
22641,126,1091,54370,battery,neutral,0.55,,lexicon
22642,126,1091,54372,battery,positive,0.866,good,lexicon
22643,126,1091,54373,battery,neutral,0.55,,lexicon
22644,126,1091,54381,battery,neutral,0.55,,lexicon
22645,126,1091,54382,battery,neutral,0.55,,lexicon
22646,126,1091,54384,camera,positive,0.818,decent,lexicon
22647,126,1091,54388,battery,neutral,0.55,,lexicon
22648,126,1091,54391,price,neutral,0.55,,lexicon
22649,126,1091,54395,price,positive,0.905,best,lexicon
22650,126,1093,54406,price,positive,0.792,good,lexicon
22651,126,1093,54409,price,positive,0.95,amazing,lexicon
22652,126,1094,54413,display,neutral,0.55,,lexicon
22653,126,1094,54414,camera,neutral,0.55,,lexicon
22654,126,1094,54415,camera,positive,0.95,love,lexicon
22655,126,1094,54417,battery,negative,0.86,slow,lexicon
22656,126,1094,54417,performance,negative,0.86,slow,lexicon
22657,126,1094,54418,display,positive,0.895,good,lexicon
22658,126,1094,54419,display,neutral,0.55,,lexicon
22659,126,1095,54423,display,negative,0.883,shattered,lexicon
22660,126,1095,54432,performance,negative,0.883,freezes,lexicon
22661,126,1095,54435,display,negative,0.806,smooth,lexicon
22662,126,1095,54435,performance,negative,0.806,smooth,lexicon
22663,126,1095,54437,performance,positive,0.883,smooth,lexicon
22664,126,1095,54438,battery,neutral,0.55,,lexicon
22665,126,1095,54439,battery,neutral,0.55,,lexicon
22666,126,1095,54440,battery,neutral,0.55,,lexicon
22667,126,1095,54444,price,neutral,0.55,,lexicon
22668,126,1095,54445,price,positive,0.748,better,lexicon
22669,126,1096,54450,performance,neutral,0.55,,lexicon
22670,126,1096,54450,price,neutral,0.55,,lexicon
22671,126,1096,54455,camera,positive,0.86,great,lexicon
22672,126,1096,54456,camera,neutral,0.55,,lexicon
22673,126,1096,54457,battery,positive,0.725,like,lexicon
22674,126,1098,54462,battery,positive,0.748,better,lexicon
22675,126,1098,54463,battery,positive,0.588,drain,lexicon
22676,126,1098,54464,battery,neutral,0.55,,lexicon
22677,126,1098,54466,price,positive,0.895,good,lexicon
22678,126,1099,54469,performance,positive,0.905,fantastic,lexicon
22679,126,1099,54470,battery,positive,0.905,incredible,lexicon
22680,126,1099,54471,battery,neutral,0.55,,lexicon
22681,126,1099,54471,design,neutral,0.55,,lexicon
22682,126,1099,54473,performance,neutral,0.55,,lexicon
22683,126,1099,54474,camera,neutral,0.55,,lexicon
22684,126,1099,54474,performance,neutral,0.55,,lexicon
22685,126,1099,54475,performance,positive,0.86,fast,lexicon
22686,126,1099,54476,camera,positive,0.905,stunning,lexicon
22687,126,1099,54477,camera,positive,0.95,sharp,lexicon
22688,126,1099,54477,performance,positive,0.95,smooth,lexicon
22689,126,1099,54478,display,positive,0.86,vibrant,lexicon
22690,126,1099,54478,design,positive,0.86,vibrant,lexicon
22691,126,1099,54479,display,positive,0.927,perfect,lexicon
22692,126,1099,54479,performance,positive,0.927,perfect,lexicon
22693,126,1100,54485,display,neutral,0.55,,lexicon
22694,126,1100,54489,battery,positive,0.748,better,lexicon
22695,126,1100,54490,battery,negative,0.856,fantastic,lexicon
22696,126,1100,54492,price,positive,0.85,good,lexicon
22697,126,1100,54496,display,positive,0.806,broken,lexicon
22698,126,1100,54497,battery,neutral,0.55,,lexicon
22699,126,1100,54501,battery,neutral,0.55,,lexicon
22700,126,1100,54507,display,neutral,0.55,,lexicon
22701,126,1100,54510,battery,neutral,0.55,,lexicon
22702,126,1100,54511,camera,neutral,0.55,,lexicon
22703,126,1100,54515,display,positive,0.725,like,lexicon
22704,126,1100,54520,performance,neutral,0.55,,lexicon
22705,126,1100,54521,battery,positive,0.649,better,lexicon
22706,126,1100,54521,performance,negative,0.76,disappointing,lexicon
22707,126,1100,54522,battery,neutral,0.55,,lexicon
22708,126,1100,54523,performance,positive,0.815,faster,lexicon
22709,126,1100,54526,display,neutral,0.55,,lexicon
22710,126,1100,54528,battery,neutral,0.471,drains,lexicon
22711,126,1100,54530,battery,positive,0.748,better,lexicon
22712,126,1100,54532,performance,neutral,0.55,,lexicon
22713,126,1100,54533,price,positive,0.866,good,lexicon
22714,126,1100,54535,price,positive,0.68,cheap,lexicon
22715,126,1100,54540,camera,neutral,0.55,,lexicon
22716,126,1101,54543,performance,positive,0.95,smooth,lexicon
22717,126,1101,54544,performance,positive,0.95,flawless,lexicon
22718,126,1101,54545,battery,positive,0.77,solid,lexicon
22719,126,1101,54547,battery,positive,0.927,amazing,lexicon
22720,126,1101,54547,camera,positive,0.927,amazing,lexicon
22721,126,1103,54563,battery,positive,0.95,great,lexicon
22722,126,1104,54570,camera,positive,0.725,like,lexicon
22723,126,1104,54570,design,positive,0.802,like,lexicon
22724,126,1104,54573,battery,positive,0.923,love,lexicon
22725,126,1104,54573,performance,positive,0.923,love,lexicon
22726,126,1104,54573,price,positive,0.883,love,lexicon
22727,126,1104,54575,price,neutral,0.55,,lexicon
22728,126,1105,54578,price,positive,0.95,great,lexicon
22729,126,1106,54579,camera,positive,0.86,great,lexicon
22730,126,1108,54583,price,negative,0.698,better,lexicon
22731,126,1108,54587,performance,negative,0.815,expensive,lexicon
22732,126,1108,54587,design,negative,0.815,expensive,lexicon
22733,126,1108,54587,price,negative,0.815,expensive,lexicon
22734,126,1108,54588,display,positive,0.95,fast,lexicon
22735,126,1108,54588,performance,positive,0.95,fast,lexicon
22736,126,1108,54589,camera,positive,0.95,impressive,lexicon
22737,126,1108,54589,display,positive,0.95,impressive,lexicon
22738,126,1108,54592,display,positive,0.95,recommend,lexicon
22739,126,1111,54609,camera,neutral,0.55,,lexicon
22740,126,1111,54610,camera,neutral,0.55,,lexicon
22741,126,1111,54611,camera,positive,0.95,awesome,lexicon
22742,126,1111,54611,display,positive,0.95,awesome,lexicon
22743,126,1111,54612,camera,neutral,0.55,,lexicon
22744,126,1111,54613,camera,neutral,0.55,,lexicon
22745,126,1111,54615,camera,neutral,0.55,,lexicon
22746,126,1111,54618,camera,neutral,0.55,,lexicon
22747,126,1111,54619,camera,neutral,0.55,,lexicon
22748,126,1112,54621,price,neutral,0.55,,lexicon
22749,127,1760,54628,price,negative,0.815,expensive,lexicon
22750,127,1760,54632,price,positive,0.95,excellent,lexicon
22751,127,1760,54641,battery,neutral,0.55,,lexicon
22752,127,1760,54646,battery,positive,0.725,like,lexicon
22753,127,1760,54646,design,positive,0.914,beautiful,lexicon
22754,127,1761,54652,battery,positive,0.792,good,lexicon
22755,127,1761,54654,display,positive,0.927,perfect,lexicon
22756,127,1761,54656,design,positive,0.927,perfect,lexicon
22757,127,1762,54659,battery,neutral,0.55,,lexicon
22758,127,1763,54663,price,positive,0.95,great,lexicon
22759,127,1763,54667,price,neutral,0.55,,lexicon
22760,127,1763,54674,price,neutral,0.55,,lexicon
22761,127,1763,54675,price,neutral,0.55,,lexicon
22762,127,1764,54678,design,neutral,0.55,,lexicon
22763,127,1764,54679,battery,neutral,0.55,,lexicon
22764,127,1764,54682,design,neutral,0.55,,lexicon
22765,127,1765,54686,battery,positive,0.68,cheap,lexicon
22766,127,1765,54686,price,positive,0.68,cheap,lexicon
22767,127,1766,54690,battery,positive,0.716,problems,lexicon
22768,127,1766,54696,battery,neutral,0.55,,lexicon
22769,127,1766,54698,battery,positive,0.748,better,lexicon
22770,127,1767,54699,battery,positive,0.725,like,lexicon
22771,127,1767,54704,battery,positive,0.77,nice,lexicon
22772,127,1767,54705,battery,positive,0.792,good,lexicon
22773,127,1773,54708,price,positive,0.945,worth,lexicon
22774,127,1773,54710,battery,positive,0.945,reliable,lexicon
22775,127,1773,54714,battery,neutral,0.55,,lexicon
22776,127,1773,54715,battery,positive,0.792,good,lexicon
22777,127,1773,54715,display,positive,0.95,good,lexicon
22778,127,1773,54716,performance,positive,0.883,love,lexicon
22779,127,1773,54718,battery,positive,0.792,good,lexicon
22780,127,1773,54719,battery,neutral,0.55,,lexicon
22781,127,1773,54720,camera,negative,0.748,issue,lexicon
22782,127,1773,54721,battery,neutral,0.55,,lexicon
22783,127,1773,54722,battery,neutral,0.55,,lexicon
22784,127,1774,54726,battery,positive,0.895,good,lexicon
22785,127,1774,54736,price,positive,0.794,decent,lexicon
22786,127,1774,54738,price,neutral,0.55,,lexicon
22787,127,1774,54739,camera,neutral,0.55,,lexicon
22788,127,1774,54741,price,neutral,0.55,,lexicon
22789,127,1774,54743,price,neutral,0.55,,lexicon
22790,127,1774,54748,battery,positive,0.851,good,lexicon
22791,128,1406,54755,battery,positive,0.927,perfect,lexicon
22792,128,1406,54755,display,positive,0.927,perfect,lexicon
22793,128,1406,54758,design,neutral,0.55,,lexicon
22794,128,1407,54761,battery,positive,0.927,perfect,lexicon
22795,128,1407,54762,display,positive,0.698,issues,lexicon
22796,128,1408,54764,price,positive,0.95,great,lexicon
22797,128,1408,54765,battery,neutral,0.55,,lexicon
22798,128,1409,54770,battery,neutral,0.55,,lexicon
22799,128,1409,54773,price,positive,0.838,happy,lexicon
22800,128,1410,54774,battery,positive,0.725,like,lexicon
22801,128,1410,54774,display,positive,0.95,excellent,lexicon
22802,128,1411,54777,price,neutral,0.55,,lexicon
22803,128,1411,54778,design,positive,0.905,fantastic,lexicon
22804,128,1411,54779,battery,neutral,0.55,,lexicon
22805,128,1411,54780,camera,positive,0.95,great,lexicon
22806,128,1411,54780,display,positive,0.95,great,lexicon
22807,128,1411,54780,performance,positive,0.95,great,lexicon
22808,128,1411,54782,price,positive,0.95,budget friendly,lexicon
22809,128,1412,54783,battery,positive,0.927,flawless,lexicon
22810,128,1412,54783,display,positive,0.95,flawless,lexicon
22811,128,1412,54785,battery,positive,0.792,good,lexicon
22812,128,1412,54786,display,positive,0.927,flawless,lexicon
22813,128,1412,54787,price,positive,0.748,better,lexicon
22814,128,1413,54789,price,neutral,0.393,frustrating,lexicon
22815,128,1413,54791,price,positive,0.725,like,lexicon
22816,128,1413,54794,performance,positive,0.792,good,lexicon
22817,128,1413,54795,performance,positive,0.86,fast,lexicon
22818,128,1413,54796,battery,neutral,0.55,,lexicon
22819,128,1413,54797,display,positive,0.86,great,lexicon
22820,128,1413,54797,design,positive,0.86,great,lexicon
22821,128,1413,54798,camera,neutral,0.55,,lexicon
22822,128,1413,54799,camera,neutral,0.55,,lexicon
22823,128,1413,54800,camera,neutral,0.55,,lexicon
22824,128,1413,54800,price,neutral,0.55,,lexicon
22825,128,1413,54802,performance,positive,0.86,fast,lexicon
22826,128,1413,54802,design,positive,0.86,fast,lexicon
22827,128,1413,54803,battery,negative,0.86,slow,lexicon
22828,128,1413,54803,display,negative,0.86,slow,lexicon
22829,128,1413,54803,performance,negative,0.86,slow,lexicon
22830,128,1413,54803,design,negative,0.86,slow,lexicon
22831,128,1413,54808,price,negative,0.838,bad,lexicon
22832,128,1415,54810,price,positive,0.95,incredible,lexicon
22833,128,1415,54814,price,neutral,0.55,,lexicon
22834,128,1415,54815,battery,neutral,0.55,,lexicon
22835,128,1415,54818,display,neutral,0.55,,lexicon
22836,128,1417,54822,design,positive,0.725,like,lexicon
22837,128,1417,54824,battery,neutral,0.55,,lexicon
22838,128,1418,54828,battery,positive,0.725,like,lexicon
22839,128,1418,54828,display,positive,0.725,like,lexicon
22840,128,1418,54828,design,positive,0.725,like,lexicon
22841,128,1418,54831,performance,neutral,0.55,,lexicon
22842,128,1418,54832,battery,positive,0.95,great,lexicon
22843,128,1418,54832,performance,positive,0.95,great,lexicon
22844,128,1418,54833,camera,neutral,0.55,,lexicon
22845,128,1420,54837,camera,positive,0.818,like,lexicon
22846,128,1420,54840,display,neutral,0.55,,lexicon
22847,128,1420,54841,battery,neutral,0.55,,lexicon
22848,129,2057,54846,battery,positive,0.792,good,lexicon
22849,129,2057,54847,price,positive,0.895,good,lexicon
22850,129,2059,54855,battery,positive,0.77,solid,lexicon
22851,129,2059,54857,battery,neutral,0.55,,lexicon
22852,129,2060,54860,battery,positive,0.716,problems,lexicon
22853,129,2061,54861,display,neutral,0.55,,lexicon
22854,129,2061,54866,display,neutral,0.55,,lexicon
22855,129,2061,54867,display,neutral,0.55,,lexicon
22856,129,2061,54868,display,neutral,0.55,,lexicon
22857,129,2061,54869,display,neutral,0.55,,lexicon
22858,129,2061,54870,performance,positive,0.927,amazing,lexicon
22859,130,2617,54878,battery,positive,0.927,perfect,lexicon
22860,130,2617,54878,display,positive,0.927,perfect,lexicon
22861,130,2617,54881,design,neutral,0.55,,lexicon
22862,130,2618,54884,battery,positive,0.927,perfect,lexicon
22863,130,2618,54885,display,positive,0.698,issues,lexicon
22864,130,2619,54887,price,positive,0.95,great,lexicon
22865,130,2619,54888,battery,neutral,0.55,,lexicon
22866,130,2620,54893,battery,neutral,0.55,,lexicon
22867,130,2620,54896,price,positive,0.838,happy,lexicon
22868,130,2621,54897,battery,positive,0.725,like,lexicon
22869,130,2621,54897,display,positive,0.95,excellent,lexicon
22870,130,2622,54900,price,neutral,0.55,,lexicon
22871,130,2622,54901,design,positive,0.905,fantastic,lexicon
22872,130,2622,54902,battery,neutral,0.55,,lexicon
22873,130,2622,54903,camera,positive,0.95,great,lexicon
22874,130,2622,54903,display,positive,0.95,great,lexicon
22875,130,2622,54903,performance,positive,0.95,great,lexicon
22876,130,2622,54905,price,positive,0.95,budget friendly,lexicon
22877,130,2623,54906,battery,positive,0.927,flawless,lexicon
22878,130,2623,54906,display,positive,0.95,flawless,lexicon
22879,130,2623,54908,battery,positive,0.792,good,lexicon
22880,130,2623,54909,display,positive,0.927,flawless,lexicon
22881,130,2623,54910,price,positive,0.748,better,lexicon
22882,130,2624,54912,price,neutral,0.393,frustrating,lexicon
22883,130,2624,54914,price,positive,0.725,like,lexicon
22884,130,2624,54917,performance,positive,0.792,good,lexicon
22885,130,2624,54918,performance,positive,0.86,fast,lexicon
22886,130,2624,54919,battery,neutral,0.55,,lexicon
22887,130,2624,54920,display,positive,0.86,great,lexicon
22888,130,2624,54920,design,positive,0.86,great,lexicon
22889,130,2624,54921,camera,neutral,0.55,,lexicon
22890,130,2624,54922,camera,neutral,0.55,,lexicon
22891,130,2624,54923,camera,neutral,0.55,,lexicon
22892,130,2624,54923,price,neutral,0.55,,lexicon
22893,130,2624,54925,performance,positive,0.86,fast,lexicon
22894,130,2624,54925,design,positive,0.86,fast,lexicon
22895,130,2624,54926,battery,negative,0.86,slow,lexicon
22896,130,2624,54926,display,negative,0.86,slow,lexicon
22897,130,2624,54926,performance,negative,0.86,slow,lexicon
22898,130,2624,54926,design,negative,0.86,slow,lexicon
22899,130,2624,54931,price,negative,0.838,bad,lexicon
22900,130,2626,54933,price,positive,0.95,incredible,lexicon
22901,130,2626,54937,price,neutral,0.55,,lexicon
22902,130,2626,54938,battery,neutral,0.55,,lexicon
22903,130,2626,54941,display,neutral,0.55,,lexicon
22904,130,2628,54946,battery,positive,0.725,like,lexicon
22905,130,2628,54946,display,positive,0.725,like,lexicon
22906,130,2628,54946,design,positive,0.725,like,lexicon
22907,130,2628,54949,performance,neutral,0.55,,lexicon
22908,130,2628,54950,battery,positive,0.95,great,lexicon
22909,130,2628,54950,performance,positive,0.95,great,lexicon
22910,130,2628,54951,camera,neutral,0.55,,lexicon
22911,130,2631,54955,camera,positive,0.818,like,lexicon
22912,130,2631,54958,display,neutral,0.55,,lexicon
22913,130,2631,54959,battery,neutral,0.55,,lexicon
22914,130,2632,54964,battery,positive,0.792,good,lexicon
22915,130,2632,54965,price,positive,0.895,good,lexicon
22916,130,2634,54973,battery,positive,0.77,solid,lexicon
22917,130,2634,54975,battery,neutral,0.55,,lexicon
22918,130,2635,54978,battery,positive,0.716,problems,lexicon
22919,130,2636,54979,display,neutral,0.55,,lexicon
22920,130,2636,54984,display,neutral,0.55,,lexicon
22921,130,2636,54985,display,neutral,0.55,,lexicon
22922,130,2636,54986,display,neutral,0.55,,lexicon
22923,130,2636,54987,display,neutral,0.55,,lexicon
22924,130,2636,54988,performance,positive,0.927,amazing,lexicon
22925,130,2637,54990,battery,positive,0.725,like,lexicon
22926,130,2641,54993,battery,neutral,0.55,,lexicon
22927,131,3001,55001,battery,positive,0.927,perfect,lexicon
22928,131,3001,55001,display,positive,0.927,perfect,lexicon
22929,131,3001,55004,design,neutral,0.55,,lexicon
22930,131,3002,55007,battery,positive,0.927,perfect,lexicon
22931,131,3002,55008,display,positive,0.698,issues,lexicon
22932,131,3003,55010,price,positive,0.95,great,lexicon
22933,131,3003,55011,battery,neutral,0.55,,lexicon
22934,131,3004,55016,battery,neutral,0.55,,lexicon
22935,131,3004,55019,price,positive,0.838,happy,lexicon
22936,131,3005,55020,battery,positive,0.725,like,lexicon
22937,131,3005,55020,display,positive,0.95,excellent,lexicon
22938,131,3006,55023,price,neutral,0.55,,lexicon
22939,131,3006,55024,design,positive,0.905,fantastic,lexicon
22940,131,3006,55025,battery,neutral,0.55,,lexicon
22941,131,3006,55026,camera,positive,0.95,great,lexicon
22942,131,3006,55026,display,positive,0.95,great,lexicon
22943,131,3006,55026,performance,positive,0.95,great,lexicon
22944,131,3006,55028,price,positive,0.95,budget friendly,lexicon
22945,131,3007,55029,battery,positive,0.927,flawless,lexicon
22946,131,3007,55029,display,positive,0.95,flawless,lexicon
22947,131,3007,55031,battery,positive,0.792,good,lexicon
22948,131,3007,55032,display,positive,0.927,flawless,lexicon
22949,131,3007,55033,price,positive,0.748,better,lexicon
22950,131,3008,55035,price,neutral,0.393,frustrating,lexicon
22951,131,3008,55037,price,positive,0.725,like,lexicon
22952,131,3008,55040,performance,positive,0.792,good,lexicon
22953,131,3008,55041,performance,positive,0.86,fast,lexicon
22954,131,3008,55042,battery,neutral,0.55,,lexicon
22955,131,3008,55043,display,positive,0.86,great,lexicon
22956,131,3008,55043,design,positive,0.86,great,lexicon
22957,131,3008,55044,camera,neutral,0.55,,lexicon
22958,131,3008,55045,camera,neutral,0.55,,lexicon
22959,131,3008,55046,camera,neutral,0.55,,lexicon
22960,131,3008,55046,price,neutral,0.55,,lexicon
22961,131,3008,55048,performance,positive,0.86,fast,lexicon
22962,131,3008,55048,design,positive,0.86,fast,lexicon
22963,131,3008,55049,battery,negative,0.86,slow,lexicon
22964,131,3008,55049,display,negative,0.86,slow,lexicon
22965,131,3008,55049,performance,negative,0.86,slow,lexicon
22966,131,3008,55049,design,negative,0.86,slow,lexicon
22967,131,3008,55054,price,negative,0.838,bad,lexicon
22968,131,3010,55056,price,positive,0.95,incredible,lexicon
22969,131,3010,55060,price,neutral,0.55,,lexicon
22970,131,3010,55061,battery,neutral,0.55,,lexicon
22971,131,3010,55064,display,neutral,0.55,,lexicon
22972,131,3012,55069,battery,positive,0.725,like,lexicon
22973,131,3012,55069,display,positive,0.725,like,lexicon
22974,131,3012,55069,design,positive,0.725,like,lexicon
22975,131,3012,55072,performance,neutral,0.55,,lexicon
22976,131,3012,55073,battery,positive,0.95,great,lexicon
22977,131,3012,55073,performance,positive,0.95,great,lexicon
22978,131,3012,55074,camera,neutral,0.55,,lexicon
22979,131,3015,55078,camera,positive,0.818,like,lexicon
22980,131,3015,55081,display,neutral,0.55,,lexicon
22981,131,3015,55082,battery,neutral,0.55,,lexicon
22982,131,3016,55087,battery,positive,0.792,good,lexicon
22983,131,3016,55088,price,positive,0.895,good,lexicon
22984,131,3018,55096,battery,positive,0.77,solid,lexicon
22985,131,3018,55098,battery,neutral,0.55,,lexicon
22986,131,3019,55101,battery,positive,0.716,problems,lexicon
22987,131,3020,55102,display,neutral,0.55,,lexicon
22988,131,3020,55107,display,neutral,0.55,,lexicon
22989,131,3020,55108,display,neutral,0.55,,lexicon
22990,131,3020,55109,display,neutral,0.55,,lexicon
22991,131,3020,55110,display,neutral,0.55,,lexicon
22992,131,3020,55111,performance,positive,0.927,amazing,lexicon
22993,131,3021,55113,battery,positive,0.725,like,lexicon
22994,131,3025,55116,battery,neutral,0.55,,lexicon
22995,132,1871,55118,battery,neutral,0.55,,lexicon
22996,132,1871,55119,battery,neutral,0.55,,lexicon
22997,132,1871,55119,performance,neutral,0.55,,lexicon
22998,132,1871,55120,camera,neutral,0.55,,lexicon
22999,132,1871,55122,camera,neutral,0.55,,lexicon
23000,132,1871,55123,camera,neutral,0.55,,lexicon
23001,132,1871,55124,camera,positive,0.86,loves,lexicon
23002,132,1871,55125,camera,neutral,0.411,blurry,lexicon
23003,132,1871,55129,battery,neutral,0.55,,lexicon
23004,132,1871,55131,battery,negative,0.905,unacceptable,lexicon
23005,132,1871,55133,price,neutral,0.55,,lexicon
23006,132,1872,55139,battery,neutral,0.55,,lexicon
23007,132,1872,55140,battery,neutral,0.55,,lexicon
23008,132,1872,55142,camera,neutral,0.55,,lexicon
23009,132,1874,55150,battery,neutral,0.55,,lexicon
23010,132,1874,55151,price,positive,0.95,great,lexicon
23011,132,1877,55173,battery,positive,0.95,perfect,lexicon
23012,132,1877,55173,display,positive,0.95,perfect,lexicon
23013,132,1877,55173,performance,positive,0.95,great,lexicon
23014,132,1877,55173,design,positive,0.914,great,lexicon
23015,132,1880,55178,design,positive,0.86,great,lexicon
23016,133,2522,55180,battery,neutral,0.55,,lexicon
23017,133,2522,55181,battery,neutral,0.55,,lexicon
23018,133,2522,55181,performance,neutral,0.55,,lexicon
23019,133,2522,55182,camera,neutral,0.55,,lexicon
23020,133,2522,55184,camera,neutral,0.55,,lexicon
23021,133,2522,55185,camera,neutral,0.55,,lexicon
23022,133,2522,55186,camera,positive,0.86,loves,lexicon
23023,133,2522,55187,camera,neutral,0.411,blurry,lexicon
23024,133,2522,55191,battery,neutral,0.55,,lexicon
23025,133,2522,55193,battery,negative,0.905,unacceptable,lexicon
23026,133,2522,55195,price,neutral,0.55,,lexicon
23027,133,2523,55201,battery,neutral,0.55,,lexicon
23028,133,2523,55202,battery,neutral,0.55,,lexicon
23029,133,2523,55204,camera,neutral,0.55,,lexicon
23030,133,2525,55212,battery,neutral,0.55,,lexicon
23031,133,2525,55213,price,positive,0.95,great,lexicon
23032,133,2528,55235,battery,positive,0.95,perfect,lexicon
23033,133,2528,55235,display,positive,0.95,perfect,lexicon
23034,133,2528,55235,performance,positive,0.95,great,lexicon
23035,133,2528,55235,design,positive,0.914,great,lexicon
23036,133,2531,55240,design,positive,0.86,great,lexicon
23037,133,2537,55242,battery,positive,0.815,premium,lexicon
23038,133,2537,55243,camera,neutral,0.55,,lexicon
23039,133,2538,55246,battery,positive,0.86,great,lexicon
23040,133,2539,55255,price,positive,0.77,like,lexicon
23041,133,2539,55256,battery,neutral,0.55,,lexicon
23042,133,2539,55261,price,negative,0.815,expensive,lexicon
23043,133,2540,55264,battery,positive,0.815,premium,lexicon
23044,133,2540,55264,display,positive,0.815,premium,lexicon
23045,133,2540,55264,design,positive,0.815,premium,lexicon
23046,133,2540,55265,display,neutral,0.55,,lexicon
23047,133,2541,55266,display,neutral,0.55,,lexicon
23048,133,2541,55267,battery,positive,0.815,premium,lexicon
23049,133,2541,55269,camera,positive,0.86,great,lexicon
23050,133,2541,55271,display,neutral,0.55,,lexicon
23051,133,2541,55271,design,neutral,0.55,,lexicon
23052,133,2541,55272,display,positive,0.725,like,lexicon
23053,133,2542,55275,battery,positive,0.95,love,lexicon
23054,133,2543,55276,battery,neutral,0.55,,lexicon
23055,133,2543,55278,battery,positive,0.838,happy,lexicon
23056,133,2543,55279,price,neutral,0.55,,lexicon
23057,133,2544,55281,battery,neutral,0.55,,lexicon
23058,133,2544,55284,design,positive,0.792,good,lexicon
23059,133,2544,55285,battery,positive,0.721,best,lexicon
23060,133,2545,55290,battery,positive,0.725,like,lexicon
23061,133,2545,55291,price,positive,0.945,premium,lexicon
23062,133,2546,55293,design,positive,0.86,great,lexicon
23063,133,2546,55294,battery,neutral,0.55,,lexicon
23064,133,2546,55295,battery,neutral,0.55,,lexicon
23065,134,976,55303,display,positive,0.93,clear,lexicon
23066,134,976,55304,display,positive,0.95,responsive,lexicon
23067,134,976,55304,performance,positive,0.95,responsive,lexicon
23068,134,976,55306,price,positive,0.95,excellent,lexicon
23069,134,977,55307,performance,neutral,0.55,,lexicon
23070,134,977,55307,price,positive,0.95,budget friendly,lexicon
23071,134,977,55308,battery,positive,0.77,lasts,lexicon
23072,134,977,55308,camera,positive,0.77,lasts,lexicon
23073,134,977,55308,display,positive,0.77,lasts,lexicon
23074,134,977,55309,price,positive,0.77,nice,lexicon
23075,134,977,55310,performance,neutral,0.55,,lexicon
23076,134,977,55311,performance,neutral,0.55,,lexicon
23077,134,977,55311,design,neutral,0.55,,lexicon
23078,134,977,55312,camera,positive,0.866,good,lexicon
23079,134,977,55313,display,negative,0.77,sharp,lexicon
23080,134,977,55315,battery,positive,0.77,solid,lexicon
23081,134,977,55315,price,positive,0.77,solid,lexicon
23082,134,977,55315,camera,positive,0.815,clear,lexicon
23083,134,977,55315,display,positive,0.815,clear,lexicon
23084,134,977,55315,performance,positive,0.815,clear,lexicon
23085,134,978,55319,camera,positive,0.88,good,lexicon
23086,134,978,55319,display,positive,0.95,good,lexicon
23087,134,978,55324,performance,neutral,0.55,,lexicon
23088,134,978,55325,performance,neutral,0.55,,lexicon
23089,134,978,55327,price,positive,0.725,decent,lexicon
23090,134,979,55328,performance,positive,0.95,fast,lexicon
23091,134,979,55328,price,positive,0.95,fast,lexicon
23092,134,979,55330,camera,positive,0.86,great,lexicon
23093,134,979,55332,price,positive,0.752,expensive,lexicon
23094,134,979,55335,performance,positive,0.95,fast,lexicon
23095,134,980,55343,performance,neutral,0.55,,lexicon
23096,134,980,55345,camera,negative,0.927,awful,lexicon
23097,134,980,55346,battery,negative,0.95,slow,lexicon
23098,134,980,55346,performance,negative,0.95,slow,lexicon
23099,134,980,55357,camera,neutral,0.55,,lexicon
23100,134,980,55358,battery,neutral,0.55,,lexicon
23101,134,980,55362,camera,negative,0.905,not worth,lexicon
23102,134,980,55362,price,negative,0.905,not worth,lexicon
23103,134,981,55365,battery,neutral,0.55,,lexicon
23104,134,981,55368,battery,neutral,0.55,,lexicon
23105,134,982,55369,price,positive,0.914,good,lexicon
23106,134,982,55370,battery,positive,0.77,lasts,lexicon
23107,134,982,55370,camera,positive,0.825,lasts,lexicon
23108,134,982,55370,performance,positive,0.825,lasts,lexicon
23109,134,982,55370,design,positive,0.825,lasts,lexicon
23110,134,982,55371,camera,positive,0.95,worth,lexicon
23111,134,982,55371,display,positive,0.792,good,lexicon
23112,134,982,55371,price,positive,0.882,worth,lexicon
23113,134,983,55373,price,positive,0.834,good,lexicon
23114,134,983,55374,camera,negative,0.846,great,lexicon
23115,134,983,55374,price,negative,0.815,expensive,lexicon
23116,134,983,55376,price,positive,0.834,good,lexicon
23117,134,984,55378,price,negative,0.842,excellent,lexicon
23118,134,985,55382,price,positive,0.95,incredible,lexicon
23119,134,985,55386,display,positive,0.95,beautiful,lexicon
23120,134,985,55386,performance,positive,0.95,beautiful,lexicon
23121,134,985,55388,camera,positive,0.898,good,lexicon
23122,134,985,55389,performance,positive,0.627,fast,lexicon
23123,134,985,55390,price,positive,0.86,great,lexicon
23124,134,985,55391,performance,positive,0.95,fast,lexicon
23125,134,985,55392,design,positive,0.95,gorgeous,lexicon
23126,134,985,55395,performance,negative,0.815,bloatware,lexicon
23127,134,985,55397,price,positive,0.725,like,lexicon
23128,134,985,55398,performance,positive,0.95,buttery,lexicon
23129,134,986,55406,price,positive,0.95,worth,lexicon
23130,134,986,55408,camera,negative,0.824,best,lexicon
23131,134,986,55409,performance,neutral,0.55,,lexicon
23132,134,986,55411,battery,neutral,0.55,,lexicon
23133,134,987,55412,design,neutral,0.55,,lexicon
23134,134,987,55412,price,neutral,0.55,,lexicon
23135,134,987,55414,performance,positive,0.734,smooth,lexicon
23136,134,987,55414,price,positive,0.734,smooth,lexicon
23137,134,987,55415,battery,positive,0.86,responsive,lexicon
23138,134,987,55415,performance,positive,0.86,responsive,lexicon
23139,134,987,55418,camera,positive,0.86,great,lexicon
23140,134,987,55418,display,positive,0.86,great,lexicon
23141,134,987,55420,price,negative,0.669,expensive,lexicon
23142,134,987,55422,price,positive,0.905,best,lexicon
23143,134,990,55436,design,negative,0.595,poor,lexicon
23144,134,990,55436,price,negative,0.595,poor,lexicon
23145,134,990,55438,price,neutral,0.55,,lexicon
23146,134,990,55438,design,neutral,0.55,,lexicon
23147,134,990,55440,price,positive,0.838,budget friendly,lexicon
23148,134,990,55442,performance,neutral,0.55,,lexicon
23149,134,990,55442,price,neutral,0.55,,lexicon
23150,134,990,55443,performance,neutral,0.55,,lexicon
23151,134,990,55444,performance,neutral,0.55,,lexicon
23152,134,990,55445,camera,neutral,0.55,,lexicon
23153,134,990,55446,performance,neutral,0.55,,lexicon
23154,134,990,55448,design,positive,0.905,awesome,lexicon
23155,134,990,55450,design,neutral,0.55,,lexicon
23156,134,990,55452,design,negative,0.68,cheap,lexicon
23157,134,990,55452,price,negative,0.68,cheap,lexicon
23158,134,990,55453,battery,positive,0.725,decent,lexicon
23159,134,990,55454,price,positive,0.77,bad,lexicon
23160,134,990,55459,display,neutral,0.55,,lexicon
23161,134,990,55460,display,negative,0.816,bright,lexicon
23162,134,990,55461,display,neutral,0.55,,lexicon
23163,134,990,55461,price,neutral,0.55,,lexicon
23164,134,990,55462,display,neutral,0.55,,lexicon
23165,134,990,55463,display,neutral,0.55,,lexicon
23166,134,990,55464,display,positive,0.77,nice,lexicon
23167,134,990,55465,display,neutral,0.55,,lexicon
23168,134,990,55467,camera,neutral,0.55,,lexicon
23169,134,990,55468,camera,neutral,0.55,,lexicon
23170,134,990,55469,camera,positive,0.725,like,lexicon
23171,134,990,55469,design,positive,0.725,like,lexicon
23172,134,990,55470,camera,neutral,0.55,,lexicon
23173,134,990,55471,camera,neutral,0.55,,lexicon
23174,134,990,55473,price,neutral,0.55,,lexicon
23175,134,990,55474,camera,neutral,0.55,,lexicon
23176,134,990,55481,design,positive,0.882,nice,lexicon
23177,134,990,55485,price,neutral,0.55,,lexicon
23178,134,990,55486,design,negative,0.748,issue,lexicon
23179,134,990,55487,camera,neutral,0.55,,lexicon
23180,134,990,55487,display,neutral,0.55,,lexicon
23181,134,990,55488,display,neutral,0.55,,lexicon
23182,134,990,55489,design,neutral,0.55,,lexicon
23183,134,990,55493,design,positive,0.788,poor,lexicon
23184,134,990,55494,price,neutral,0.55,,lexicon
23185,134,990,55496,price,neutral,0.55,,lexicon
23186,134,990,55497,design,negative,0.748,issue,lexicon
23187,134,990,55501,price,neutral,0.55,,lexicon
23188,134,991,55503,display,positive,0.748,better,lexicon
23189,134,991,55506,display,positive,0.815,faster,lexicon
23190,134,991,55507,display,neutral,0.55,,lexicon
23191,134,991,55510,price,neutral,0.55,,lexicon
23192,134,992,55512,price,positive,0.86,great,lexicon
23193,134,992,55513,battery,positive,0.77,lasts,lexicon
23194,134,992,55515,design,positive,0.95,perfect,lexicon
23195,134,993,55516,camera,negative,0.95,bad,lexicon
23196,134,994,55517,price,positive,0.895,good,lexicon
23197,134,994,55520,display,positive,0.95,clear,lexicon
23198,134,994,55522,display,positive,0.95,responsive,lexicon
23199,134,994,55522,performance,positive,0.95,responsive,lexicon
23200,134,994,55522,design,positive,0.95,responsive,lexicon
23201,134,994,55524,display,neutral,0.55,,lexicon
23202,134,994,55525,battery,positive,0.792,good,lexicon
23203,134,994,55526,performance,neutral,0.55,,lexicon
23204,134,994,55527,camera,positive,0.86,great,lexicon
23205,134,994,55527,display,positive,0.86,great,lexicon
23206,134,994,55528,camera,positive,0.883,bargain,lexicon
23207,134,994,55528,price,positive,0.883,bargain,lexicon
23208,134,994,55529,performance,positive,0.896,fast,lexicon
23209,134,994,55530,price,neutral,0.55,,lexicon
23210,134,994,55531,camera,neutral,0.55,,lexicon
23211,134,994,55531,display,neutral,0.55,,lexicon
23212,134,994,55532,camera,neutral,0.55,,lexicon
23213,134,994,55533,display,neutral,0.55,,lexicon
23214,134,994,55536,battery,positive,0.88,good,lexicon
23215,134,994,55538,price,neutral,0.55,,lexicon
23216,134,994,55539,performance,neutral,0.55,,lexicon
23217,134,994,55539,price,neutral,0.55,,lexicon
23218,134,995,55542,design,positive,0.86,beautiful,lexicon
23219,134,995,55543,camera,neutral,0.55,,lexicon
23220,134,995,55547,battery,positive,0.792,good,lexicon
23221,134,995,55547,display,positive,0.792,good,lexicon
23222,134,995,55547,performance,positive,0.792,good,lexicon
23223,134,995,55548,battery,negative,0.788,fast,lexicon
23224,134,995,55548,performance,negative,0.788,fast,lexicon
23225,134,995,55555,camera,neutral,0.55,,lexicon
23226,134,995,55557,price,positive,0.95,great,lexicon
23227,134,996,55562,display,neutral,0.55,,lexicon
23228,134,996,55563,battery,neutral,0.55,,lexicon
23229,134,996,55566,battery,positive,0.788,slow,lexicon
23230,134,996,55566,performance,positive,0.788,slow,lexicon
23231,134,996,55567,price,positive,0.945,great,lexicon
23232,134,997,55571,price,positive,0.68,cheap,lexicon
23233,135,1464,55581,price,positive,0.815,worth,lexicon
23234,135,1464,55582,camera,positive,0.95,excellent,lexicon
23235,135,1464,55582,price,positive,0.95,excellent,lexicon
23236,135,1464,55583,battery,neutral,0.55,,lexicon
23237,135,1465,55584,price,positive,0.815,worth,lexicon
23238,135,1465,55586,display,neutral,0.55,,lexicon
23239,135,1465,55587,display,neutral,0.55,,lexicon
23240,135,1465,55588,display,neutral,0.55,,lexicon
23241,135,1465,55592,display,neutral,0.55,,lexicon
23242,135,1465,55595,camera,positive,0.95,excellent,lexicon
23243,135,1466,55599,camera,positive,0.95,durable,lexicon
23244,135,1466,55600,display,neutral,0.55,,lexicon
23245,135,1466,55601,price,positive,0.815,worth,lexicon
23246,135,1466,55602,display,neutral,0.55,,lexicon
23247,135,1467,55604,battery,positive,0.95,perfect,lexicon
23248,135,1467,55604,display,positive,0.95,perfect,lexicon
23249,135,1467,55604,design,positive,0.927,perfect,lexicon
23250,135,1468,55608,display,neutral,0.55,,lexicon
23251,135,1468,55610,battery,positive,0.927,perfect,lexicon
23252,135,1468,55611,battery,neutral,0.55,,lexicon
23253,135,1468,55614,camera,neutral,0.55,,lexicon
23254,135,1468,55614,display,neutral,0.55,,lexicon
23255,135,1468,55616,camera,neutral,0.55,,lexicon
23256,135,1469,55619,price,positive,0.815,worth,lexicon
23257,135,1469,55621,display,neutral,0.55,,lexicon
23258,135,1469,55622,battery,neutral,0.55,,lexicon
23259,135,1469,55623,price,positive,0.95,recommend,lexicon
23260,135,1470,55626,price,positive,0.95,worth,lexicon
23261,135,1473,55630,display,positive,0.883,top notch,lexicon
23262,135,1473,55631,price,positive,0.95,amazing,lexicon
23263,135,1475,55632,battery,positive,0.822,good,lexicon
23264,135,1477,55635,battery,neutral,0.55,,lexicon
23265,135,1477,55637,battery,neutral,0.55,,lexicon
23266,135,1477,55637,price,positive,0.786,like,lexicon
23267,135,1480,55638,price,positive,0.815,worth,lexicon
23268,135,1480,55639,display,positive,0.815,worth,lexicon
23269,135,1480,55639,price,positive,0.815,worth,lexicon
23270,135,1480,55640,battery,neutral,0.55,,lexicon
23271,135,1480,55642,price,neutral,0.55,,lexicon
23272,135,1480,55643,price,positive,0.815,worth,lexicon
23273,135,1483,55646,price,positive,0.945,great,lexicon
23274,135,1483,55648,price,positive,0.86,great,lexicon
23275,135,1483,55649,battery,neutral,0.483,good,lexicon
23276,135,1484,55652,battery,positive,0.95,best,lexicon
23277,135,1484,55652,display,positive,0.95,best,lexicon
23278,135,1484,55653,battery,neutral,0.55,,lexicon
23279,135,1484,55654,price,positive,0.792,good,lexicon
23280,135,1484,55655,performance,neutral,0.471,overheating,lexicon
23281,135,1485,55657,battery,neutral,0.55,,lexicon
23282,135,1485,55659,price,positive,0.815,worth,lexicon
23283,135,1487,55664,battery,positive,0.792,good,lexicon
23284,136,2667,55665,price,positive,0.815,worth,lexicon
23285,136,2667,55666,camera,positive,0.95,excellent,lexicon
23286,136,2667,55666,price,positive,0.95,excellent,lexicon
23287,136,2667,55667,battery,neutral,0.55,,lexicon
23288,136,2668,55668,price,positive,0.815,worth,lexicon
23289,136,2668,55670,display,neutral,0.55,,lexicon
23290,136,2668,55671,display,neutral,0.55,,lexicon
23291,136,2668,55672,display,neutral,0.55,,lexicon
23292,136,2668,55676,display,neutral,0.55,,lexicon
23293,136,2668,55679,camera,positive,0.95,excellent,lexicon
23294,136,2669,55683,camera,positive,0.95,durable,lexicon
23295,136,2669,55684,display,neutral,0.55,,lexicon
23296,136,2669,55685,price,positive,0.815,worth,lexicon
23297,136,2669,55686,display,neutral,0.55,,lexicon
23298,136,2670,55688,battery,positive,0.95,perfect,lexicon
23299,136,2670,55688,display,positive,0.95,perfect,lexicon
23300,136,2670,55688,design,positive,0.927,perfect,lexicon
23301,136,2671,55692,display,neutral,0.55,,lexicon
23302,136,2671,55694,battery,positive,0.927,perfect,lexicon
23303,136,2671,55695,battery,neutral,0.55,,lexicon
23304,136,2671,55698,camera,neutral,0.55,,lexicon
23305,136,2671,55698,display,neutral,0.55,,lexicon
23306,136,2671,55700,camera,neutral,0.55,,lexicon
23307,136,2672,55703,price,positive,0.815,worth,lexicon
23308,136,2672,55705,display,neutral,0.55,,lexicon
23309,136,2672,55706,battery,neutral,0.55,,lexicon
23310,136,2672,55707,price,positive,0.95,recommend,lexicon
23311,136,2673,55710,price,positive,0.95,worth,lexicon
23312,136,2676,55714,display,positive,0.883,top notch,lexicon
23313,136,2676,55715,price,positive,0.95,amazing,lexicon
23314,136,2678,55716,battery,positive,0.822,good,lexicon
23315,136,2680,55719,battery,neutral,0.55,,lexicon
23316,136,2680,55721,battery,neutral,0.55,,lexicon
23317,136,2680,55721,price,positive,0.786,like,lexicon
23318,137,3444,55722,price,positive,0.815,worth,lexicon
23319,137,3444,55723,camera,positive,0.95,excellent,lexicon
23320,137,3444,55723,price,positive,0.95,excellent,lexicon
23321,137,3444,55724,battery,neutral,0.55,,lexicon
23322,137,3445,55725,price,positive,0.815,worth,lexicon
23323,137,3445,55727,display,neutral,0.55,,lexicon
23324,137,3445,55728,display,neutral,0.55,,lexicon
23325,137,3445,55729,display,neutral,0.55,,lexicon
23326,137,3445,55733,display,neutral,0.55,,lexicon
23327,137,3445,55736,camera,positive,0.95,excellent,lexicon
23328,137,3446,55740,camera,positive,0.95,durable,lexicon
23329,137,3446,55741,display,neutral,0.55,,lexicon
23330,137,3446,55742,price,positive,0.815,worth,lexicon
23331,137,3446,55743,display,neutral,0.55,,lexicon
23332,137,3447,55745,battery,positive,0.95,perfect,lexicon
23333,137,3447,55745,display,positive,0.95,perfect,lexicon
23334,137,3447,55745,design,positive,0.927,perfect,lexicon
23335,137,3448,55749,display,neutral,0.55,,lexicon
23336,137,3448,55751,battery,positive,0.927,perfect,lexicon
23337,137,3448,55752,battery,neutral,0.55,,lexicon
23338,137,3448,55755,camera,neutral,0.55,,lexicon
23339,137,3448,55755,display,neutral,0.55,,lexicon
23340,137,3448,55757,camera,neutral,0.55,,lexicon
23341,137,3449,55760,price,positive,0.815,worth,lexicon
23342,137,3449,55762,display,neutral,0.55,,lexicon
23343,137,3449,55763,battery,neutral,0.55,,lexicon
23344,137,3449,55764,price,positive,0.95,recommend,lexicon
23345,137,3450,55767,price,positive,0.95,worth,lexicon
23346,137,3453,55771,display,positive,0.883,top notch,lexicon
23347,137,3453,55772,price,positive,0.95,amazing,lexicon
23348,137,3455,55773,battery,positive,0.822,good,lexicon
23349,137,3457,55776,battery,neutral,0.55,,lexicon
23350,137,3457,55778,battery,neutral,0.55,,lexicon
23351,137,3457,55778,price,positive,0.786,like,lexicon
23352,137,3460,55779,price,positive,0.815,worth,lexicon
23353,137,3460,55780,display,positive,0.815,worth,lexicon
23354,137,3460,55780,price,positive,0.815,worth,lexicon
23355,137,3460,55781,battery,neutral,0.55,,lexicon
23356,137,3460,55783,price,neutral,0.55,,lexicon
23357,137,3460,55784,price,positive,0.815,worth,lexicon
23358,137,3463,55787,price,positive,0.945,great,lexicon
23359,137,3463,55789,price,positive,0.86,great,lexicon
23360,137,3463,55790,battery,neutral,0.483,good,lexicon
23361,137,3464,55793,battery,positive,0.95,best,lexicon
23362,137,3464,55793,display,positive,0.95,best,lexicon
23363,137,3464,55794,battery,neutral,0.55,,lexicon
23364,137,3464,55795,price,positive,0.792,good,lexicon
23365,137,3464,55796,performance,neutral,0.471,overheating,lexicon
23366,137,3465,55798,battery,neutral,0.55,,lexicon
23367,137,3465,55800,price,positive,0.815,worth,lexicon
23368,137,3467,55805,battery,positive,0.792,good,lexicon
23369,138,3493,55806,price,positive,0.815,worth,lexicon
23370,138,3493,55807,camera,positive,0.95,excellent,lexicon
23371,138,3493,55807,price,positive,0.95,excellent,lexicon
23372,138,3493,55808,battery,neutral,0.55,,lexicon
23373,138,3494,55809,price,positive,0.815,worth,lexicon
23374,138,3494,55811,display,neutral,0.55,,lexicon
23375,138,3494,55812,display,neutral,0.55,,lexicon
23376,138,3494,55813,display,neutral,0.55,,lexicon
23377,138,3494,55817,display,neutral,0.55,,lexicon
23378,138,3494,55820,camera,positive,0.95,excellent,lexicon
23379,138,3495,55824,camera,positive,0.95,durable,lexicon
23380,138,3495,55825,display,neutral,0.55,,lexicon
23381,138,3495,55826,price,positive,0.815,worth,lexicon
23382,138,3495,55827,display,neutral,0.55,,lexicon
23383,138,3496,55829,battery,positive,0.95,perfect,lexicon
23384,138,3496,55829,display,positive,0.95,perfect,lexicon
23385,138,3496,55829,design,positive,0.927,perfect,lexicon
23386,138,3497,55833,display,neutral,0.55,,lexicon
23387,138,3497,55835,battery,positive,0.927,perfect,lexicon
23388,138,3497,55836,battery,neutral,0.55,,lexicon
23389,138,3497,55839,camera,neutral,0.55,,lexicon
23390,138,3497,55839,display,neutral,0.55,,lexicon
23391,138,3497,55841,camera,neutral,0.55,,lexicon
23392,138,3498,55844,price,positive,0.815,worth,lexicon
23393,138,3498,55846,display,neutral,0.55,,lexicon
23394,138,3498,55847,battery,neutral,0.55,,lexicon
23395,138,3498,55848,price,positive,0.95,recommend,lexicon
23396,138,3499,55851,price,positive,0.95,worth,lexicon
23397,138,3502,55855,display,positive,0.883,top notch,lexicon
23398,138,3502,55856,price,positive,0.95,amazing,lexicon
23399,138,3504,55857,battery,positive,0.822,good,lexicon
23400,138,3506,55860,battery,neutral,0.55,,lexicon
23401,138,3506,55862,battery,neutral,0.55,,lexicon
23402,138,3506,55862,price,positive,0.786,like,lexicon
23403,138,3509,55863,price,positive,0.815,worth,lexicon
23404,138,3509,55864,display,positive,0.815,worth,lexicon
23405,138,3509,55864,price,positive,0.815,worth,lexicon
23406,138,3509,55865,battery,neutral,0.55,,lexicon
23407,138,3509,55867,price,neutral,0.55,,lexicon
23408,138,3509,55868,price,positive,0.815,worth,lexicon
23409,138,3512,55871,price,positive,0.945,great,lexicon
23410,138,3512,55873,price,positive,0.86,great,lexicon
23411,138,3512,55874,battery,neutral,0.483,good,lexicon
23412,138,3513,55877,battery,positive,0.95,best,lexicon
23413,138,3513,55877,display,positive,0.95,best,lexicon
23414,138,3513,55878,battery,neutral,0.55,,lexicon
23415,138,3513,55879,price,positive,0.792,good,lexicon
23416,138,3513,55880,performance,neutral,0.471,overheating,lexicon
23417,138,3514,55882,battery,neutral,0.55,,lexicon
23418,138,3514,55884,price,positive,0.815,worth,lexicon
23419,138,3516,55889,battery,positive,0.792,good,lexicon
23420,139,3942,55890,price,positive,0.815,worth,lexicon
23421,139,3942,55891,camera,positive,0.95,excellent,lexicon
23422,139,3942,55891,price,positive,0.95,excellent,lexicon
23423,139,3942,55892,battery,neutral,0.55,,lexicon
23424,139,3943,55893,price,positive,0.815,worth,lexicon
23425,139,3943,55895,display,neutral,0.55,,lexicon
23426,139,3943,55896,display,neutral,0.55,,lexicon
23427,139,3943,55897,display,neutral,0.55,,lexicon
23428,139,3943,55901,display,neutral,0.55,,lexicon
23429,139,3943,55904,camera,positive,0.95,excellent,lexicon
23430,139,3944,55908,camera,positive,0.95,durable,lexicon
23431,139,3944,55909,display,neutral,0.55,,lexicon
23432,139,3944,55910,price,positive,0.815,worth,lexicon
23433,139,3944,55911,display,neutral,0.55,,lexicon
23434,139,3945,55913,battery,positive,0.95,perfect,lexicon
23435,139,3945,55913,display,positive,0.95,perfect,lexicon
23436,139,3945,55913,design,positive,0.927,perfect,lexicon
23437,139,3946,55917,display,neutral,0.55,,lexicon
23438,139,3946,55919,battery,positive,0.927,perfect,lexicon
23439,139,3946,55920,battery,neutral,0.55,,lexicon
23440,139,3946,55923,camera,neutral,0.55,,lexicon
23441,139,3946,55923,display,neutral,0.55,,lexicon
23442,139,3946,55925,camera,neutral,0.55,,lexicon
23443,139,3947,55928,price,positive,0.815,worth,lexicon
23444,139,3947,55930,display,neutral,0.55,,lexicon
23445,139,3947,55931,battery,neutral,0.55,,lexicon
23446,139,3947,55932,price,positive,0.95,recommend,lexicon
23447,139,3948,55935,price,positive,0.95,worth,lexicon
23448,139,3951,55939,display,positive,0.883,top notch,lexicon
23449,139,3951,55940,price,positive,0.95,amazing,lexicon
23450,139,3953,55941,battery,positive,0.822,good,lexicon
23451,139,3955,55944,battery,neutral,0.55,,lexicon
23452,139,3955,55946,battery,neutral,0.55,,lexicon
23453,139,3955,55946,price,positive,0.786,like,lexicon
23454,139,3958,55947,price,positive,0.815,worth,lexicon
23455,139,3958,55948,display,positive,0.815,worth,lexicon
23456,139,3958,55948,price,positive,0.815,worth,lexicon
23457,139,3958,55949,battery,neutral,0.55,,lexicon
23458,139,3958,55951,price,neutral,0.55,,lexicon
23459,139,3958,55952,price,positive,0.815,worth,lexicon
23460,139,3961,55955,price,positive,0.945,great,lexicon
23461,139,3961,55957,price,positive,0.86,great,lexicon
23462,139,3961,55958,battery,neutral,0.483,good,lexicon
23463,139,3962,55961,battery,positive,0.95,best,lexicon
23464,139,3962,55961,display,positive,0.95,best,lexicon
23465,139,3962,55962,battery,neutral,0.55,,lexicon
23466,139,3962,55963,price,positive,0.792,good,lexicon
23467,139,3962,55964,performance,neutral,0.471,overheating,lexicon
23468,139,3963,55966,battery,neutral,0.55,,lexicon
23469,139,3963,55968,price,positive,0.815,worth,lexicon
23470,139,3965,55973,battery,positive,0.792,good,lexicon
23471,140,899,55977,battery,positive,0.725,like,lexicon
23472,140,899,55977,display,positive,0.725,like,lexicon
23473,140,899,55977,performance,positive,0.725,like,lexicon
23474,140,899,55982,battery,positive,0.725,like,lexicon
23475,140,900,55986,battery,positive,0.95,snappy,lexicon
23476,140,900,55986,performance,positive,0.95,snappy,lexicon
23477,140,900,55988,performance,positive,0.95,recommend,lexicon
23478,140,900,55990,performance,positive,0.95,fast,lexicon
23479,140,900,55991,display,neutral,0.55,,lexicon
23480,140,900,55991,design,neutral,0.55,,lexicon
23481,140,901,55992,performance,positive,0.95,smooth,lexicon
23482,140,901,55994,battery,neutral,0.354,lasts,lexicon
23483,140,901,55996,display,positive,0.95,durable,lexicon
23484,140,901,55996,price,positive,0.86,durable,lexicon
23485,140,902,55997,price,positive,0.797,nice,lexicon
23486,140,902,56006,battery,positive,0.792,good,lexicon
23487,140,902,56006,display,neutral,0.55,,lexicon
23488,140,903,56014,display,positive,0.95,fast,lexicon
23489,140,903,56014,performance,positive,0.95,fast,lexicon
23490,140,904,56022,battery,positive,0.95,fast,lexicon
23491,140,904,56022,performance,positive,0.95,fast,lexicon
23492,140,905,56025,battery,neutral,0.55,,lexicon
23493,140,905,56028,battery,positive,0.927,amazing,lexicon
23494,140,905,56029,camera,positive,0.95,awesome,lexicon
23495,140,905,56033,price,positive,0.86,great,lexicon
23496,140,906,56035,price,positive,0.68,cheap,lexicon
23497,140,906,56038,price,positive,0.86,great,lexicon
23498,140,910,56040,price,positive,0.95,fantastic,lexicon
23499,140,910,56041,price,positive,0.838,budget friendly,lexicon
23500,140,910,56046,display,positive,0.95,smooth,lexicon
23501,140,910,56046,performance,positive,0.95,smooth,lexicon
23502,140,910,56047,design,positive,0.86,great,lexicon
23503,140,910,56048,camera,positive,0.86,vivid,lexicon
23504,140,910,56048,display,positive,0.86,vivid,lexicon
23505,140,910,56050,battery,positive,0.77,lasts,lexicon
23506,140,910,56051,display,neutral,0.55,,lexicon
23507,140,910,56053,camera,neutral,0.55,,lexicon
23508,140,910,56054,price,positive,0.86,great,lexicon
23509,140,911,56055,price,positive,0.86,great,lexicon
23510,140,911,56056,price,positive,0.792,good,lexicon
23511,140,911,56057,battery,positive,0.725,like,lexicon
23512,140,911,56065,camera,positive,0.748,better,lexicon
23513,140,911,56066,camera,positive,0.748,better,lexicon
23514,140,911,56067,camera,positive,0.748,better,lexicon
23515,140,911,56068,display,neutral,0.55,,lexicon
23516,140,911,56068,performance,neutral,0.55,,lexicon
23517,140,912,56076,battery,neutral,0.55,,lexicon
23518,140,913,56084,battery,positive,0.86,beautiful,lexicon
23519,140,914,56087,battery,positive,0.95,excellent,lexicon
23520,140,914,56087,display,positive,0.95,excellent,lexicon
23521,140,914,56088,price,positive,0.86,great,lexicon
23522,140,915,56090,price,positive,0.792,good,lexicon
23523,140,915,56092,battery,neutral,0.55,,lexicon
23524,140,915,56095,battery,neutral,0.55,,lexicon
23525,140,917,56097,price,neutral,0.55,,lexicon
23526,140,917,56098,performance,negative,0.883,laggy,lexicon
23527,140,917,56100,camera,negative,0.95,slow,lexicon
23528,140,917,56100,performance,negative,0.95,slow,lexicon
23529,140,917,56101,performance,negative,0.883,laggy,lexicon
23530,140,917,56101,price,negative,0.883,laggy,lexicon
23531,140,917,56103,performance,neutral,0.55,,lexicon
23532,140,917,56104,performance,negative,0.95,laggy,lexicon
23533,140,917,56105,price,negative,0.905,unacceptable,lexicon
23534,140,917,56107,performance,negative,0.86,lagging,lexicon
23535,140,918,56110,display,neutral,0.55,,lexicon
23536,141,1113,56123,battery,positive,0.725,like,lexicon
23537,141,1113,56123,display,positive,0.725,like,lexicon
23538,141,1113,56123,performance,positive,0.725,like,lexicon
23539,141,1113,56128,battery,positive,0.725,like,lexicon
23540,141,1114,56132,battery,positive,0.95,snappy,lexicon
23541,141,1114,56132,performance,positive,0.95,snappy,lexicon
23542,141,1114,56134,performance,positive,0.95,recommend,lexicon
23543,141,1114,56136,performance,positive,0.95,fast,lexicon
23544,141,1114,56137,display,neutral,0.55,,lexicon
23545,141,1114,56137,design,neutral,0.55,,lexicon
23546,141,1115,56138,performance,positive,0.95,smooth,lexicon
23547,141,1115,56140,battery,neutral,0.354,lasts,lexicon
23548,141,1115,56142,display,positive,0.95,durable,lexicon
23549,141,1115,56142,price,positive,0.86,durable,lexicon
23550,141,1116,56143,price,positive,0.797,nice,lexicon
23551,141,1116,56152,battery,positive,0.792,good,lexicon
23552,141,1116,56152,display,neutral,0.55,,lexicon
23553,141,1117,56160,display,positive,0.95,fast,lexicon
23554,141,1117,56160,performance,positive,0.95,fast,lexicon
23555,141,1118,56168,battery,positive,0.95,fast,lexicon
23556,141,1118,56168,performance,positive,0.95,fast,lexicon
23557,141,1119,56171,battery,neutral,0.55,,lexicon
23558,141,1119,56174,battery,positive,0.927,amazing,lexicon
23559,141,1119,56175,camera,positive,0.95,awesome,lexicon
23560,141,1119,56179,price,positive,0.86,great,lexicon
23561,141,1120,56181,price,positive,0.68,cheap,lexicon
23562,141,1120,56184,price,positive,0.86,great,lexicon
23563,141,1124,56186,price,positive,0.95,fantastic,lexicon
23564,141,1124,56187,price,positive,0.838,budget friendly,lexicon
23565,141,1124,56192,display,positive,0.95,smooth,lexicon
23566,141,1124,56192,performance,positive,0.95,smooth,lexicon
23567,141,1124,56193,design,positive,0.86,great,lexicon
23568,141,1124,56194,camera,positive,0.86,vivid,lexicon
23569,141,1124,56194,display,positive,0.86,vivid,lexicon
23570,141,1124,56196,battery,positive,0.77,lasts,lexicon
23571,141,1124,56197,display,neutral,0.55,,lexicon
23572,141,1124,56199,camera,neutral,0.55,,lexicon
23573,141,1124,56200,price,positive,0.86,great,lexicon
23574,141,1125,56201,price,positive,0.86,great,lexicon
23575,141,1125,56202,price,positive,0.792,good,lexicon
23576,141,1125,56203,battery,positive,0.725,like,lexicon
23577,141,1125,56211,camera,positive,0.748,better,lexicon
23578,141,1125,56212,camera,positive,0.748,better,lexicon
23579,141,1125,56213,camera,positive,0.748,better,lexicon
23580,141,1125,56214,display,neutral,0.55,,lexicon
23581,141,1125,56214,performance,neutral,0.55,,lexicon
23582,142,1141,56219,battery,positive,0.725,like,lexicon
23583,142,1141,56219,display,positive,0.725,like,lexicon
23584,142,1141,56219,performance,positive,0.725,like,lexicon
23585,142,1141,56224,battery,positive,0.725,like,lexicon
23586,142,1142,56228,battery,positive,0.95,snappy,lexicon
23587,142,1142,56228,performance,positive,0.95,snappy,lexicon
23588,142,1142,56230,performance,positive,0.95,recommend,lexicon
23589,142,1142,56232,performance,positive,0.95,fast,lexicon
23590,142,1142,56233,display,neutral,0.55,,lexicon
23591,142,1142,56233,design,neutral,0.55,,lexicon
23592,142,1143,56234,performance,positive,0.95,smooth,lexicon
23593,142,1143,56236,battery,neutral,0.354,lasts,lexicon
23594,142,1143,56238,display,positive,0.95,durable,lexicon
23595,142,1143,56238,price,positive,0.86,durable,lexicon
23596,142,1144,56239,price,positive,0.797,nice,lexicon
23597,142,1144,56248,battery,positive,0.792,good,lexicon
23598,142,1144,56248,display,neutral,0.55,,lexicon
23599,142,1145,56256,display,positive,0.95,fast,lexicon
23600,142,1145,56256,performance,positive,0.95,fast,lexicon
23601,142,1146,56264,battery,positive,0.95,fast,lexicon
23602,142,1146,56264,performance,positive,0.95,fast,lexicon
23603,142,1147,56267,battery,neutral,0.55,,lexicon
23604,142,1147,56270,battery,positive,0.927,amazing,lexicon
23605,142,1147,56271,camera,positive,0.95,awesome,lexicon
23606,142,1147,56275,price,positive,0.86,great,lexicon
23607,142,1148,56277,price,positive,0.68,cheap,lexicon
23608,142,1148,56280,price,positive,0.86,great,lexicon
23609,142,1152,56282,price,positive,0.95,fantastic,lexicon
23610,142,1152,56283,price,positive,0.838,budget friendly,lexicon
23611,142,1152,56288,display,positive,0.95,smooth,lexicon
23612,142,1152,56288,performance,positive,0.95,smooth,lexicon
23613,142,1152,56289,design,positive,0.86,great,lexicon
23614,142,1152,56290,camera,positive,0.86,vivid,lexicon
23615,142,1152,56290,display,positive,0.86,vivid,lexicon
23616,142,1152,56292,battery,positive,0.77,lasts,lexicon
23617,142,1152,56293,display,neutral,0.55,,lexicon
23618,142,1152,56295,camera,neutral,0.55,,lexicon
23619,142,1152,56296,price,positive,0.86,great,lexicon
23620,142,1153,56297,price,positive,0.86,great,lexicon
23621,142,1153,56298,price,positive,0.792,good,lexicon
23622,142,1153,56299,battery,positive,0.725,like,lexicon
23623,142,1153,56307,camera,positive,0.748,better,lexicon
23624,142,1153,56308,camera,positive,0.748,better,lexicon
23625,142,1153,56309,camera,positive,0.748,better,lexicon
23626,142,1153,56310,display,neutral,0.55,,lexicon
23627,142,1153,56310,performance,neutral,0.55,,lexicon
23628,142,1154,56318,battery,neutral,0.55,,lexicon
23629,142,1155,56326,battery,positive,0.86,beautiful,lexicon
23630,142,1156,56329,battery,positive,0.95,excellent,lexicon
23631,142,1156,56329,display,positive,0.95,excellent,lexicon
23632,142,1156,56330,price,positive,0.86,great,lexicon
23633,142,1157,56332,price,positive,0.792,good,lexicon
23634,142,1157,56334,battery,neutral,0.55,,lexicon
23635,142,1157,56337,battery,neutral,0.55,,lexicon
23636,142,1159,56339,price,neutral,0.55,,lexicon
23637,142,1159,56340,performance,negative,0.883,laggy,lexicon
23638,142,1159,56342,camera,negative,0.95,slow,lexicon
23639,142,1159,56342,performance,negative,0.95,slow,lexicon
23640,142,1159,56343,performance,negative,0.883,laggy,lexicon
23641,142,1159,56343,price,negative,0.883,laggy,lexicon
23642,142,1159,56345,performance,neutral,0.55,,lexicon
23643,142,1159,56346,performance,negative,0.95,laggy,lexicon
23644,142,1159,56347,price,negative,0.905,unacceptable,lexicon
23645,142,1159,56349,performance,negative,0.86,lagging,lexicon
23646,142,1160,56352,display,neutral,0.55,,lexicon
23647,143,2547,56367,design,positive,0.905,best,lexicon
23648,143,2547,56367,price,positive,0.905,best,lexicon
23649,143,2547,56370,battery,positive,0.792,good,lexicon
23650,143,2547,56370,camera,positive,0.792,good,lexicon
23651,143,2547,56370,display,positive,0.792,good,lexicon
23652,143,2547,56371,price,positive,0.95,satisfied,lexicon
23653,143,2547,56372,price,neutral,0.55,,lexicon
23654,143,2547,56373,price,positive,0.748,better,lexicon
23655,143,2547,56376,price,neutral,0.55,,lexicon
23656,143,2547,56377,display,neutral,0.55,,lexicon
23657,143,2547,56383,design,positive,0.838,reliable,lexicon
23658,143,2548,56388,battery,positive,0.95,excellent,lexicon
23659,143,2549,56394,battery,positive,0.815,premium,lexicon
23660,143,2549,56398,battery,neutral,0.55,,lexicon
23661,143,2551,56406,price,negative,0.905,hate,lexicon
23662,143,2551,56411,design,neutral,0.55,,lexicon
23663,143,2551,56412,camera,neutral,0.55,,lexicon
23664,143,2551,56419,camera,neutral,0.55,,lexicon
23665,143,2551,56422,battery,neutral,0.55,,lexicon
23666,143,2551,56425,camera,positive,0.86,crisp,lexicon
23667,143,2552,56433,battery,positive,0.865,nice,lexicon
23668,143,2552,56435,display,neutral,0.55,,lexicon
23669,143,2552,56439,price,neutral,0.55,,lexicon
23670,143,2552,56441,price,neutral,0.55,,lexicon
23671,143,2552,56448,price,positive,0.698,issue,lexicon
23672,143,2553,56451,display,neutral,0.55,,lexicon
23673,143,2553,56451,design,neutral,0.55,,lexicon
23674,143,2553,56452,battery,neutral,0.55,,lexicon
23675,143,2553,56455,display,neutral,0.55,,lexicon
23676,143,2553,56459,price,neutral,0.55,,lexicon
23677,143,2553,56462,battery,positive,0.95,vivid,lexicon
23678,143,2553,56462,camera,positive,0.95,great,lexicon
23679,143,2553,56462,display,positive,0.95,fast,lexicon
23680,143,2553,56462,performance,positive,0.95,fast,lexicon
23681,143,2554,56464,display,positive,0.95,gorgeous,lexicon
23682,143,2554,56464,performance,positive,0.95,gorgeous,lexicon
23683,143,2554,56465,display,neutral,0.55,,lexicon
23684,143,2554,56466,display,positive,0.95,crisp,lexicon
23685,143,2554,56466,performance,positive,0.95,crisp,lexicon
23686,143,2554,56467,camera,positive,0.95,worth,lexicon
23687,143,2554,56467,price,positive,0.95,worth every penny,lexicon
23688,143,2555,56469,performance,negative,0.95,defective,lexicon
23689,143,2556,56471,display,positive,0.815,premium,lexicon
23690,143,2556,56472,display,positive,0.815,premium,lexicon
23691,143,2558,56477,battery,positive,0.927,excellent,lexicon
23692,143,2558,56479,battery,neutral,0.55,,lexicon
23693,143,2561,56482,battery,positive,0.927,flawless,lexicon
23694,143,2561,56482,display,positive,0.927,flawless,lexicon
23695,144,1907,56486,battery,neutral,0.55,,lexicon
23696,144,1907,56490,camera,neutral,0.55,,lexicon
23697,144,1907,56490,design,neutral,0.55,,lexicon
23698,144,1907,56494,price,positive,0.815,worth,lexicon
23699,144,1908,56499,battery,positive,0.95,love,lexicon
23700,144,1908,56500,design,positive,0.95,recommend,lexicon
23701,144,1909,56502,battery,positive,0.86,great,lexicon
23702,144,1909,56507,display,neutral,0.55,,lexicon
23703,144,1909,56508,battery,positive,0.86,great,lexicon
23704,144,1910,56512,performance,positive,0.95,perfect,lexicon
23705,144,1910,56515,price,positive,0.792,good,lexicon
23706,144,1911,56516,price,neutral,0.55,,lexicon
23707,144,1911,56518,price,neutral,0.55,,lexicon
23708,144,1912,56520,battery,neutral,0.55,,lexicon
23709,144,1912,56521,display,neutral,0.55,,lexicon
23710,144,1913,56527,battery,neutral,0.55,,lexicon
23711,144,1913,56528,design,positive,0.77,nice,lexicon
23712,144,1913,56529,camera,positive,0.86,beautiful,lexicon
23713,144,1913,56532,price,positive,0.95,great,lexicon
23714,144,1916,56542,price,positive,0.95,excellent,lexicon
23715,144,1916,56546,price,positive,0.95,excellent,lexicon
23716,144,1918,56548,battery,neutral,0.55,,lexicon
23717,144,1918,56549,battery,neutral,0.55,,lexicon
23718,144,1918,56549,design,neutral,0.55,,lexicon
23719,144,1920,56556,battery,positive,0.95,amazing,lexicon
23720,145,936,56558,price,positive,0.86,great,lexicon
23721,145,936,56560,design,positive,0.68,cheap,lexicon
23722,145,936,56560,price,positive,0.68,cheap,lexicon
23723,145,936,56562,price,positive,0.792,good,lexicon
23724,145,936,56564,design,positive,0.85,nice,lexicon
23725,145,936,56566,battery,neutral,0.55,,lexicon
23726,145,936,56568,camera,neutral,0.55,,lexicon
23727,145,936,56570,camera,neutral,0.55,,lexicon
23728,145,936,56571,camera,neutral,0.55,,lexicon
23729,145,936,56571,price,neutral,0.55,,lexicon
23730,145,937,56576,price,positive,0.95,happy,lexicon
23731,145,937,56578,battery,positive,0.725,like,lexicon
23732,145,937,56579,price,negative,0.914,expensive,lexicon
23733,145,938,56584,battery,positive,0.86,great,lexicon
23734,145,938,56585,price,positive,0.95,good,lexicon
23735,145,938,56588,battery,neutral,0.55,,lexicon
23736,145,938,56588,camera,neutral,0.55,,lexicon
23737,145,938,56590,battery,positive,0.815,all day,lexicon
23738,145,939,56591,price,positive,0.927,excellent,lexicon
23739,145,939,56592,battery,positive,0.95,great,lexicon
23740,145,939,56592,display,positive,0.95,responsive,lexicon
23741,145,939,56592,performance,positive,0.95,responsive,lexicon
23742,145,940,56598,display,neutral,0.511,love,lexicon
23743,145,940,56599,display,positive,0.792,good,lexicon
23744,145,941,56601,price,neutral,0.55,,lexicon
23745,145,941,56604,battery,positive,0.945,fast,lexicon
23746,145,941,56604,camera,positive,0.882,lasts,lexicon
23747,145,941,56604,performance,positive,0.945,fast,lexicon
23748,145,941,56606,performance,neutral,0.55,,lexicon
23749,145,941,56609,design,negative,0.748,issue,lexicon
23750,145,941,56613,price,positive,0.95,happy,lexicon
23751,145,942,56617,price,negative,0.888,expensive,lexicon
23752,145,942,56618,battery,neutral,0.55,,lexicon
23753,145,942,56619,battery,neutral,0.55,,lexicon
23754,145,942,56625,price,neutral,0.55,,lexicon
23755,145,943,56628,price,positive,0.86,great,lexicon
23756,145,943,56629,camera,neutral,0.55,,lexicon
23757,145,944,56633,battery,positive,0.95,great,lexicon
23758,145,944,56633,performance,positive,0.95,great,lexicon
23759,145,944,56638,price,positive,0.86,great,lexicon
23760,145,944,56643,display,positive,0.95,sharp,lexicon
23761,145,944,56645,camera,negative,0.824,best,lexicon
23762,145,944,56649,camera,neutral,0.55,,lexicon
23763,145,944,56650,battery,positive,0.77,lasts,lexicon
23764,145,945,56654,design,positive,0.914,good,lexicon
23765,145,945,56655,camera,positive,0.792,good,lexicon
23766,145,945,56656,battery,neutral,0.55,,lexicon
23767,145,946,56660,camera,positive,0.725,like,lexicon
23768,145,946,56660,display,positive,0.725,like,lexicon
23769,145,946,56661,camera,neutral,0.55,,lexicon
23770,145,948,56662,price,positive,0.865,nice,lexicon
23771,146,1188,56671,display,positive,0.95,fast,lexicon
23772,146,1188,56671,performance,positive,0.95,fast,lexicon
23773,146,1188,56673,battery,positive,0.945,fast,lexicon
23774,146,1188,56673,camera,positive,0.95,great,lexicon
23775,146,1188,56673,performance,positive,0.945,fast,lexicon
23776,146,1188,56674,display,positive,0.95,great,lexicon
23777,146,1188,56674,performance,positive,0.895,fast,lexicon
23778,146,1188,56676,display,negative,0.772,annoying,lexicon
23779,146,1188,56678,camera,positive,0.95,good,lexicon
23780,146,1188,56680,camera,negative,0.898,annoying,lexicon
23781,146,1189,56681,price,positive,0.86,great,lexicon
23782,146,1189,56685,display,positive,0.95,fast,lexicon
23783,146,1189,56685,performance,positive,0.95,fast,lexicon
23784,146,1189,56685,design,positive,0.95,fast,lexicon
23785,146,1189,56686,performance,positive,0.86,fast,lexicon
23786,146,1189,56687,battery,positive,0.77,nice,lexicon
23787,146,1189,56688,price,positive,0.834,better,lexicon
23788,146,1189,56689,display,negative,0.77,complaint,lexicon
23789,146,1189,56690,performance,negative,0.788,fast,lexicon
23790,146,1189,56690,display,neutral,0.55,,lexicon
23791,146,1190,56697,design,positive,0.792,good,lexicon
23792,146,1190,56700,performance,neutral,0.55,,lexicon
23793,146,1190,56701,performance,neutral,0.55,,lexicon
23794,146,1190,56702,performance,positive,0.86,fast,lexicon
23795,146,1190,56710,battery,neutral,0.55,,lexicon
23796,146,1190,56711,battery,positive,0.703,fine,lexicon
23797,146,1190,56712,battery,positive,0.86,fast,lexicon
23798,146,1190,56712,performance,positive,0.86,fast,lexicon
23799,146,1190,56713,battery,neutral,0.55,,lexicon
23800,146,1190,56714,battery,neutral,0.55,,lexicon
23801,146,1190,56715,battery,neutral,0.55,,lexicon
23802,146,1190,56717,battery,neutral,0.55,,lexicon
23803,146,1190,56718,battery,neutral,0.55,,lexicon
23804,146,1190,56719,camera,positive,0.95,love,lexicon
23805,146,1190,56722,camera,positive,0.95,loved,lexicon
23806,146,1190,56723,performance,positive,0.86,responsive,lexicon
23807,146,1190,56724,display,negative,0.846,great,lexicon
23808,146,1190,56727,display,neutral,0.55,,lexicon
23809,146,1190,56728,design,positive,0.77,bad,lexicon
23810,146,1190,56731,display,positive,0.77,nice,lexicon
23811,146,1190,56736,price,neutral,0.55,,lexicon
23812,146,1190,56743,price,neutral,0.55,,lexicon
23813,146,1190,56745,camera,neutral,0.55,,lexicon
23814,146,1190,56745,performance,neutral,0.55,,lexicon
23815,146,1190,56746,display,neutral,0.55,,lexicon
23816,146,1190,56746,performance,neutral,0.55,,lexicon
23817,146,1190,56747,camera,neutral,0.55,,lexicon
23818,146,1190,56748,camera,positive,0.86,fast,lexicon
23819,146,1190,56748,performance,positive,0.86,fast,lexicon
23820,146,1190,56749,camera,neutral,0.55,,lexicon
23821,146,1191,56753,battery,neutral,0.55,fast,lexicon
23822,146,1191,56753,performance,positive,0.86,fast,lexicon
23823,146,1191,56754,camera,positive,0.804,happy,lexicon
23824,146,1191,56755,camera,neutral,0.55,,lexicon
23825,146,1191,56757,camera,neutral,0.55,,lexicon
23826,146,1191,56758,display,neutral,0.55,,lexicon
23827,146,1191,56759,display,neutral,0.55,,lexicon
23828,146,1191,56762,camera,neutral,0.55,,lexicon
23829,146,1191,56763,camera,neutral,0.55,,lexicon
23830,146,1191,56765,camera,neutral,0.55,,lexicon
23831,146,1191,56765,performance,neutral,0.55,,lexicon
23832,146,1191,56766,camera,neutral,0.55,,lexicon
23833,146,1191,56767,camera,neutral,0.55,,lexicon
23834,146,1192,56770,performance,negative,0.86,slow,lexicon
23835,146,1192,56773,camera,positive,0.898,reliable,lexicon
23836,146,1192,56788,price,positive,0.898,happy,lexicon
23837,146,1193,56795,price,positive,0.95,impressive,lexicon
23838,146,1193,56798,display,positive,0.95,affordable,lexicon
23839,146,1193,56798,price,positive,0.95,affordable,lexicon
23840,146,1193,56799,performance,positive,0.86,fast,lexicon
23841,146,1193,56801,display,positive,0.95,happy,lexicon
23842,146,1194,56805,performance,positive,0.95,excellent,lexicon
23843,146,1194,56806,performance,negative,0.633,bugs,lexicon
23844,146,1194,56809,battery,positive,0.792,good,lexicon
23845,146,1195,56810,camera,positive,0.95,great,lexicon
23846,146,1195,56812,battery,positive,0.95,good,lexicon
23847,146,1195,56812,camera,positive,0.95,fast,lexicon
23848,146,1195,56812,display,positive,0.95,fast,lexicon
23849,146,1195,56812,performance,positive,0.95,fast,lexicon
23850,146,1195,56812,design,positive,0.898,good,lexicon
23851,146,1195,56814,price,neutral,0.55,,lexicon
23852,146,1195,56815,camera,positive,0.77,solid,lexicon
23853,146,1195,56817,camera,positive,0.792,good,lexicon
23854,146,1195,56820,price,neutral,0.55,,lexicon
23855,146,1195,56821,price,neutral,0.55,,lexicon
23856,146,1198,56828,battery,neutral,0.55,,lexicon
23857,146,1201,56830,battery,positive,0.86,fast,lexicon
23858,146,1201,56830,performance,positive,0.86,fast,lexicon
23859,146,1201,56832,performance,negative,0.939,bad,lexicon
23860,146,1201,56833,performance,neutral,0.55,,lexicon
23861,146,1201,56834,camera,neutral,0.55,,lexicon
23862,146,1201,56835,design,neutral,0.55,,lexicon
23863,146,1201,56838,battery,neutral,0.471,annoying,lexicon
23864,146,1201,56838,design,positive,0.77,lasts,lexicon
23865,146,1201,56839,battery,neutral,0.55,,lexicon
23866,146,1201,56840,battery,neutral,0.55,,lexicon
23867,146,1201,56841,battery,positive,0.815,quick,lexicon
23868,146,1201,56842,battery,neutral,0.55,,lexicon
23869,146,1201,56843,battery,positive,0.93,quick,lexicon
23870,146,1201,56844,battery,positive,0.95,fast,lexicon
23871,146,1201,56844,performance,positive,0.95,fast,lexicon
23872,146,1201,56845,display,positive,0.883,smooth,lexicon
23873,146,1201,56845,performance,positive,0.883,smooth,lexicon
23874,146,1201,56848,camera,negative,0.68,like,lexicon
23875,147,1236,56853,display,positive,0.95,fast,lexicon
23876,147,1236,56853,performance,positive,0.95,fast,lexicon
23877,147,1236,56855,battery,positive,0.945,fast,lexicon
23878,147,1236,56855,camera,positive,0.95,great,lexicon
23879,147,1236,56855,performance,positive,0.945,fast,lexicon
23880,147,1236,56856,display,positive,0.95,great,lexicon
23881,147,1236,56856,performance,positive,0.895,fast,lexicon
23882,147,1236,56858,display,negative,0.772,annoying,lexicon
23883,147,1236,56860,camera,positive,0.95,good,lexicon
23884,147,1236,56862,camera,negative,0.898,annoying,lexicon
23885,147,1237,56863,price,positive,0.86,great,lexicon
23886,147,1237,56867,display,positive,0.95,fast,lexicon
23887,147,1237,56867,performance,positive,0.95,fast,lexicon
23888,147,1237,56867,design,positive,0.95,fast,lexicon
23889,147,1237,56868,performance,positive,0.86,fast,lexicon
23890,147,1237,56869,battery,positive,0.77,nice,lexicon
23891,147,1237,56870,price,positive,0.834,better,lexicon
23892,147,1237,56871,display,negative,0.77,complaint,lexicon
23893,147,1237,56872,performance,negative,0.788,fast,lexicon
23894,147,1237,56872,display,neutral,0.55,,lexicon
23895,147,1238,56879,design,positive,0.792,good,lexicon
23896,147,1238,56882,performance,neutral,0.55,,lexicon
23897,147,1238,56883,performance,neutral,0.55,,lexicon
23898,147,1238,56884,performance,positive,0.86,fast,lexicon
23899,147,1238,56892,battery,neutral,0.55,,lexicon
23900,147,1238,56893,battery,positive,0.703,fine,lexicon
23901,147,1238,56894,battery,positive,0.86,fast,lexicon
23902,147,1238,56894,performance,positive,0.86,fast,lexicon
23903,147,1238,56895,battery,neutral,0.55,,lexicon
23904,147,1238,56896,battery,neutral,0.55,,lexicon
23905,147,1238,56897,battery,neutral,0.55,,lexicon
23906,147,1238,56899,battery,neutral,0.55,,lexicon
23907,147,1238,56900,battery,neutral,0.55,,lexicon
23908,147,1238,56901,camera,positive,0.95,love,lexicon
23909,147,1238,56904,camera,positive,0.95,loved,lexicon
23910,147,1238,56905,performance,positive,0.86,responsive,lexicon
23911,147,1238,56906,display,negative,0.846,great,lexicon
23912,147,1238,56909,display,neutral,0.55,,lexicon
23913,147,1238,56910,design,positive,0.77,bad,lexicon
23914,147,1238,56913,display,positive,0.77,nice,lexicon
23915,147,1238,56918,price,neutral,0.55,,lexicon
23916,147,1238,56925,price,neutral,0.55,,lexicon
23917,147,1238,56927,camera,neutral,0.55,,lexicon
23918,147,1238,56927,performance,neutral,0.55,,lexicon
23919,147,1238,56928,display,neutral,0.55,,lexicon
23920,147,1238,56928,performance,neutral,0.55,,lexicon
23921,147,1238,56929,camera,neutral,0.55,,lexicon
23922,147,1238,56930,camera,positive,0.86,fast,lexicon
23923,147,1238,56930,performance,positive,0.86,fast,lexicon
23924,147,1238,56931,camera,neutral,0.55,,lexicon
23925,147,1239,56935,battery,neutral,0.55,fast,lexicon
23926,147,1239,56935,performance,positive,0.86,fast,lexicon
23927,147,1239,56936,camera,positive,0.804,happy,lexicon
23928,147,1239,56937,camera,neutral,0.55,,lexicon
23929,147,1239,56939,camera,neutral,0.55,,lexicon
23930,147,1239,56940,display,neutral,0.55,,lexicon
23931,147,1239,56941,display,neutral,0.55,,lexicon
23932,147,1239,56944,camera,neutral,0.55,,lexicon
23933,147,1239,56945,camera,neutral,0.55,,lexicon
23934,147,1239,56947,camera,neutral,0.55,,lexicon
23935,147,1239,56947,performance,neutral,0.55,,lexicon
23936,147,1239,56948,camera,neutral,0.55,,lexicon
23937,147,1239,56949,camera,neutral,0.55,,lexicon
23938,147,1240,56952,performance,negative,0.86,slow,lexicon
23939,147,1240,56955,camera,positive,0.898,reliable,lexicon
23940,147,1240,56970,price,positive,0.898,happy,lexicon
23941,147,1241,56977,price,positive,0.95,impressive,lexicon
23942,147,1241,56980,display,positive,0.95,affordable,lexicon
23943,147,1241,56980,price,positive,0.95,affordable,lexicon
23944,147,1241,56981,performance,positive,0.86,fast,lexicon
23945,147,1241,56983,display,positive,0.95,happy,lexicon
23946,147,1242,56987,performance,positive,0.95,excellent,lexicon
23947,147,1242,56988,performance,negative,0.633,bugs,lexicon
23948,147,1242,56991,battery,positive,0.792,good,lexicon
23949,147,1243,56992,camera,positive,0.95,great,lexicon
23950,147,1243,56994,battery,positive,0.95,good,lexicon
23951,147,1243,56994,camera,positive,0.95,fast,lexicon
23952,147,1243,56994,display,positive,0.95,fast,lexicon
23953,147,1243,56994,performance,positive,0.95,fast,lexicon
23954,147,1243,56994,design,positive,0.898,good,lexicon
23955,147,1243,56996,price,neutral,0.55,,lexicon
23956,147,1243,56997,camera,positive,0.77,solid,lexicon
23957,147,1243,56999,camera,positive,0.792,good,lexicon
23958,147,1243,57002,price,neutral,0.55,,lexicon
23959,147,1243,57003,price,neutral,0.55,,lexicon
23960,147,1246,57010,battery,neutral,0.55,,lexicon
23961,147,1249,57012,battery,positive,0.86,fast,lexicon
23962,147,1249,57012,performance,positive,0.86,fast,lexicon
23963,147,1249,57014,performance,negative,0.939,bad,lexicon
23964,147,1249,57015,performance,neutral,0.55,,lexicon
23965,147,1249,57016,camera,neutral,0.55,,lexicon
23966,147,1249,57017,design,neutral,0.55,,lexicon
23967,147,1249,57020,battery,neutral,0.471,annoying,lexicon
23968,147,1249,57020,design,positive,0.77,lasts,lexicon
23969,147,1249,57021,battery,neutral,0.55,,lexicon
23970,147,1249,57022,battery,neutral,0.55,,lexicon
23971,147,1249,57023,battery,positive,0.815,quick,lexicon
23972,147,1249,57024,battery,neutral,0.55,,lexicon
23973,147,1249,57025,battery,positive,0.93,quick,lexicon
23974,147,1249,57026,battery,positive,0.95,fast,lexicon
23975,147,1249,57026,performance,positive,0.95,fast,lexicon
23976,147,1249,57027,display,positive,0.883,smooth,lexicon
23977,147,1249,57027,performance,positive,0.883,smooth,lexicon
23978,147,1249,57030,camera,negative,0.68,like,lexicon
23979,147,1252,57038,performance,negative,0.914,throttling,lexicon
23980,147,1252,57039,performance,negative,0.838,throttling,lexicon
23981,147,1252,57040,camera,neutral,0.55,,lexicon
23982,147,1252,57041,battery,negative,0.748,issues,lexicon
23983,147,1252,57041,performance,negative,0.748,issues,lexicon
23984,147,1252,57044,battery,negative,0.914,throttling,lexicon
23985,147,1252,57044,performance,negative,0.914,throttling,lexicon
23986,147,1252,57046,performance,negative,0.838,throttling,lexicon
23987,147,1252,57047,performance,negative,0.838,throttling,lexicon
23988,147,1252,57052,camera,neutral,0.55,,lexicon
23989,147,1252,57052,performance,neutral,0.55,,lexicon
23990,147,1252,57053,performance,neutral,0.55,,lexicon
23991,147,1252,57054,camera,positive,0.95,great,lexicon
23992,147,1252,57054,display,positive,0.95,great,lexicon
23993,147,1252,57055,battery,neutral,0.55,,lexicon
23994,147,1252,57055,performance,neutral,0.55,,lexicon
23995,147,1253,57057,display,negative,0.85,issue,lexicon
23996,147,1253,57060,camera,positive,0.825,amazing,lexicon
23997,147,1254,57061,display,neutral,0.55,,lexicon
23998,147,1254,57062,display,neutral,0.55,,lexicon
23999,147,1254,57064,price,negative,0.748,issue,lexicon
24000,147,1255,57071,camera,negative,0.869,outstanding,lexicon
24001,147,1255,57072,camera,negative,0.882,disappointed,lexicon
24002,147,1258,57073,display,neutral,0.55,,lexicon
24003,147,1258,57073,design,neutral,0.55,,lexicon
24004,147,1258,57074,display,neutral,0.55,,lexicon
24005,147,1258,57074,design,neutral,0.55,,lexicon
24006,148,884,57080,display,neutral,0.55,,lexicon
24007,148,884,57081,display,neutral,0.55,,lexicon
24008,148,884,57082,display,neutral,0.55,,lexicon
24009,148,884,57084,camera,neutral,0.55,,lexicon
24010,148,884,57086,display,neutral,0.55,,lexicon
24011,148,884,57087,display,neutral,0.55,,lexicon
24012,148,884,57088,battery,neutral,0.55,,lexicon
24013,148,884,57089,battery,neutral,0.55,,lexicon
24014,148,884,57090,battery,positive,0.86,great,lexicon
24015,148,884,57091,display,neutral,0.55,,lexicon
24016,148,884,57091,battery,neutral,0.55,,lexicon
24017,148,884,57092,battery,neutral,0.55,,lexicon
24018,148,884,57093,display,positive,0.815,all day,lexicon
24019,148,884,57093,battery,neutral,0.55,,lexicon
24020,148,884,57094,display,neutral,0.55,,lexicon
24021,148,884,57099,price,neutral,0.55,,lexicon
24022,148,884,57100,price,positive,0.95,worth,lexicon
24023,148,884,57102,battery,negative,0.838,drain,lexicon
24024,148,884,57102,performance,negative,0.838,drain,lexicon
24025,148,884,57104,camera,neutral,0.55,,lexicon
24026,148,885,57112,performance,positive,0.95,fast,lexicon
24027,148,885,57113,performance,positive,0.927,excellent,lexicon
24028,148,885,57114,camera,positive,0.927,outstanding,lexicon
24029,148,885,57115,camera,neutral,0.55,,lexicon
24030,148,885,57119,performance,negative,0.725,like,lexicon
24031,148,885,57119,camera,neutral,0.55,,lexicon
24032,148,885,57119,design,neutral,0.55,,lexicon
24033,148,885,57120,display,neutral,0.55,,lexicon
24034,148,885,57121,battery,positive,0.95,good,lexicon
24035,148,885,57121,price,positive,0.95,good,lexicon
24036,148,886,57122,battery,negative,0.86,died,lexicon
24037,148,886,57126,display,neutral,0.55,,lexicon
24038,148,886,57131,battery,positive,0.792,good,lexicon
24039,148,887,57138,design,neutral,0.55,,lexicon
24040,148,887,57139,battery,positive,0.945,fast,lexicon
24041,148,887,57139,performance,positive,0.95,smooth,lexicon
24042,148,887,57140,camera,positive,0.95,fantastic,lexicon
24043,148,888,57142,price,positive,0.792,good,lexicon
24044,148,888,57147,price,neutral,0.55,,lexicon
24045,148,888,57151,battery,positive,0.788,cracked,lexicon
24046,148,888,57151,display,positive,0.788,cracked,lexicon
24047,148,888,57152,display,neutral,0.55,,lexicon
24048,148,888,57163,battery,positive,0.792,reasonable,lexicon
24049,148,889,57168,battery,neutral,0.55,,lexicon
24050,148,890,57173,battery,positive,0.942,amazing,lexicon
24051,148,891,57184,camera,positive,0.95,great,lexicon
24052,148,895,57185,performance,neutral,0.55,,lexicon
24053,148,895,57186,price,positive,0.95,best,lexicon
24054,148,898,57196,price,positive,0.95,waste,lexicon
24055,148,898,57197,design,neutral,0.55,,lexicon
24056,148,898,57200,price,negative,0.95,waste,lexicon
24057,149,2562,57202,price,positive,0.815,worth,lexicon
24058,149,2563,57207,battery,positive,0.95,great,lexicon
24059,149,2564,57208,camera,positive,0.95,responsive,lexicon
24060,149,2564,57208,display,positive,0.95,responsive,lexicon
24061,149,2564,57208,performance,positive,0.95,responsive,lexicon
24062,149,2565,57211,battery,positive,0.914,premium,lexicon
24063,149,2565,57213,display,neutral,0.55,,lexicon
24064,149,2565,57214,battery,positive,0.86,great,lexicon
24065,149,2565,57214,camera,positive,0.86,great,lexicon
24066,149,2565,57217,display,neutral,0.55,,lexicon
24067,149,2565,57218,performance,positive,0.851,good,lexicon
24068,149,2566,57225,display,neutral,0.55,,lexicon
24069,149,2566,57228,battery,positive,0.895,good,lexicon
24070,149,2566,57232,display,neutral,0.55,,lexicon
24071,149,2567,57237,battery,positive,0.86,beautiful,lexicon
24072,149,2568,57244,battery,neutral,0.55,,lexicon
24073,149,2569,57248,design,positive,0.927,excellent,lexicon
24074,149,2569,57250,battery,neutral,0.55,,lexicon
24075,149,2569,57257,design,positive,0.792,good,lexicon
24076,149,2569,57257,price,positive,0.792,good,lexicon
24077,149,2569,57258,battery,positive,0.95,fast,lexicon
24078,149,2569,57258,performance,positive,0.95,fast,lexicon
24079,149,2569,57260,price,positive,0.815,premium,lexicon
24080,149,2569,57261,price,neutral,0.55,,lexicon
24081,149,2571,57267,camera,neutral,0.55,,lexicon
24082,149,2574,57270,battery,neutral,0.448,good,lexicon
24083,149,2574,57272,battery,neutral,0.55,,lexicon
24084,149,2575,57275,camera,neutral,0.55,,lexicon
24085,149,2575,57275,display,neutral,0.55,,lexicon
24086,149,2575,57276,price,neutral,0.55,,lexicon
24087,149,2575,57277,battery,positive,0.792,good,lexicon
24088,149,2575,57278,battery,neutral,0.55,,lexicon
24089,150,579,57283,battery,positive,0.95,perfect,lexicon
24090,150,579,57286,camera,positive,0.895,good,lexicon
24091,150,579,57287,price,positive,0.838,recommend,lexicon
24092,150,580,57292,design,negative,0.734,good,lexicon
24093,150,581,57309,price,positive,0.86,great,lexicon
24094,150,581,57310,display,positive,0.927,flawless,lexicon
24095,150,581,57312,battery,positive,0.95,perfect,lexicon
24096,150,581,57312,camera,positive,0.77,lasts,lexicon
24097,150,581,57314,performance,positive,0.95,smooth,lexicon
24098,150,581,57315,battery,positive,0.822,better,lexicon
24099,150,581,57316,display,neutral,0.55,,lexicon
24100,150,581,57316,performance,neutral,0.55,,lexicon
24101,150,581,57317,battery,negative,0.838,drain,lexicon
24102,150,581,57317,design,negative,0.838,drain,lexicon
24103,150,581,57318,battery,neutral,0.55,,lexicon
24104,150,581,57319,camera,neutral,0.55,,lexicon
24105,150,581,57320,camera,neutral,0.55,,lexicon
24106,150,581,57321,performance,negative,0.684,smooth,lexicon
24107,150,582,57329,display,neutral,0.55,,lexicon
24108,150,582,57334,battery,positive,0.703,fine,lexicon
24109,150,582,57335,battery,positive,0.86,great,lexicon
24110,150,582,57336,display,positive,0.95,fast,lexicon
24111,150,582,57336,performance,positive,0.95,fast,lexicon
24112,150,584,57347,camera,negative,0.95,overheats,lexicon
24113,150,584,57347,performance,negative,0.95,overheats,lexicon
24114,150,584,57348,battery,neutral,0.55,,lexicon
24115,150,584,57348,camera,neutral,0.55,,lexicon
24116,150,584,57353,performance,neutral,0.55,,lexicon
24117,150,584,57354,battery,positive,0.866,good,lexicon
24118,150,584,57354,camera,positive,0.792,good,lexicon
24119,150,584,57355,camera,negative,0.748,issues,lexicon
24120,150,585,57358,battery,neutral,0.55,,lexicon
24121,150,585,57359,display,positive,0.927,excellent,lexicon
24122,150,586,57364,battery,neutral,0.471,died,lexicon
24123,150,586,57367,display,negative,0.883,crashing,lexicon
24124,150,587,57371,price,positive,0.895,good,lexicon
24125,150,590,57374,display,negative,0.945,blurry,lexicon
24126,150,593,57383,battery,neutral,0.55,,lexicon
24127,150,593,57385,display,neutral,0.55,,lexicon
24128,150,593,57386,battery,neutral,0.55,,lexicon
24129,151,664,57389,battery,positive,0.95,perfect,lexicon
24130,151,664,57392,camera,positive,0.895,good,lexicon
24131,151,664,57393,price,positive,0.838,recommend,lexicon
24132,151,665,57398,design,negative,0.734,good,lexicon
24133,151,666,57415,price,positive,0.86,great,lexicon
24134,151,666,57416,display,positive,0.927,flawless,lexicon
24135,151,666,57418,battery,positive,0.95,perfect,lexicon
24136,151,666,57418,camera,positive,0.77,lasts,lexicon
24137,151,666,57420,performance,positive,0.95,smooth,lexicon
24138,151,666,57421,battery,positive,0.822,better,lexicon
24139,151,666,57422,display,neutral,0.55,,lexicon
24140,151,666,57422,performance,neutral,0.55,,lexicon
24141,151,666,57423,battery,negative,0.838,drain,lexicon
24142,151,666,57423,design,negative,0.838,drain,lexicon
24143,151,666,57424,battery,neutral,0.55,,lexicon
24144,151,666,57425,camera,neutral,0.55,,lexicon
24145,151,666,57426,camera,neutral,0.55,,lexicon
24146,151,666,57427,performance,negative,0.684,smooth,lexicon
24147,151,667,57435,display,neutral,0.55,,lexicon
24148,151,667,57440,battery,positive,0.703,fine,lexicon
24149,151,667,57441,battery,positive,0.86,great,lexicon
24150,151,667,57442,display,positive,0.95,fast,lexicon
24151,151,667,57442,performance,positive,0.95,fast,lexicon
24152,151,669,57453,camera,negative,0.95,overheats,lexicon
24153,151,669,57453,performance,negative,0.95,overheats,lexicon
24154,151,669,57454,battery,neutral,0.55,,lexicon
24155,151,669,57454,camera,neutral,0.55,,lexicon
24156,151,669,57459,performance,neutral,0.55,,lexicon
24157,151,669,57460,battery,positive,0.866,good,lexicon
24158,151,669,57460,camera,positive,0.792,good,lexicon
24159,151,669,57461,camera,negative,0.748,issues,lexicon
24160,151,670,57464,battery,neutral,0.55,,lexicon
24161,151,670,57465,display,positive,0.927,excellent,lexicon
24162,151,671,57470,battery,neutral,0.471,died,lexicon
24163,151,671,57473,display,negative,0.883,crashing,lexicon
24164,151,672,57477,price,positive,0.895,good,lexicon
24165,151,675,57480,display,negative,0.945,blurry,lexicon
24166,151,678,57489,battery,neutral,0.55,,lexicon
24167,151,678,57491,display,neutral,0.55,,lexicon
24168,151,678,57492,battery,neutral,0.55,,lexicon
24169,151,679,57496,battery,neutral,0.55,,lexicon
24170,151,680,57502,battery,positive,0.95,durable,lexicon
24171,151,680,57503,display,neutral,0.55,,lexicon
24172,151,680,57504,performance,positive,0.883,smooth,lexicon
24173,151,680,57505,display,neutral,0.511,powerful,lexicon
24174,151,680,57506,display,neutral,0.55,,lexicon
24175,151,680,57511,display,negative,0.86,poorly,lexicon
24176,151,683,57529,price,positive,0.86,great,lexicon
24177,151,683,57532,battery,positive,0.748,better,lexicon
24178,151,683,57533,battery,positive,0.86,fast,lexicon
24179,151,683,57533,performance,positive,0.86,fast,lexicon
24180,151,683,57537,performance,positive,0.95,fast,lexicon
24181,151,684,57547,display,neutral,0.55,,lexicon
24182,151,684,57553,price,positive,0.927,perfect,lexicon
24183,151,684,57554,camera,positive,0.95,great,lexicon
24184,151,684,57557,camera,neutral,0.55,,lexicon
24185,151,684,57557,display,neutral,0.55,,lexicon
24186,151,685,57563,battery,positive,0.895,good,lexicon
24187,151,686,57564,display,negative,0.86,poorly,lexicon
24188,151,686,57566,display,neutral,0.55,,lexicon
24189,151,687,57567,price,neutral,0.471,not worth,lexicon
24190,151,687,57569,battery,neutral,0.55,,lexicon
24191,151,687,57573,price,neutral,0.55,,lexicon
24192,151,688,57576,display,neutral,0.55,,lexicon
24193,152,719,57582,battery,positive,0.95,perfect,lexicon
24194,152,719,57585,camera,positive,0.895,good,lexicon
24195,152,719,57586,price,positive,0.838,recommend,lexicon
24196,152,720,57591,design,negative,0.734,good,lexicon
24197,152,721,57608,price,positive,0.86,great,lexicon
24198,152,721,57609,display,positive,0.927,flawless,lexicon
24199,152,721,57611,battery,positive,0.95,perfect,lexicon
24200,152,721,57611,camera,positive,0.77,lasts,lexicon
24201,152,721,57613,performance,positive,0.95,smooth,lexicon
24202,152,721,57614,battery,positive,0.822,better,lexicon
24203,152,721,57615,display,neutral,0.55,,lexicon
24204,152,721,57615,performance,neutral,0.55,,lexicon
24205,152,721,57616,battery,negative,0.838,drain,lexicon
24206,152,721,57616,design,negative,0.838,drain,lexicon
24207,152,721,57617,battery,neutral,0.55,,lexicon
24208,152,721,57618,camera,neutral,0.55,,lexicon
24209,152,721,57619,camera,neutral,0.55,,lexicon
24210,152,721,57620,performance,negative,0.684,smooth,lexicon
24211,152,722,57628,display,neutral,0.55,,lexicon
24212,152,722,57633,battery,positive,0.703,fine,lexicon
24213,152,722,57634,battery,positive,0.86,great,lexicon
24214,152,722,57635,display,positive,0.95,fast,lexicon
24215,152,722,57635,performance,positive,0.95,fast,lexicon
24216,152,724,57646,camera,negative,0.95,overheats,lexicon
24217,152,724,57646,performance,negative,0.95,overheats,lexicon
24218,152,724,57647,battery,neutral,0.55,,lexicon
24219,152,724,57647,camera,neutral,0.55,,lexicon
24220,152,724,57652,performance,neutral,0.55,,lexicon
24221,152,724,57653,battery,positive,0.866,good,lexicon
24222,152,724,57653,camera,positive,0.792,good,lexicon
24223,152,724,57654,camera,negative,0.748,issues,lexicon
24224,152,725,57657,battery,neutral,0.55,,lexicon
24225,152,725,57658,display,positive,0.927,excellent,lexicon
24226,152,726,57663,battery,neutral,0.471,died,lexicon
24227,152,726,57666,display,negative,0.883,crashing,lexicon
24228,152,727,57670,price,positive,0.895,good,lexicon
24229,152,730,57673,display,negative,0.945,blurry,lexicon
24230,152,733,57682,battery,neutral,0.55,,lexicon
24231,152,733,57684,display,neutral,0.55,,lexicon
24232,152,733,57685,battery,neutral,0.55,,lexicon
24233,152,734,57689,battery,neutral,0.55,,lexicon
24234,152,735,57695,battery,positive,0.95,durable,lexicon
24235,152,735,57696,display,neutral,0.55,,lexicon
24236,152,735,57697,performance,positive,0.883,smooth,lexicon
24237,152,735,57698,display,neutral,0.511,powerful,lexicon
24238,152,735,57699,display,neutral,0.55,,lexicon
24239,152,735,57704,display,negative,0.86,poorly,lexicon
24240,152,738,57722,price,positive,0.86,great,lexicon
24241,152,738,57725,battery,positive,0.748,better,lexicon
24242,152,738,57726,battery,positive,0.86,fast,lexicon
24243,152,738,57726,performance,positive,0.86,fast,lexicon
24244,152,738,57730,performance,positive,0.95,fast,lexicon
24245,152,739,57740,display,neutral,0.55,,lexicon
24246,152,739,57746,price,positive,0.927,perfect,lexicon
24247,152,739,57747,camera,positive,0.95,great,lexicon
24248,152,739,57750,camera,neutral,0.55,,lexicon
24249,152,739,57750,display,neutral,0.55,,lexicon
24250,152,740,57756,battery,positive,0.895,good,lexicon
24251,152,741,57757,display,negative,0.86,poorly,lexicon
24252,152,741,57759,display,neutral,0.55,,lexicon
24253,152,742,57760,price,neutral,0.471,not worth,lexicon
24254,152,742,57762,battery,neutral,0.55,,lexicon
24255,152,742,57766,price,neutral,0.55,,lexicon
24256,152,743,57769,display,neutral,0.55,,lexicon
24257,153,2872,57774,display,positive,0.927,perfect,lexicon
24258,153,2873,57776,price,positive,0.866,good,lexicon
24259,153,2873,57777,price,positive,0.792,good,lexicon
24260,153,2876,57782,battery,negative,0.842,perfect,lexicon
24261,153,2876,57783,camera,neutral,0.55,,lexicon
24262,153,2876,57784,battery,neutral,0.55,,lexicon
24263,153,2876,57791,design,positive,0.838,recommend,lexicon
24264,153,2876,57795,battery,positive,0.725,like,lexicon
24265,153,2876,57795,display,positive,0.725,like,lexicon
24266,153,2876,57796,price,neutral,0.55,,lexicon
24267,154,2411,57803,battery,neutral,0.55,,lexicon
24268,154,2411,57805,display,neutral,0.55,,lexicon
24269,154,2411,57806,performance,neutral,0.55,,lexicon
24270,154,2411,57808,display,neutral,0.55,,lexicon
24271,154,2411,57816,display,neutral,0.55,,lexicon
24272,154,2412,57826,camera,positive,0.939,clear,lexicon
24273,154,2412,57826,performance,positive,0.939,clear,lexicon
24274,154,2412,57837,battery,neutral,0.55,,lexicon
24275,154,2412,57842,battery,neutral,0.55,,lexicon
24276,154,2413,57847,design,positive,0.815,premium,lexicon
24277,154,2413,57859,display,neutral,0.55,,lexicon
24278,154,2414,57863,battery,positive,0.95,excellent,lexicon
24279,154,2415,57864,price,positive,0.95,perfect,lexicon
24280,154,2415,57868,battery,neutral,0.55,,lexicon
24281,154,2416,57875,design,positive,0.725,like,lexicon
24282,154,2418,57880,battery,neutral,0.55,,lexicon
24283,154,2418,57885,battery,neutral,0.55,,lexicon
24284,154,2418,57886,display,neutral,0.55,,lexicon
24285,154,2424,57895,display,negative,0.93,slow,lexicon
24286,154,2424,57895,performance,negative,0.93,slow,lexicon
24287,154,2424,57896,display,neutral,0.55,,lexicon
24288,154,2424,57897,battery,neutral,0.55,,lexicon
24289,154,2424,57900,battery,neutral,0.55,,lexicon
24290,154,2424,57901,battery,neutral,0.55,,lexicon
24291,154,2424,57904,camera,neutral,0.55,,lexicon
24292,154,2425,57909,battery,positive,0.725,like,lexicon
24293,154,2425,57914,battery,neutral,0.393,unacceptable,lexicon
24294,155,2121,57921,price,positive,0.725,like,lexicon
24295,155,2121,57925,price,neutral,0.393,expensive,lexicon
24296,155,2121,57930,design,neutral,0.55,,lexicon
24297,155,2121,57931,camera,neutral,0.55,,lexicon
24298,155,2121,57931,display,neutral,0.55,,lexicon
24299,155,2121,57933,battery,positive,0.95,crisp,lexicon
24300,155,2121,57933,performance,positive,0.95,crisp,lexicon
24301,155,2121,57934,design,positive,0.725,like,lexicon
24302,155,2121,57935,performance,positive,0.927,flawless,lexicon
24303,155,2121,57937,battery,positive,0.95,amazing,lexicon
24304,155,2121,57937,camera,positive,0.95,responsive,lexicon
24305,155,2121,57937,display,positive,0.95,responsive,lexicon
24306,155,2121,57937,performance,positive,0.95,responsive,lexicon
24307,155,2121,57938,performance,positive,0.95,smooth,lexicon
24308,155,2121,57944,battery,negative,0.748,issues,lexicon
24309,155,2121,57946,price,positive,0.882,premium,lexicon
24310,155,2121,57947,price,positive,0.927,amazing,lexicon
24311,155,2121,57948,camera,positive,0.95,excellent,lexicon
24312,155,2121,57948,display,positive,0.95,excellent,lexicon
24313,155,2121,57948,performance,positive,0.95,excellent,lexicon
24314,155,2122,57954,battery,positive,0.815,premium,lexicon
24315,155,2122,57955,battery,negative,0.838,drain,lexicon
24316,155,2122,57957,performance,positive,0.905,exceptional,lexicon
24317,155,2122,57957,price,positive,0.905,exceptional,lexicon
24318,155,2122,57958,battery,neutral,0.55,,lexicon
24319,155,2122,57959,price,positive,0.815,premium,lexicon
24320,155,2122,57960,camera,neutral,0.55,,lexicon
24321,155,2122,57962,camera,positive,0.905,stunning,lexicon
24322,155,2122,57962,display,positive,0.905,stunning,lexicon
24323,155,2122,57963,camera,positive,0.927,amazing,lexicon
24324,155,2122,57966,performance,positive,0.838,reliable,lexicon
24325,155,2122,57968,performance,positive,0.815,efficient,lexicon
24326,155,2122,57970,design,neutral,0.55,,lexicon
24327,155,2122,57970,battery,neutral,0.55,,lexicon
24328,155,2123,57974,battery,positive,0.792,reasonable,lexicon
24329,155,2124,57982,battery,positive,0.725,like,lexicon
24330,155,2125,57988,battery,neutral,0.55,,lexicon
24331,155,2125,57991,price,negative,0.644,cheap,lexicon
24332,155,2126,57993,price,positive,0.86,great,lexicon
24333,155,2127,57996,design,positive,0.86,great,lexicon
24334,155,2127,57997,battery,neutral,0.55,,lexicon
24335,155,2128,58005,battery,neutral,0.55,,lexicon
24336,155,2134,58007,design,negative,0.95,disappointed,lexicon
24337,155,2134,58008,battery,positive,0.815,premium,lexicon
24338,155,2134,58008,display,negative,0.86,poorly,lexicon
24339,155,2134,58009,camera,neutral,0.55,,lexicon
24340,155,2134,58009,display,neutral,0.55,,lexicon
24341,155,2134,58010,display,neutral,0.55,,lexicon
24342,155,2134,58012,display,negative,0.77,problem,lexicon
24343,155,2136,58014,battery,neutral,0.55,,lexicon
24344,155,2136,58016,battery,neutral,0.55,,lexicon
24345,155,2136,58017,battery,neutral,0.432,disappointed,lexicon
24346,155,2136,58017,price,neutral,0.432,disappointed,lexicon
24347,155,2136,58018,battery,neutral,0.55,,lexicon
24348,155,2136,58019,battery,positive,0.725,liked,lexicon
24349,155,2137,58021,design,positive,0.95,flawless,lexicon
24350,155,2137,58022,battery,positive,0.95,excellent,lexicon
24351,155,2137,58023,battery,positive,0.815,worth,lexicon
24352,155,2138,58025,camera,positive,0.86,great,lexicon
24353,155,2138,58027,camera,negative,0.748,issue,lexicon
24354,155,2138,58027,design,negative,0.748,issue,lexicon
24355,155,2138,58028,camera,negative,0.927,horrible,lexicon
24356,155,2138,58029,camera,neutral,0.55,,lexicon
24357,155,2139,58032,performance,positive,0.95,perfect,lexicon
24358,155,2139,58033,battery,neutral,0.55,,lexicon
24359,155,2139,58035,battery,neutral,0.55,,lexicon
24360,155,2139,58036,battery,negative,0.86,died,lexicon
24361,155,2139,58037,battery,neutral,0.55,,lexicon
24362,155,2139,58041,display,neutral,0.55,,lexicon
24363,155,2139,58041,performance,neutral,0.55,,lexicon
24364,155,2139,58048,battery,neutral,0.55,,lexicon
24365,155,2139,58051,design,neutral,0.55,,lexicon
24366,155,2139,58052,battery,neutral,0.55,,lexicon
24367,155,2139,58056,battery,neutral,0.55,,lexicon
24368,155,2140,58062,price,neutral,0.55,,lexicon
24369,155,2140,58063,performance,positive,0.95,fast,lexicon
24370,155,2140,58064,display,neutral,0.55,,lexicon
24371,155,2140,58068,camera,neutral,0.55,,lexicon
24372,155,2140,58069,design,neutral,0.55,,lexicon
24373,155,2140,58070,battery,neutral,0.55,,lexicon
24374,155,2141,58073,battery,positive,0.95,recommended,lexicon
24375,155,2142,58074,price,positive,0.725,like,lexicon
24376,155,2142,58076,battery,neutral,0.55,,lexicon
24377,155,2142,58078,display,neutral,0.55,,lexicon
24378,155,2142,58084,battery,positive,0.927,flawless,lexicon
24379,155,2142,58084,display,positive,0.927,flawless,lexicon
24380,155,2144,58086,display,positive,0.95,great,lexicon
24381,155,2144,58086,price,positive,0.95,great,lexicon
24382,155,2144,58087,display,positive,0.725,like,lexicon
24383,155,2144,58088,display,neutral,0.55,,lexicon
24384,155,2144,58088,design,neutral,0.55,,lexicon
24385,155,2144,58089,display,neutral,0.55,,lexicon
24386,155,2144,58090,battery,neutral,0.55,,lexicon
24387,155,2144,58092,camera,neutral,0.55,,lexicon
24388,155,2144,58092,display,neutral,0.55,,lexicon
24389,155,2144,58093,battery,neutral,0.55,,lexicon
24390,155,2144,58093,design,positive,0.86,great,lexicon
24391,155,2145,58098,design,negative,0.905,hate,lexicon
24392,155,2145,58100,battery,neutral,0.55,,lexicon
24393,155,2145,58102,display,neutral,0.55,,lexicon
24394,155,2145,58105,display,neutral,0.55,,lexicon
24395,155,2145,58109,design,positive,0.93,great,lexicon
24396,156,2682,58112,price,positive,0.725,like,lexicon
24397,156,2682,58116,price,neutral,0.393,expensive,lexicon
24398,156,2682,58121,design,neutral,0.55,,lexicon
24399,156,2682,58122,camera,neutral,0.55,,lexicon
24400,156,2682,58122,display,neutral,0.55,,lexicon
24401,156,2682,58124,battery,positive,0.95,crisp,lexicon
24402,156,2682,58124,performance,positive,0.95,crisp,lexicon
24403,156,2682,58125,design,positive,0.725,like,lexicon
24404,156,2682,58126,performance,positive,0.927,flawless,lexicon
24405,156,2682,58128,battery,positive,0.95,amazing,lexicon
24406,156,2682,58128,camera,positive,0.95,responsive,lexicon
24407,156,2682,58128,display,positive,0.95,responsive,lexicon
24408,156,2682,58128,performance,positive,0.95,responsive,lexicon
24409,156,2682,58129,performance,positive,0.95,smooth,lexicon
24410,156,2682,58135,battery,negative,0.748,issues,lexicon
24411,156,2682,58137,price,positive,0.882,premium,lexicon
24412,156,2682,58138,price,positive,0.927,amazing,lexicon
24413,156,2682,58139,camera,positive,0.95,excellent,lexicon
24414,156,2682,58139,display,positive,0.95,excellent,lexicon
24415,156,2682,58139,performance,positive,0.95,excellent,lexicon
24416,156,2683,58145,battery,positive,0.815,premium,lexicon
24417,156,2683,58146,battery,negative,0.838,drain,lexicon
24418,156,2683,58148,performance,positive,0.905,exceptional,lexicon
24419,156,2683,58148,price,positive,0.905,exceptional,lexicon
24420,156,2683,58149,battery,neutral,0.55,,lexicon
24421,156,2683,58150,price,positive,0.815,premium,lexicon
24422,156,2683,58151,camera,neutral,0.55,,lexicon
24423,156,2683,58153,camera,positive,0.905,stunning,lexicon
24424,156,2683,58153,display,positive,0.905,stunning,lexicon
24425,156,2683,58154,camera,positive,0.927,amazing,lexicon
24426,156,2683,58157,performance,positive,0.838,reliable,lexicon
24427,156,2683,58159,performance,positive,0.815,efficient,lexicon
24428,156,2683,58161,design,neutral,0.55,,lexicon
24429,156,2683,58161,battery,neutral,0.55,,lexicon
24430,156,2684,58165,battery,positive,0.792,reasonable,lexicon
24431,156,2685,58173,battery,positive,0.725,like,lexicon
24432,156,2686,58179,battery,neutral,0.55,,lexicon
24433,156,2686,58182,price,negative,0.644,cheap,lexicon
24434,156,2687,58184,price,positive,0.86,great,lexicon
24435,156,2688,58187,design,positive,0.86,great,lexicon
24436,156,2688,58188,battery,neutral,0.55,,lexicon
24437,156,2689,58196,battery,neutral,0.55,,lexicon
24438,156,2695,58198,design,negative,0.95,disappointed,lexicon
24439,156,2695,58199,battery,positive,0.815,premium,lexicon
24440,156,2695,58199,display,negative,0.86,poorly,lexicon
24441,156,2695,58200,camera,neutral,0.55,,lexicon
24442,156,2695,58200,display,neutral,0.55,,lexicon
24443,156,2695,58201,display,neutral,0.55,,lexicon
24444,156,2695,58203,display,negative,0.77,problem,lexicon
24445,156,2697,58205,battery,neutral,0.55,,lexicon
24446,156,2697,58207,battery,neutral,0.55,,lexicon
24447,156,2697,58208,battery,neutral,0.432,disappointed,lexicon
24448,156,2697,58208,price,neutral,0.432,disappointed,lexicon
24449,156,2697,58209,battery,neutral,0.55,,lexicon
24450,156,2697,58210,battery,positive,0.725,liked,lexicon
24451,156,2698,58212,design,positive,0.95,flawless,lexicon
24452,156,2698,58213,battery,positive,0.95,excellent,lexicon
24453,156,2698,58214,battery,positive,0.815,worth,lexicon
24454,156,2699,58216,camera,positive,0.86,great,lexicon
24455,156,2699,58218,camera,negative,0.748,issue,lexicon
24456,156,2699,58218,design,negative,0.748,issue,lexicon
24457,156,2699,58219,camera,negative,0.927,horrible,lexicon
24458,156,2699,58220,camera,neutral,0.55,,lexicon
24459,156,2700,58223,performance,positive,0.95,perfect,lexicon
24460,156,2700,58224,battery,neutral,0.55,,lexicon
24461,156,2700,58226,battery,neutral,0.55,,lexicon
24462,156,2700,58227,battery,negative,0.86,died,lexicon
24463,156,2700,58228,battery,neutral,0.55,,lexicon
24464,156,2700,58232,display,neutral,0.55,,lexicon
24465,156,2700,58232,performance,neutral,0.55,,lexicon
24466,156,2700,58239,battery,neutral,0.55,,lexicon
24467,156,2700,58242,design,neutral,0.55,,lexicon
24468,156,2700,58243,battery,neutral,0.55,,lexicon
24469,156,2700,58247,battery,neutral,0.55,,lexicon
24470,156,2701,58253,price,neutral,0.55,,lexicon
24471,156,2701,58254,performance,positive,0.95,fast,lexicon
24472,156,2701,58255,display,neutral,0.55,,lexicon
24473,156,2701,58259,camera,neutral,0.55,,lexicon
24474,156,2701,58260,design,neutral,0.55,,lexicon
24475,156,2701,58261,battery,neutral,0.55,,lexicon
24476,156,2702,58264,battery,positive,0.95,recommended,lexicon
24477,156,2703,58265,price,positive,0.725,like,lexicon
24478,156,2703,58267,battery,neutral,0.55,,lexicon
24479,156,2703,58269,display,neutral,0.55,,lexicon
24480,156,2703,58275,battery,positive,0.927,flawless,lexicon
24481,156,2703,58275,display,positive,0.927,flawless,lexicon
24482,156,2705,58277,display,positive,0.95,great,lexicon
24483,156,2705,58277,price,positive,0.95,great,lexicon
24484,156,2705,58278,display,positive,0.725,like,lexicon
24485,156,2705,58279,display,neutral,0.55,,lexicon
24486,156,2705,58279,design,neutral,0.55,,lexicon
24487,156,2705,58280,display,neutral,0.55,,lexicon
24488,156,2705,58281,battery,neutral,0.55,,lexicon
24489,156,2705,58283,camera,neutral,0.55,,lexicon
24490,156,2705,58283,display,neutral,0.55,,lexicon
24491,156,2705,58284,battery,neutral,0.55,,lexicon
24492,156,2705,58284,design,positive,0.86,great,lexicon
24493,156,2706,58289,design,negative,0.905,hate,lexicon
24494,156,2706,58291,battery,neutral,0.55,,lexicon
24495,156,2706,58293,display,neutral,0.55,,lexicon
24496,156,2706,58296,display,neutral,0.55,,lexicon
24497,156,2706,58300,design,positive,0.93,great,lexicon
24498,157,1050,58301,price,positive,0.86,great,lexicon
24499,157,1050,58310,battery,positive,0.927,excellent,lexicon
24500,157,1050,58316,display,neutral,0.55,,lexicon
24501,157,1050,58317,design,neutral,0.55,,lexicon
24502,157,1050,58318,display,positive,0.725,like,lexicon
24503,157,1050,58319,display,neutral,0.55,,lexicon
24504,157,1050,58320,price,positive,0.95,great,lexicon
24505,157,1052,58325,performance,neutral,0.55,,lexicon
24506,157,1052,58326,camera,neutral,0.416,best,lexicon
24507,157,1053,58327,price,positive,0.95,great,lexicon
24508,157,1054,58330,price,neutral,0.471,issues,lexicon
24509,157,1055,58336,camera,neutral,0.55,,lexicon
24510,157,1056,58340,price,neutral,0.55,,lexicon
24511,157,1056,58342,battery,positive,0.725,liked,lexicon
24512,157,1056,58343,battery,neutral,0.55,,lexicon
24513,157,1056,58347,price,positive,0.802,expensive,lexicon
24514,157,1056,58348,design,neutral,0.55,,lexicon
24515,157,1057,58350,price,positive,0.725,like,lexicon
24516,157,1057,58352,display,positive,0.95,smooth,lexicon
24517,157,1057,58352,performance,positive,0.95,smooth,lexicon
24518,157,1057,58353,camera,positive,0.822,better,lexicon
24519,157,1057,58353,price,positive,0.822,better,lexicon
24520,157,1057,58354,camera,positive,0.86,crisp,lexicon
24521,157,1057,58354,display,positive,0.86,crisp,lexicon
24522,157,1057,58354,design,positive,0.86,crisp,lexicon
24523,157,1057,58355,camera,neutral,0.55,,lexicon
24524,157,1057,58355,price,neutral,0.55,,lexicon
24525,157,1057,58356,performance,neutral,0.55,,lexicon
24526,157,1057,58357,battery,positive,0.844,solid,lexicon
24527,157,1057,58357,performance,positive,0.95,fast,lexicon
24528,157,1057,58358,battery,positive,0.85,lasts,lexicon
24529,157,1057,58359,price,positive,0.95,satisfied,lexicon
24530,157,1058,58360,battery,neutral,0.55,,lexicon
24531,157,1058,58364,battery,positive,0.927,excellent,lexicon
24532,157,1058,58365,camera,neutral,0.55,,lexicon
24533,157,1058,58366,price,positive,0.927,excellent,lexicon
24534,157,1058,58367,battery,negative,0.748,issue,lexicon
24535,157,1058,58367,price,negative,0.748,issue,lexicon
24536,157,1059,58372,price,neutral,0.55,,lexicon
24537,157,1059,58375,battery,negative,0.905,defective,lexicon
24538,157,1059,58376,performance,negative,0.86,lags,lexicon
24539,157,1059,58377,performance,neutral,0.511,problems,lexicon
24540,157,1060,58386,performance,neutral,0.55,,lexicon
24541,157,1060,58397,price,neutral,0.55,,lexicon
24542,157,1061,58401,battery,neutral,0.55,,lexicon
24543,157,1061,58405,battery,neutral,0.55,,lexicon
24544,157,1061,58407,price,positive,0.945,recommended,lexicon
24545,157,1062,58412,performance,positive,0.95,fast,lexicon
24546,157,1062,58412,design,positive,0.95,fast,lexicon
24547,158,1746,58422,camera,positive,0.698,issues,lexicon
24548,158,1746,58422,display,positive,0.698,issues,lexicon
24549,158,1746,58423,battery,positive,0.95,amazing,lexicon
24550,158,1749,58439,price,positive,0.95,beautiful,lexicon
24551,158,1749,58440,performance,negative,0.866,problems,lexicon
24552,158,1749,58442,price,positive,0.95,gorgeous,lexicon
24553,158,1749,58444,display,positive,0.95,beautiful,lexicon
24554,158,1750,58447,price,positive,0.86,great,lexicon
24555,158,1750,58448,price,positive,0.86,great,lexicon
24556,158,1750,58449,price,positive,0.815,worth,lexicon
24557,158,1751,58451,price,positive,0.86,great,lexicon
24558,159,2396,58459,display,neutral,0.55,,lexicon
24559,159,2396,58461,display,neutral,0.55,,lexicon
24560,159,2396,58462,display,neutral,0.55,,lexicon
24561,159,2396,58463,battery,neutral,0.55,,lexicon
24562,159,2396,58464,battery,neutral,0.55,,lexicon
24563,159,2396,58465,battery,neutral,0.55,,lexicon
24564,159,2396,58466,performance,neutral,0.55,,lexicon
24565,159,2397,58471,battery,neutral,0.55,,lexicon
24566,159,2398,58473,battery,neutral,0.55,,lexicon
24567,159,2398,58474,battery,neutral,0.55,,lexicon
24568,159,2398,58475,battery,neutral,0.55,,lexicon
24569,159,2398,58478,battery,neutral,0.55,,lexicon
24570,159,2398,58479,battery,neutral,0.55,,lexicon
24571,159,2398,58485,battery,neutral,0.55,,lexicon
24572,159,2398,58486,price,negative,0.905,waste,lexicon
24573,159,2399,58494,battery,neutral,0.55,,lexicon
24574,159,2399,58496,camera,positive,0.927,excellent,lexicon
24575,159,2399,58497,camera,neutral,0.55,,lexicon
24576,159,2399,58497,display,neutral,0.55,,lexicon
24577,159,2399,58499,display,positive,0.883,top notch,lexicon
24578,159,2399,58500,camera,positive,0.927,amazing,lexicon
24579,159,2400,58507,battery,positive,0.95,excellent,lexicon
24580,159,2400,58507,design,positive,0.95,excellent,lexicon
24581,159,2401,58510,display,neutral,0.55,,lexicon
24582,159,2401,58515,design,neutral,0.55,,lexicon
24583,159,2401,58516,camera,neutral,0.55,,lexicon
24584,159,2401,58520,price,negative,0.894,expensive,lexicon
24585,159,2401,58528,price,positive,0.945,worth,lexicon
24586,159,2401,58530,performance,negative,0.806,smooth,lexicon
24587,159,2401,58545,design,positive,0.927,excellent,lexicon
24588,159,2401,58545,display,neutral,0.55,,lexicon
24589,159,2401,58546,display,neutral,0.55,,lexicon
24590,159,2401,58547,display,positive,0.927,flawless,lexicon
24591,159,2401,58547,performance,positive,0.927,flawless,lexicon
24592,159,2401,58548,performance,positive,0.95,smooth,lexicon
24593,159,2401,58549,battery,neutral,0.55,,lexicon
24594,159,2401,58550,battery,neutral,0.55,,lexicon
24595,159,2401,58550,display,neutral,0.55,,lexicon
24596,159,2401,58552,battery,positive,0.914,all day,lexicon
24597,159,2401,58553,price,positive,0.815,worth,lexicon
24598,159,2401,58554,design,neutral,0.55,,lexicon
24599,159,2401,58556,battery,positive,0.818,like,lexicon
24600,159,2401,58556,display,positive,0.818,like,lexicon
24601,159,2401,58557,design,positive,0.815,worth,lexicon
24602,159,2402,58562,design,neutral,0.55,,lexicon
24603,159,2402,58563,battery,neutral,0.55,,lexicon
24604,159,2403,58566,battery,positive,0.792,good,lexicon
24605,159,2403,58567,battery,positive,0.815,premium,lexicon
24606,159,2404,58570,price,positive,0.85,premium,lexicon
24607,159,2404,58571,price,positive,0.945,premium,lexicon
24608,159,2404,58571,battery,neutral,0.55,,lexicon
24609,159,2404,58572,performance,negative,0.905,overheating,lexicon
24610,159,2404,58574,price,neutral,0.393,not worth,lexicon
24611,159,2406,58578,design,positive,0.883,love,lexicon
24612,159,2406,58585,performance,positive,0.91,smooth,lexicon
24613,159,2406,58586,camera,positive,0.725,like,lexicon
24614,159,2406,58587,battery,neutral,0.55,,lexicon
24615,159,2406,58588,design,positive,0.95,solid,lexicon
24616,159,2408,58589,battery,neutral,0.55,,lexicon
24617,159,2408,58591,battery,negative,0.905,overheats,lexicon
24618,159,2408,58591,performance,negative,0.905,overheats,lexicon
24619,159,2408,58592,battery,neutral,0.55,,lexicon
24620,159,2408,58595,camera,negative,0.905,defective,lexicon
24621,159,2409,58599,design,positive,0.792,good,lexicon
24622,159,2410,58604,battery,positive,0.927,perfect,lexicon
24623,159,2410,58604,display,positive,0.927,perfect,lexicon
24624,160,3592,58613,display,neutral,0.55,,lexicon
24625,160,3592,58615,display,neutral,0.55,,lexicon
24626,160,3592,58616,display,neutral,0.55,,lexicon
24627,160,3592,58617,battery,neutral,0.55,,lexicon
24628,160,3592,58618,battery,neutral,0.55,,lexicon
24629,160,3592,58619,battery,neutral,0.55,,lexicon
24630,160,3592,58620,performance,neutral,0.55,,lexicon
24631,160,3593,58625,battery,neutral,0.55,,lexicon
24632,160,3594,58627,battery,neutral,0.55,,lexicon
24633,160,3594,58628,battery,neutral,0.55,,lexicon
24634,160,3594,58629,battery,neutral,0.55,,lexicon
24635,160,3594,58632,battery,neutral,0.55,,lexicon
24636,160,3594,58633,battery,neutral,0.55,,lexicon
24637,160,3594,58639,battery,neutral,0.55,,lexicon
24638,160,3594,58640,price,negative,0.905,waste,lexicon
24639,160,3595,58648,battery,neutral,0.55,,lexicon
24640,160,3595,58650,camera,positive,0.927,excellent,lexicon
24641,160,3595,58651,camera,neutral,0.55,,lexicon
24642,160,3595,58651,display,neutral,0.55,,lexicon
24643,160,3595,58653,display,positive,0.883,top notch,lexicon
24644,160,3595,58654,camera,positive,0.927,amazing,lexicon
24645,160,3596,58661,battery,positive,0.95,excellent,lexicon
24646,160,3596,58661,design,positive,0.95,excellent,lexicon
24647,160,3597,58664,display,neutral,0.55,,lexicon
24648,160,3597,58669,design,neutral,0.55,,lexicon
24649,160,3597,58670,camera,neutral,0.55,,lexicon
24650,160,3597,58674,price,negative,0.894,expensive,lexicon
24651,160,3597,58682,price,positive,0.945,worth,lexicon
24652,160,3597,58684,performance,negative,0.806,smooth,lexicon
24653,160,3597,58699,design,positive,0.927,excellent,lexicon
24654,160,3597,58699,display,neutral,0.55,,lexicon
24655,160,3597,58700,display,neutral,0.55,,lexicon
24656,160,3597,58701,display,positive,0.927,flawless,lexicon
24657,160,3597,58701,performance,positive,0.927,flawless,lexicon
24658,160,3597,58702,performance,positive,0.95,smooth,lexicon
24659,160,3597,58703,battery,neutral,0.55,,lexicon
24660,160,3597,58704,battery,neutral,0.55,,lexicon
24661,160,3597,58704,display,neutral,0.55,,lexicon
24662,160,3597,58706,battery,positive,0.914,all day,lexicon
24663,160,3597,58707,price,positive,0.815,worth,lexicon
24664,160,3597,58708,design,neutral,0.55,,lexicon
24665,160,3597,58710,battery,positive,0.818,like,lexicon
24666,160,3597,58710,display,positive,0.818,like,lexicon
24667,160,3597,58711,design,positive,0.815,worth,lexicon
24668,160,3598,58716,design,neutral,0.55,,lexicon
24669,160,3598,58717,battery,neutral,0.55,,lexicon
24670,160,3599,58720,battery,positive,0.792,good,lexicon
24671,160,3599,58721,battery,positive,0.815,premium,lexicon
24672,160,3600,58724,price,positive,0.85,premium,lexicon
24673,160,3600,58725,price,positive,0.945,premium,lexicon
24674,160,3600,58725,battery,neutral,0.55,,lexicon
24675,160,3600,58726,performance,negative,0.905,overheating,lexicon
24676,160,3600,58728,price,neutral,0.393,not worth,lexicon
24677,160,3602,58732,design,positive,0.883,love,lexicon
24678,160,3602,58739,performance,positive,0.91,smooth,lexicon
24679,160,3602,58740,camera,positive,0.725,like,lexicon
24680,160,3602,58741,battery,neutral,0.55,,lexicon
24681,160,3602,58742,design,positive,0.95,solid,lexicon
24682,160,3604,58743,battery,neutral,0.55,,lexicon
24683,160,3604,58745,battery,negative,0.905,overheats,lexicon
24684,160,3604,58745,performance,negative,0.905,overheats,lexicon
24685,160,3604,58746,battery,neutral,0.55,,lexicon
24686,160,3604,58749,camera,negative,0.905,defective,lexicon
24687,160,3605,58753,design,positive,0.792,good,lexicon
24688,160,3606,58758,battery,positive,0.927,perfect,lexicon
24689,160,3606,58758,display,positive,0.927,perfect,lexicon
24690,160,3607,58764,battery,positive,0.887,reasonable,lexicon
24691,160,3607,58765,display,neutral,0.55,,lexicon
24692,160,3607,58766,camera,positive,0.725,like,lexicon
24693,160,3607,58766,design,negative,0.68,like,lexicon
24694,160,3608,58768,price,neutral,0.479,good,lexicon
24695,160,3608,58769,battery,neutral,0.55,,lexicon
24696,160,3608,58769,display,neutral,0.55,,lexicon
24697,160,3608,58770,battery,neutral,0.55,,lexicon
24698,160,3609,58773,battery,positive,0.815,premium,lexicon
24699,160,3609,58773,display,positive,0.815,premium,lexicon
24700,160,3609,58774,battery,neutral,0.55,,lexicon
24701,160,3609,58774,display,neutral,0.55,,lexicon
24702,160,3610,58781,battery,positive,0.77,lasting,lexicon
24703,160,3610,58781,camera,positive,0.77,lasting,lexicon
24704,160,3611,58783,battery,neutral,0.55,,lexicon
24705,160,3611,58783,display,neutral,0.55,,lexicon
24706,160,3612,58788,battery,positive,0.86,great,lexicon
24707,160,3612,58788,display,neutral,0.55,,lexicon
24708,160,3612,58790,battery,neutral,0.456,best,lexicon
24709,160,3612,58790,display,neutral,0.55,,lexicon
24710,160,3613,58791,battery,neutral,0.55,,lexicon
24711,160,3613,58793,display,neutral,0.55,,lexicon
24712,160,3613,58795,battery,neutral,0.55,,lexicon
24713,160,3614,58798,design,positive,0.927,excellent,lexicon
24714,160,3614,58799,design,positive,0.95,perfect,lexicon
24715,160,3614,58801,battery,neutral,0.55,,lexicon
24716,160,3614,58802,camera,positive,0.95,best,lexicon
24717,160,3616,58809,display,positive,0.815,premium,lexicon
24718,160,3616,58810,display,neutral,0.55,,lexicon
24719,160,3616,58812,design,negative,0.878,annoying,lexicon
24720,161,1260,58819,camera,positive,0.725,decent,lexicon
24721,161,1260,58819,display,positive,0.725,decent,lexicon
24722,161,1261,58832,price,neutral,0.55,,lexicon
24723,161,1262,58834,price,positive,0.882,good,lexicon
24724,161,1263,58845,price,neutral,0.55,,lexicon
24725,161,1264,58849,price,positive,0.95,great,lexicon
24726,161,1265,58863,design,positive,0.725,like,lexicon
24727,161,1266,58869,display,negative,0.883,broken,lexicon
24728,161,1266,58869,price,negative,0.643,broken,lexicon
24729,161,1266,58870,display,neutral,0.55,,lexicon
24730,161,1266,58872,price,positive,0.734,cheap,lexicon
24731,161,1266,58874,performance,neutral,0.487,bad,lexicon
24732,161,1266,58874,price,positive,0.77,bad,lexicon
24733,161,1266,58875,display,negative,0.883,broken,lexicon
24734,161,1267,58880,performance,negative,0.86,slow,lexicon
24735,161,1267,58881,price,neutral,0.55,,lexicon
24736,161,1267,58882,price,positive,0.895,good,lexicon
24737,161,1267,58885,price,neutral,0.55,,lexicon
24738,161,1267,58886,price,neutral,0.55,,lexicon
24739,161,1268,58888,price,positive,0.923,regret,lexicon
24740,161,1268,58889,camera,positive,0.95,excellent,lexicon
24741,161,1269,58894,display,neutral,0.55,,lexicon
24742,161,1269,58895,design,neutral,0.55,,lexicon
24743,161,1270,58901,price,positive,0.86,great,lexicon
24744,161,1270,58903,performance,positive,0.95,responsive,lexicon
24745,161,1270,58904,battery,neutral,0.354,great,lexicon
24746,161,1271,58905,design,positive,0.95,excellent,lexicon
24747,161,1271,58907,price,positive,0.95,excellent,lexicon
24748,161,1272,58908,price,neutral,0.55,,lexicon
24749,161,1272,58909,camera,negative,0.824,best,lexicon
24750,161,1272,58909,performance,negative,0.86,lags,lexicon
24751,161,1272,58910,display,positive,0.703,fine,lexicon
24752,161,1273,58916,price,neutral,0.55,,lexicon
24753,161,1273,58918,display,neutral,0.55,,lexicon
24754,162,634,58922,battery,positive,0.88,good,lexicon
24755,162,634,58922,camera,positive,0.927,perfect,lexicon
24756,162,634,58922,display,positive,0.95,perfect,lexicon
24757,162,634,58922,design,positive,0.95,perfect,lexicon
24758,162,634,58923,performance,neutral,0.55,,lexicon
24759,162,634,58924,design,positive,0.77,bad,lexicon
24760,162,634,58926,display,positive,0.927,perfect,lexicon
24761,162,634,58928,display,positive,0.792,good,lexicon
24762,162,634,58930,price,positive,0.927,excellent,lexicon
24763,162,634,58931,display,positive,0.95,excellent,lexicon
24764,162,634,58934,price,positive,0.941,worth,lexicon
24765,162,634,58935,design,positive,0.797,better,lexicon
24766,162,635,58939,price,neutral,0.55,,lexicon
24767,162,635,58940,battery,neutral,0.55,,lexicon
24768,162,636,58942,price,positive,0.95,happy,lexicon
24769,162,636,58944,price,neutral,0.55,,lexicon
24770,162,636,58946,performance,neutral,0.55,,lexicon
24771,162,636,58947,display,neutral,0.55,,lexicon
24772,162,636,58949,battery,positive,0.95,excellent,lexicon
24773,162,637,58954,display,neutral,0.55,,lexicon
24774,162,638,58967,battery,positive,0.95,excellent,lexicon
24775,162,638,58968,camera,neutral,0.55,,lexicon
24776,162,638,58969,battery,neutral,0.55,,lexicon
24777,162,639,58972,battery,positive,0.95,perfect,lexicon
24778,162,640,58975,design,neutral,0.55,,lexicon
24779,162,641,58976,price,positive,0.95,great,lexicon
24780,162,645,58978,camera,positive,0.95,excellent,lexicon
24781,162,645,58978,price,positive,0.95,excellent,lexicon
24782,162,647,58981,performance,positive,0.95,smooth,lexicon
24783,162,647,58982,battery,neutral,0.55,,lexicon
24784,163,809,58986,battery,positive,0.88,good,lexicon
24785,163,809,58986,camera,positive,0.927,perfect,lexicon
24786,163,809,58986,display,positive,0.95,perfect,lexicon
24787,163,809,58986,design,positive,0.95,perfect,lexicon
24788,163,809,58987,performance,neutral,0.55,,lexicon
24789,163,809,58988,design,positive,0.77,bad,lexicon
24790,163,809,58990,display,positive,0.927,perfect,lexicon
24791,163,809,58992,display,positive,0.792,good,lexicon
24792,163,809,58994,price,positive,0.927,excellent,lexicon
24793,163,809,58995,display,positive,0.95,excellent,lexicon
24794,163,809,58998,price,positive,0.941,worth,lexicon
24795,163,809,58999,design,positive,0.797,better,lexicon
24796,163,810,59003,price,neutral,0.55,,lexicon
24797,163,810,59004,battery,neutral,0.55,,lexicon
24798,163,811,59006,price,positive,0.95,happy,lexicon
24799,163,811,59008,price,neutral,0.55,,lexicon
24800,163,811,59010,performance,neutral,0.55,,lexicon
24801,163,811,59011,display,neutral,0.55,,lexicon
24802,163,811,59013,battery,positive,0.95,excellent,lexicon
24803,163,812,59018,display,neutral,0.55,,lexicon
24804,163,813,59031,battery,positive,0.95,excellent,lexicon
24805,163,813,59032,camera,neutral,0.55,,lexicon
24806,163,813,59033,battery,neutral,0.55,,lexicon
24807,163,814,59036,battery,positive,0.95,perfect,lexicon
24808,163,815,59039,design,neutral,0.55,,lexicon
24809,163,816,59040,price,positive,0.95,great,lexicon
24810,163,820,59042,camera,positive,0.95,excellent,lexicon
24811,163,820,59042,price,positive,0.95,excellent,lexicon
24812,163,822,59045,performance,positive,0.95,smooth,lexicon
24813,163,822,59046,battery,neutral,0.55,,lexicon
24814,163,824,59048,display,negative,0.748,issues,lexicon
24815,163,824,59052,display,negative,0.927,terrible,lexicon
24816,163,824,59053,camera,neutral,0.55,,lexicon
24817,163,824,59057,display,negative,0.905,defective,lexicon
24818,163,825,59059,price,positive,0.86,great,lexicon
24819,163,825,59061,display,positive,0.725,like,lexicon
24820,163,825,59061,design,positive,0.725,like,lexicon
24821,163,825,59062,camera,neutral,0.55,,lexicon
24822,163,825,59069,price,positive,0.927,excellent,lexicon
24823,163,827,59073,design,positive,0.95,excellent,lexicon
24824,163,827,59075,display,positive,0.927,perfect,lexicon
24825,163,829,59078,battery,positive,0.927,excellent,lexicon
24826,163,829,59079,display,neutral,0.55,,lexicon
24827,163,829,59080,display,positive,0.866,bright,lexicon
24828,163,829,59081,camera,neutral,0.55,,lexicon
24829,163,829,59083,performance,positive,0.856,fast,lexicon
24830,163,831,59085,design,neutral,0.55,,lexicon
24831,163,831,59086,design,neutral,0.55,,lexicon
24832,163,832,59092,display,neutral,0.55,,lexicon
24833,163,832,59093,display,neutral,0.55,,lexicon
24834,163,833,59096,display,neutral,0.55,,lexicon
24835,163,833,59097,battery,neutral,0.55,,lexicon
24836,164,951,59103,display,neutral,0.55,,lexicon
24837,164,951,59104,display,positive,0.748,better,lexicon
24838,164,951,59109,performance,positive,0.649,better,lexicon
24839,164,951,59110,performance,neutral,0.55,,lexicon
24840,164,951,59111,display,neutral,0.55,,lexicon
24841,164,951,59111,price,positive,0.95,nice,lexicon
24842,164,951,59113,display,neutral,0.55,,lexicon
24843,164,951,59116,display,positive,0.748,better,lexicon
24844,164,951,59117,display,positive,0.748,better,lexicon
24845,164,951,59118,display,neutral,0.55,,lexicon
24846,164,951,59119,display,positive,0.725,like,lexicon
24847,164,951,59120,display,positive,0.703,fine,lexicon
24848,164,951,59123,display,positive,0.882,quick,lexicon
24849,164,951,59136,display,neutral,0.55,,lexicon
24850,164,951,59136,price,neutral,0.55,,lexicon
24851,164,951,59140,camera,negative,0.68,like,lexicon
24852,164,951,59145,performance,positive,0.86,fast,lexicon
24853,164,951,59146,camera,positive,0.748,better,lexicon
24854,164,951,59147,camera,negative,0.838,bad,lexicon
24855,164,951,59149,price,neutral,0.55,,lexicon
24856,164,951,59149,camera,positive,0.703,fine,lexicon
24857,164,951,59151,camera,positive,0.882,good,lexicon
24858,164,951,59152,camera,neutral,0.55,,lexicon
24859,164,952,59161,battery,positive,0.883,top notch,lexicon
24860,164,952,59161,camera,positive,0.883,top notch,lexicon
24861,164,952,59161,display,positive,0.883,top notch,lexicon
24862,164,952,59163,battery,neutral,0.55,,lexicon
24863,164,952,59163,camera,neutral,0.55,,lexicon
24864,164,952,59165,display,neutral,0.55,,lexicon
24865,164,952,59166,performance,positive,0.815,all day,lexicon
24866,164,952,59169,performance,positive,0.86,powerful,lexicon
24867,164,952,59170,performance,neutral,0.55,,lexicon
24868,164,952,59171,camera,positive,0.748,better,lexicon
24869,164,952,59179,display,neutral,0.55,,lexicon
24870,164,952,59180,display,neutral,0.55,,lexicon
24871,164,952,59182,display,neutral,0.55,,lexicon
24872,164,953,59197,display,neutral,0.55,,lexicon
24873,164,953,59199,display,neutral,0.55,,lexicon
24874,164,953,59202,display,neutral,0.55,,lexicon
24875,164,953,59204,display,neutral,0.55,,lexicon
24876,164,953,59208,battery,neutral,0.55,,lexicon
24877,164,954,59217,battery,positive,0.748,better,lexicon
24878,164,954,59218,battery,neutral,0.55,,lexicon
24879,164,954,59218,camera,positive,0.945,exceptional,lexicon
24880,164,954,59219,display,positive,0.883,love,lexicon
24881,164,955,59229,design,neutral,0.55,,lexicon
24882,164,955,59238,display,positive,0.95,excellent,lexicon
24883,164,955,59239,camera,positive,0.95,excellent,lexicon
24884,164,955,59240,camera,neutral,0.55,,lexicon
24885,164,955,59241,camera,positive,0.927,excellent,lexicon
24886,164,955,59241,display,positive,0.927,excellent,lexicon
24887,164,955,59242,display,neutral,0.55,,lexicon
24888,164,955,59244,battery,neutral,0.55,,lexicon
24889,164,955,59244,display,neutral,0.55,,lexicon
24890,164,955,59246,battery,neutral,0.55,,lexicon
24891,164,956,59250,battery,neutral,0.55,,lexicon
24892,164,956,59251,battery,neutral,0.55,,lexicon
24893,164,956,59252,battery,positive,0.77,lasting,lexicon
24894,164,956,59254,camera,neutral,0.55,,lexicon
24895,164,956,59254,performance,neutral,0.55,,lexicon
24896,164,956,59255,battery,positive,0.815,quick,lexicon
24897,164,956,59257,battery,positive,0.883,impressive,lexicon
24898,164,956,59259,design,neutral,0.55,,lexicon
24899,164,956,59263,display,positive,0.815,quick,lexicon
24900,164,956,59265,battery,neutral,0.55,,lexicon
24901,164,956,59267,price,positive,0.904,recommend,lexicon
24902,164,957,59271,display,neutral,0.55,,lexicon
24903,164,957,59271,design,neutral,0.55,,lexicon
24904,164,957,59272,design,neutral,0.55,,lexicon
24905,164,957,59276,display,positive,0.725,like,lexicon
24906,164,957,59276,design,positive,0.725,like,lexicon
24907,164,957,59278,battery,positive,0.838,reliable,lexicon
24908,164,957,59279,battery,neutral,0.55,,lexicon
24909,164,957,59280,battery,neutral,0.44,drain,lexicon
24910,164,957,59280,performance,neutral,0.44,drain,lexicon
24911,164,958,59286,performance,positive,0.725,like,lexicon
24912,164,958,59287,display,positive,0.725,like,lexicon
24913,164,958,59288,display,neutral,0.55,,lexicon
24914,164,958,59289,performance,neutral,0.55,,lexicon
24915,164,958,59291,display,positive,0.86,great,lexicon
24916,164,958,59291,performance,positive,0.86,great,lexicon
24917,164,958,59294,display,negative,0.748,issues,lexicon
24918,164,958,59294,performance,negative,0.786,issues,lexicon
24919,164,958,59296,battery,neutral,0.55,,lexicon
24920,164,958,59296,performance,neutral,0.55,,lexicon
24921,164,958,59303,design,neutral,0.55,,lexicon
24922,164,958,59304,battery,negative,0.86,died,lexicon
24923,164,960,59308,display,positive,0.77,nice,lexicon
24924,164,960,59314,battery,neutral,0.481,sturdy,lexicon
24925,164,960,59314,camera,positive,0.838,sturdy,lexicon
24926,164,960,59314,display,positive,0.792,bright,lexicon
24927,164,960,59314,performance,neutral,0.481,sturdy,lexicon
24928,164,960,59314,design,positive,0.95,sturdy,lexicon
24929,164,960,59315,battery,neutral,0.55,,lexicon
24930,164,960,59315,design,neutral,0.55,,lexicon
24931,164,960,59316,camera,positive,0.748,better,lexicon
24932,164,960,59316,price,neutral,0.487,worth,lexicon
24933,164,960,59320,price,positive,0.914,best,lexicon
24934,164,961,59324,display,positive,0.77,solid,lexicon
24935,164,961,59325,display,neutral,0.55,,lexicon
24936,164,961,59327,battery,positive,0.748,better,lexicon
24937,164,961,59327,camera,positive,0.748,better,lexicon
24938,164,961,59327,display,positive,0.748,better,lexicon
24939,164,961,59328,performance,positive,0.95,smooth,lexicon
24940,164,961,59330,design,positive,0.86,great,lexicon
24941,164,961,59333,display,positive,0.792,good,lexicon
24942,164,961,59334,display,neutral,0.55,,lexicon
24943,164,961,59335,price,positive,0.86,great,lexicon
24944,164,961,59340,performance,neutral,0.55,,lexicon
24945,164,961,59341,price,neutral,0.55,,lexicon
24946,164,962,59346,display,negative,0.788,responsive,lexicon
24947,164,962,59346,performance,negative,0.788,responsive,lexicon
24948,164,962,59350,price,neutral,0.55,,lexicon
24949,164,963,59355,display,neutral,0.55,,lexicon
24950,164,963,59358,display,neutral,0.55,,lexicon
24951,164,964,59370,display,neutral,0.55,,lexicon
24952,164,964,59372,battery,positive,0.725,decent,lexicon
24953,164,965,59378,design,positive,0.927,amazing,lexicon
24954,164,966,59386,display,negative,0.905,unusable,lexicon
24955,164,967,59388,camera,positive,0.86,great,lexicon
24956,164,967,59394,camera,negative,0.824,best,lexicon
24957,164,967,59398,price,positive,0.927,excellent,lexicon
24958,164,969,59405,performance,positive,0.86,fast,lexicon
24959,164,970,59409,design,positive,0.95,great,lexicon
24960,164,970,59412,camera,neutral,0.55,,lexicon
24961,164,970,59413,display,negative,0.905,useless,lexicon
24962,164,970,59414,display,neutral,0.55,,lexicon
24963,164,970,59415,display,neutral,0.55,,lexicon
24964,164,971,59419,price,positive,0.95,great,lexicon
24965,164,971,59420,display,positive,0.95,best,lexicon
24966,164,972,59425,display,neutral,0.55,,lexicon
24967,164,972,59427,camera,neutral,0.55,,lexicon
24968,164,972,59427,display,neutral,0.55,,lexicon
24969,164,975,59435,battery,neutral,0.55,,lexicon
24970,164,975,59435,display,neutral,0.55,,lexicon
24971,165,1163,59438,display,neutral,0.55,,lexicon
24972,165,1163,59439,display,positive,0.748,better,lexicon
24973,165,1163,59444,performance,positive,0.649,better,lexicon
24974,165,1163,59445,performance,neutral,0.55,,lexicon
24975,165,1163,59446,display,neutral,0.55,,lexicon
24976,165,1163,59446,price,positive,0.95,nice,lexicon
24977,165,1163,59448,display,neutral,0.55,,lexicon
24978,165,1163,59451,display,positive,0.748,better,lexicon
24979,165,1163,59452,display,positive,0.748,better,lexicon
24980,165,1163,59453,display,neutral,0.55,,lexicon
24981,165,1163,59454,display,positive,0.725,like,lexicon
24982,165,1163,59455,display,positive,0.703,fine,lexicon
24983,165,1163,59458,display,positive,0.882,quick,lexicon
24984,165,1163,59471,display,neutral,0.55,,lexicon
24985,165,1163,59471,price,neutral,0.55,,lexicon
24986,165,1163,59475,camera,negative,0.68,like,lexicon
24987,165,1163,59480,performance,positive,0.86,fast,lexicon
24988,165,1163,59481,camera,positive,0.748,better,lexicon
24989,165,1163,59482,camera,negative,0.838,bad,lexicon
24990,165,1163,59484,price,neutral,0.55,,lexicon
24991,165,1163,59484,camera,positive,0.703,fine,lexicon
24992,165,1163,59486,camera,positive,0.882,good,lexicon
24993,165,1163,59487,camera,neutral,0.55,,lexicon
24994,165,1164,59496,battery,positive,0.883,top notch,lexicon
24995,165,1164,59496,camera,positive,0.883,top notch,lexicon
24996,165,1164,59496,display,positive,0.883,top notch,lexicon
24997,165,1164,59498,battery,neutral,0.55,,lexicon
24998,165,1164,59498,camera,neutral,0.55,,lexicon
24999,165,1164,59500,display,neutral,0.55,,lexicon
25000,165,1164,59501,performance,positive,0.815,all day,lexicon
25001,165,1164,59504,performance,positive,0.86,powerful,lexicon
25002,165,1164,59505,performance,neutral,0.55,,lexicon
25003,165,1164,59506,camera,positive,0.748,better,lexicon
25004,165,1164,59514,display,neutral,0.55,,lexicon
25005,165,1164,59515,display,neutral,0.55,,lexicon
25006,165,1164,59517,display,neutral,0.55,,lexicon
25007,165,1165,59532,display,neutral,0.55,,lexicon
25008,165,1165,59534,display,neutral,0.55,,lexicon
25009,165,1165,59537,display,neutral,0.55,,lexicon
25010,165,1165,59539,display,neutral,0.55,,lexicon
25011,165,1165,59543,battery,neutral,0.55,,lexicon
25012,165,1166,59552,battery,positive,0.748,better,lexicon
25013,165,1166,59553,battery,neutral,0.55,,lexicon
25014,165,1166,59553,camera,positive,0.945,exceptional,lexicon
25015,165,1166,59554,display,positive,0.883,love,lexicon
25016,165,1167,59564,design,neutral,0.55,,lexicon
25017,165,1167,59573,display,positive,0.95,excellent,lexicon
25018,165,1167,59574,camera,positive,0.95,excellent,lexicon
25019,165,1167,59575,camera,neutral,0.55,,lexicon
25020,165,1167,59576,camera,positive,0.927,excellent,lexicon
25021,165,1167,59576,display,positive,0.927,excellent,lexicon
25022,165,1167,59577,display,neutral,0.55,,lexicon
25023,165,1167,59579,battery,neutral,0.55,,lexicon
25024,165,1167,59579,display,neutral,0.55,,lexicon
25025,165,1167,59581,battery,neutral,0.55,,lexicon
25026,165,1168,59585,battery,neutral,0.55,,lexicon
25027,165,1168,59586,battery,neutral,0.55,,lexicon
25028,165,1168,59587,battery,positive,0.77,lasting,lexicon
25029,165,1168,59589,camera,neutral,0.55,,lexicon
25030,165,1168,59589,performance,neutral,0.55,,lexicon
25031,165,1168,59590,battery,positive,0.815,quick,lexicon
25032,165,1168,59592,battery,positive,0.883,impressive,lexicon
25033,165,1168,59594,design,neutral,0.55,,lexicon
25034,165,1168,59598,display,positive,0.815,quick,lexicon
25035,165,1168,59600,battery,neutral,0.55,,lexicon
25036,165,1168,59602,price,positive,0.904,recommend,lexicon
25037,165,1169,59606,display,neutral,0.55,,lexicon
25038,165,1169,59606,design,neutral,0.55,,lexicon
25039,165,1169,59607,design,neutral,0.55,,lexicon
25040,165,1169,59611,display,positive,0.725,like,lexicon
25041,165,1169,59611,design,positive,0.725,like,lexicon
25042,165,1169,59613,battery,positive,0.838,reliable,lexicon
25043,165,1169,59614,battery,neutral,0.55,,lexicon
25044,165,1169,59615,battery,neutral,0.44,drain,lexicon
25045,165,1169,59615,performance,neutral,0.44,drain,lexicon
25046,165,1170,59621,performance,positive,0.725,like,lexicon
25047,165,1170,59622,display,positive,0.725,like,lexicon
25048,165,1170,59623,display,neutral,0.55,,lexicon
25049,165,1170,59624,performance,neutral,0.55,,lexicon
25050,165,1170,59626,display,positive,0.86,great,lexicon
25051,165,1170,59626,performance,positive,0.86,great,lexicon
25052,165,1170,59629,display,negative,0.748,issues,lexicon
25053,165,1170,59629,performance,negative,0.786,issues,lexicon
25054,165,1170,59631,battery,neutral,0.55,,lexicon
25055,165,1170,59631,performance,neutral,0.55,,lexicon
25056,165,1170,59638,design,neutral,0.55,,lexicon
25057,165,1170,59639,battery,negative,0.86,died,lexicon
25058,165,1172,59643,display,positive,0.77,nice,lexicon
25059,165,1172,59649,battery,neutral,0.481,sturdy,lexicon
25060,165,1172,59649,camera,positive,0.838,sturdy,lexicon
25061,165,1172,59649,display,positive,0.792,bright,lexicon
25062,165,1172,59649,performance,neutral,0.481,sturdy,lexicon
25063,165,1172,59649,design,positive,0.95,sturdy,lexicon
25064,165,1172,59650,battery,neutral,0.55,,lexicon
25065,165,1172,59650,design,neutral,0.55,,lexicon
25066,165,1172,59651,camera,positive,0.748,better,lexicon
25067,165,1172,59651,price,neutral,0.487,worth,lexicon
25068,165,1172,59655,price,positive,0.914,best,lexicon
25069,165,1173,59659,display,positive,0.77,solid,lexicon
25070,165,1173,59660,display,neutral,0.55,,lexicon
25071,165,1173,59662,battery,positive,0.748,better,lexicon
25072,165,1173,59662,camera,positive,0.748,better,lexicon
25073,165,1173,59662,display,positive,0.748,better,lexicon
25074,165,1173,59663,performance,positive,0.95,smooth,lexicon
25075,165,1173,59665,design,positive,0.86,great,lexicon
25076,165,1173,59668,display,positive,0.792,good,lexicon
25077,165,1173,59669,display,neutral,0.55,,lexicon
25078,165,1173,59670,price,positive,0.86,great,lexicon
25079,165,1173,59675,performance,neutral,0.55,,lexicon
25080,165,1173,59676,price,neutral,0.55,,lexicon
25081,165,1174,59681,display,negative,0.788,responsive,lexicon
25082,165,1174,59681,performance,negative,0.788,responsive,lexicon
25083,165,1174,59685,price,neutral,0.55,,lexicon
25084,165,1175,59690,display,neutral,0.55,,lexicon
25085,165,1175,59693,display,neutral,0.55,,lexicon
25086,165,1176,59705,display,neutral,0.55,,lexicon
25087,165,1176,59707,battery,positive,0.725,decent,lexicon
25088,165,1177,59713,design,positive,0.927,amazing,lexicon
25089,165,1178,59721,display,negative,0.905,unusable,lexicon
25090,165,1179,59723,camera,positive,0.86,great,lexicon
25091,165,1179,59729,camera,negative,0.824,best,lexicon
25092,165,1179,59733,price,positive,0.927,excellent,lexicon
25093,165,1181,59740,performance,positive,0.86,fast,lexicon
25094,165,1182,59744,design,positive,0.95,great,lexicon
25095,165,1182,59747,camera,neutral,0.55,,lexicon
25096,165,1182,59748,display,negative,0.905,useless,lexicon
25097,165,1182,59749,display,neutral,0.55,,lexicon
25098,165,1182,59750,display,neutral,0.55,,lexicon
25099,165,1183,59754,price,positive,0.95,great,lexicon
25100,165,1183,59755,display,positive,0.95,best,lexicon
25101,165,1184,59760,display,neutral,0.55,,lexicon
25102,165,1184,59762,camera,neutral,0.55,,lexicon
25103,165,1184,59762,display,neutral,0.55,,lexicon
25104,165,1187,59770,battery,neutral,0.55,,lexicon
25105,165,1187,59770,display,neutral,0.55,,lexicon
25106,166,1209,59771,battery,positive,0.95,fast,lexicon
25107,166,1209,59771,performance,positive,0.95,fast,lexicon
25108,166,1209,59774,performance,positive,0.95,fast,lexicon
25109,166,1209,59776,battery,neutral,0.55,,lexicon
25110,166,1209,59777,camera,neutral,0.55,,lexicon
25111,166,1209,59778,camera,positive,0.905,stunning,lexicon
25112,166,1209,59779,battery,positive,0.95,fast,lexicon
25113,166,1209,59779,performance,positive,0.95,fast,lexicon
25114,166,1209,59781,battery,neutral,0.55,,lexicon
25115,166,1209,59781,performance,neutral,0.55,,lexicon
25116,166,1209,59786,price,positive,0.86,great,lexicon
25117,166,1209,59787,display,neutral,0.55,,lexicon
25118,166,1209,59788,display,neutral,0.55,,lexicon
25119,166,1209,59789,display,neutral,0.55,,lexicon
25120,166,1209,59791,display,neutral,0.55,,lexicon
25121,166,1209,59794,camera,neutral,0.55,,lexicon
25122,166,1209,59794,performance,neutral,0.55,,lexicon
25123,166,1209,59795,performance,positive,0.883,smooth,lexicon
25124,166,1209,59796,price,positive,0.95,great,lexicon
25125,166,1210,59800,battery,positive,0.95,all day,lexicon
25126,166,1210,59801,camera,negative,0.883,blurry,lexicon
25127,166,1210,59802,camera,positive,0.95,awesome,lexicon
25128,166,1210,59807,performance,positive,0.815,faster,lexicon
25129,166,1210,59811,battery,positive,0.77,solid,lexicon
25130,166,1210,59811,camera,positive,0.77,solid,lexicon
25131,166,1210,59813,price,neutral,0.55,,lexicon
25132,166,1210,59814,battery,positive,0.77,solid,lexicon
25133,166,1210,59814,price,positive,0.77,solid,lexicon
25134,166,1210,59815,camera,neutral,0.55,,lexicon
25135,166,1210,59820,performance,neutral,0.55,,lexicon
25136,166,1211,59822,camera,positive,0.86,beautiful,lexicon
25137,166,1211,59825,camera,positive,0.927,perfect,lexicon
25138,166,1211,59825,design,positive,0.86,beautiful,lexicon
25139,166,1211,59826,display,positive,0.95,bright,lexicon
25140,166,1211,59828,performance,positive,0.86,fast,lexicon
25141,166,1211,59831,display,positive,0.792,good,lexicon
25142,166,1211,59832,display,negative,0.95,unusable,lexicon
25143,166,1212,59834,battery,positive,0.86,great,lexicon
25144,166,1212,59835,display,positive,0.95,smooth,lexicon
25145,166,1212,59835,performance,positive,0.95,smooth,lexicon
25146,166,1212,59836,battery,positive,0.95,fast,lexicon
25147,166,1212,59836,performance,positive,0.95,fast,lexicon
25148,166,1212,59837,camera,positive,0.792,good,lexicon
25149,166,1212,59838,display,positive,0.705,faster,lexicon
25150,166,1212,59840,performance,negative,0.748,issues,lexicon
25151,166,1212,59841,performance,positive,0.792,good,lexicon
25152,166,1212,59846,battery,positive,0.86,great,lexicon
25153,166,1214,59851,display,negative,0.95,worst,lexicon
25154,166,1214,59855,display,positive,0.725,like,lexicon
25155,166,1214,59856,display,neutral,0.55,,lexicon
25156,166,1214,59858,price,neutral,0.55,,lexicon
25157,166,1214,59859,performance,negative,0.748,issue,lexicon
25158,166,1214,59860,performance,negative,0.86,slow,lexicon
25159,166,1214,59861,performance,neutral,0.55,,lexicon
25160,166,1214,59862,performance,neutral,0.55,,lexicon
25161,166,1214,59864,design,neutral,0.393,durable,lexicon
25162,166,1217,59868,performance,positive,0.95,fast,lexicon
25163,166,1222,59870,camera,positive,0.927,flawless,lexicon
25164,166,1222,59873,price,positive,0.815,worth,lexicon
25165,166,1222,59876,camera,neutral,0.55,,lexicon
25166,166,1222,59877,camera,neutral,0.55,,lexicon
25167,166,1222,59878,camera,positive,0.748,better,lexicon
25168,166,1222,59880,camera,positive,0.748,better,lexicon
25169,166,1222,59882,camera,neutral,0.55,,lexicon
25170,166,1222,59882,design,positive,0.93,great,lexicon
25171,166,1222,59883,camera,neutral,0.55,,lexicon
25172,166,1222,59887,performance,positive,0.86,fast,lexicon
25173,166,1222,59890,performance,neutral,0.55,,lexicon
25174,166,1222,59895,performance,positive,0.748,better,lexicon
25175,166,1222,59896,performance,positive,0.86,fast,lexicon
25176,166,1222,59897,display,positive,0.883,impressive,lexicon
25177,166,1222,59898,battery,positive,0.927,amazing,lexicon
25178,166,1222,59899,battery,positive,0.914,all day,lexicon
25179,166,1222,59899,performance,positive,0.86,fast,lexicon
25180,166,1222,59900,battery,positive,0.95,fast,lexicon
25181,166,1222,59900,performance,positive,0.95,fast,lexicon
25182,166,1222,59900,price,positive,0.95,fast,lexicon
25183,166,1222,59901,battery,neutral,0.55,,lexicon
25184,166,1222,59907,display,neutral,0.55,,lexicon
25185,166,1222,59911,display,negative,0.68,soft,lexicon
25186,166,1223,59921,performance,positive,0.772,disappointed,lexicon
25187,166,1223,59923,display,negative,0.77,problems,lexicon
25188,166,1223,59926,price,negative,0.815,expensive,lexicon
25189,166,1223,59930,price,neutral,0.55,,lexicon
25190,166,1223,59931,price,negative,0.95,bad,lexicon
25191,167,223,59932,battery,positive,0.95,excellent,lexicon
25192,167,223,59933,price,positive,0.86,great,lexicon
25193,167,224,59934,price,positive,0.95,happy,lexicon
25194,167,226,59936,battery,negative,0.86,slow,lexicon
25195,167,226,59936,performance,negative,0.86,slow,lexicon
25196,167,226,59937,battery,negative,0.95,slow,lexicon
25197,167,226,59937,performance,negative,0.95,slow,lexicon
25198,167,227,59939,battery,positive,0.927,excellent,lexicon
25199,167,227,59939,price,positive,0.927,excellent,lexicon
25200,167,227,59940,battery,neutral,0.55,,lexicon
25201,167,227,59943,battery,positive,0.895,draining,lexicon
25202,167,228,59946,battery,positive,0.86,great,lexicon
25203,167,228,59946,display,positive,0.86,great,lexicon
25204,167,230,59950,battery,neutral,0.55,,lexicon
25205,167,230,59951,battery,neutral,0.55,,lexicon
25206,167,230,59951,display,neutral,0.55,,lexicon
25207,167,232,59954,price,positive,0.815,worth,lexicon
25208,167,232,59956,design,positive,0.927,perfect,lexicon
25209,167,232,59957,battery,neutral,0.55,,lexicon
25210,167,232,59958,display,negative,0.77,complaint,lexicon
25211,167,232,59958,performance,neutral,0.55,,lexicon
25212,167,233,59959,display,negative,0.883,broken,lexicon
25213,167,233,59960,display,positive,0.838,recommend,lexicon
25214,167,235,59963,price,positive,0.86,great,lexicon
25215,167,235,59966,design,neutral,0.55,,lexicon
25216,167,236,59967,battery,negative,0.77,problem,lexicon
25217,167,236,59967,design,positive,0.95,amazing,lexicon
25218,167,236,59967,price,positive,0.95,amazing,lexicon
25219,168,412,59968,battery,positive,0.95,excellent,lexicon
25220,168,412,59969,price,positive,0.86,great,lexicon
25221,168,413,59970,price,positive,0.95,happy,lexicon
25222,168,415,59972,battery,negative,0.86,slow,lexicon
25223,168,415,59972,performance,negative,0.86,slow,lexicon
25224,168,415,59973,battery,negative,0.95,slow,lexicon
25225,168,415,59973,performance,negative,0.95,slow,lexicon
25226,168,416,59975,battery,positive,0.927,excellent,lexicon
25227,168,416,59975,price,positive,0.927,excellent,lexicon
25228,168,416,59976,battery,neutral,0.55,,lexicon
25229,168,416,59979,battery,positive,0.895,draining,lexicon
25230,168,417,59982,battery,positive,0.86,great,lexicon
25231,168,417,59982,display,positive,0.86,great,lexicon
25232,168,419,59986,battery,neutral,0.55,,lexicon
25233,168,419,59987,battery,neutral,0.55,,lexicon
25234,168,419,59987,display,neutral,0.55,,lexicon
25235,168,421,59990,price,positive,0.815,worth,lexicon
25236,168,421,59992,design,positive,0.927,perfect,lexicon
25237,168,421,59993,battery,neutral,0.55,,lexicon
25238,168,421,59994,display,negative,0.77,complaint,lexicon
25239,168,421,59994,performance,neutral,0.55,,lexicon
25240,168,422,59995,display,negative,0.883,broken,lexicon
25241,168,422,59996,display,positive,0.838,recommend,lexicon
25242,168,424,59999,price,positive,0.86,great,lexicon
25243,168,424,60002,design,neutral,0.55,,lexicon
25244,168,425,60003,battery,negative,0.77,problem,lexicon
25245,168,425,60003,design,positive,0.95,amazing,lexicon
25246,168,425,60003,price,positive,0.95,amazing,lexicon
25247,168,429,60009,battery,neutral,0.55,,lexicon
25248,168,429,60010,battery,neutral,0.55,,lexicon
25249,168,431,60017,battery,positive,0.878,satisfied,lexicon
25250,168,431,60018,price,positive,0.725,like,lexicon
25251,168,431,60019,price,positive,0.941,worth,lexicon
25252,168,432,60020,battery,neutral,0.55,,lexicon
25253,168,432,60021,battery,neutral,0.55,,lexicon
25254,168,432,60021,performance,neutral,0.55,,lexicon
25255,168,433,60022,battery,positive,0.703,fine,lexicon
25256,168,433,60023,battery,negative,0.77,problem,lexicon
25257,168,433,60023,price,negative,0.77,problem,lexicon
25258,168,435,60024,camera,negative,0.95,cracked,lexicon
25259,169,1449,60025,price,positive,0.815,worth,lexicon
25260,169,1449,60029,design,positive,0.725,like,lexicon
25261,169,1449,60031,price,positive,0.941,worth,lexicon
25262,169,1452,60042,battery,neutral,0.55,,lexicon
25263,169,1454,60046,price,neutral,0.401,expensive,lexicon
25264,169,1454,60047,display,neutral,0.55,,lexicon
25265,169,1455,60051,camera,positive,0.86,great,lexicon
25266,169,1456,60056,battery,positive,0.95,perfect,lexicon
25267,169,1456,60057,camera,positive,0.883,love,lexicon
25268,169,1456,60057,display,positive,0.838,recommend,lexicon
25269,169,1456,60058,battery,neutral,0.55,,lexicon
25270,169,1462,60063,performance,positive,0.86,fast,lexicon
25271,169,1462,60065,display,neutral,0.55,,lexicon
25272,170,2939,60071,price,neutral,0.55,,lexicon
25273,170,2940,60078,display,negative,0.86,cracked,lexicon
25274,170,2941,60080,price,positive,0.927,excellent,lexicon
25275,170,2941,60081,price,positive,0.86,great,lexicon
25276,170,2941,60082,battery,positive,0.95,smooth,lexicon
25277,170,2941,60082,display,positive,0.95,reliable,lexicon
25278,170,2941,60082,performance,positive,0.95,smooth,lexicon
25279,170,2941,60083,camera,neutral,0.55,,lexicon
25280,170,2941,60084,price,positive,0.927,excellent,lexicon
25281,170,2942,60085,display,neutral,0.55,,lexicon
25282,170,2942,60086,display,neutral,0.55,,lexicon
25283,170,2942,60086,battery,neutral,0.55,,lexicon
25284,170,2942,60087,display,neutral,0.55,,lexicon
25285,170,2947,60107,price,positive,0.792,good,lexicon
25286,170,2951,60113,price,positive,0.914,good,lexicon
25287,170,2952,60114,battery,neutral,0.55,,lexicon
25288,170,2952,60115,battery,positive,0.68,cheap,lexicon
25289,170,2952,60115,display,positive,0.68,cheap,lexicon
25290,170,2952,60115,price,positive,0.68,cheap,lexicon
25291,170,2952,60117,performance,neutral,0.55,,lexicon
25292,170,2953,60119,display,negative,0.86,cracked,lexicon
25293,170,2953,60123,price,neutral,0.55,,lexicon
25294,171,504,60137,price,neutral,0.55,,lexicon
25295,171,505,60141,battery,positive,0.95,great,lexicon
25296,171,505,60141,performance,positive,0.95,great,lexicon
25297,171,505,60142,price,positive,0.815,worth,lexicon
25298,171,509,60146,display,neutral,0.55,,lexicon
25299,172,1308,60155,battery,positive,0.95,love,lexicon
25300,172,1308,60155,performance,positive,0.95,smooth,lexicon
25301,172,1308,60158,battery,negative,0.748,issues,lexicon
25302,172,1309,60161,camera,positive,0.883,love,lexicon
25303,172,1309,60162,battery,positive,0.838,bad,lexicon
25304,172,1309,60163,display,neutral,0.55,,lexicon
25305,172,1309,60163,design,neutral,0.55,,lexicon
25306,172,1309,60164,display,positive,0.95,awesome,lexicon
25307,172,1310,60170,price,neutral,0.55,,lexicon
25308,172,1310,60171,display,positive,0.725,like,lexicon
25309,172,1310,60171,price,neutral,0.55,,lexicon
25310,172,1312,60186,performance,positive,0.86,fast,lexicon
25311,172,1313,60191,battery,positive,0.95,excellent,lexicon
25312,172,1314,60197,price,positive,0.748,better,lexicon
25313,172,1318,60201,display,negative,0.883,broken,lexicon
25314,172,1318,60202,display,neutral,0.55,,lexicon
25315,172,1319,60203,battery,positive,0.86,great,lexicon
25316,172,1319,60203,price,positive,0.86,great,lexicon
25317,172,1320,60207,battery,positive,0.927,amazing,lexicon
25318,172,1320,60207,price,positive,0.95,amazing,lexicon
25319,172,1321,60209,design,positive,0.95,great,lexicon
25320,172,1322,60212,price,neutral,0.55,,lexicon
25321,172,1322,60212,performance,positive,0.86,great,lexicon
25322,172,1322,60212,design,positive,0.86,great,lexicon
25323,172,1326,60221,battery,neutral,0.55,,lexicon
25324,172,1326,60225,battery,positive,0.86,great,lexicon
25325,172,1329,60232,battery,neutral,0.55,,lexicon
25326,172,1329,60232,design,neutral,0.55,,lexicon
25327,172,1330,60234,battery,negative,0.927,terrible,lexicon
25328,173,1972,60241,battery,positive,0.95,love,lexicon
25329,173,1972,60241,performance,positive,0.95,smooth,lexicon
25330,173,1972,60244,battery,negative,0.748,issues,lexicon
25331,173,1973,60247,camera,positive,0.883,love,lexicon
25332,173,1973,60248,battery,positive,0.838,bad,lexicon
25333,173,1973,60249,display,neutral,0.55,,lexicon
25334,173,1973,60249,design,neutral,0.55,,lexicon
25335,173,1973,60250,display,positive,0.95,awesome,lexicon
25336,173,1974,60256,price,neutral,0.55,,lexicon
25337,173,1974,60257,display,positive,0.725,like,lexicon
25338,173,1974,60257,price,neutral,0.55,,lexicon
25339,173,1976,60272,performance,positive,0.86,fast,lexicon
25340,173,1977,60277,battery,positive,0.95,excellent,lexicon
25341,173,1978,60283,price,positive,0.748,better,lexicon
25342,173,1982,60287,display,negative,0.883,broken,lexicon
25343,173,1982,60288,display,neutral,0.55,,lexicon
25344,173,1983,60289,battery,positive,0.86,great,lexicon
25345,173,1983,60289,price,positive,0.86,great,lexicon
25346,173,1984,60293,battery,positive,0.927,amazing,lexicon
25347,173,1984,60293,price,positive,0.95,amazing,lexicon
25348,173,1985,60295,design,positive,0.95,great,lexicon
25349,173,1986,60298,price,neutral,0.55,,lexicon
25350,173,1986,60298,performance,positive,0.86,great,lexicon
25351,173,1986,60298,design,positive,0.86,great,lexicon
25352,173,1990,60307,battery,neutral,0.55,,lexicon
25353,173,1990,60311,battery,positive,0.86,great,lexicon
25354,173,1993,60318,battery,neutral,0.55,,lexicon
25355,173,1993,60318,design,neutral,0.55,,lexicon
25356,173,1994,60320,battery,negative,0.927,terrible,lexicon
25357,174,2863,60333,performance,positive,0.86,fast,lexicon
25358,174,2864,60341,price,positive,0.748,better,lexicon
25359,174,2866,60343,display,negative,0.883,broken,lexicon
25360,174,2866,60344,display,neutral,0.55,,lexicon
25361,174,2867,60348,battery,positive,0.927,amazing,lexicon
25362,174,2867,60348,price,positive,0.95,amazing,lexicon
25363,174,2868,60350,design,positive,0.95,great,lexicon
25364,175,2893,60354,battery,positive,0.95,love,lexicon
25365,175,2893,60354,performance,positive,0.95,smooth,lexicon
25366,175,2893,60357,battery,negative,0.748,issues,lexicon
25367,175,2894,60358,battery,positive,0.95,excellent,lexicon
25368,175,2895,60365,price,neutral,0.55,,lexicon
25369,175,2895,60366,display,positive,0.725,like,lexicon
25370,175,2895,60366,price,neutral,0.55,,lexicon
25371,175,2896,60369,camera,positive,0.883,love,lexicon
25372,175,2896,60370,battery,positive,0.838,bad,lexicon
25373,175,2896,60371,display,neutral,0.55,,lexicon
25374,175,2896,60371,design,neutral,0.55,,lexicon
25375,175,2896,60372,display,positive,0.95,awesome,lexicon
25376,175,2897,60374,battery,positive,0.86,great,lexicon
25377,175,2897,60374,price,positive,0.86,great,lexicon
25378,175,2899,60380,price,positive,0.815,worth,lexicon
25379,175,2899,60381,design,positive,0.95,gorgeous,lexicon
25380,175,2899,60382,price,positive,0.815,worth,lexicon
25381,176,704,60391,camera,positive,0.95,amazing,lexicon
25382,176,704,60393,display,positive,0.927,perfect,lexicon
25383,176,705,60401,camera,positive,0.792,good,lexicon
25384,176,707,60411,camera,neutral,0.55,,lexicon
25385,176,707,60413,battery,neutral,0.55,,lexicon
25386,176,707,60414,display,neutral,0.55,,lexicon
25387,176,707,60415,display,neutral,0.55,,lexicon
25388,176,707,60416,display,neutral,0.55,,lexicon
25389,176,707,60422,camera,positive,0.792,good,lexicon
25390,176,708,60429,battery,negative,0.86,died,lexicon
25391,176,708,60431,display,neutral,0.55,,lexicon
25392,176,708,60432,display,positive,0.748,better,lexicon
25393,176,708,60434,battery,neutral,0.55,,lexicon
25394,176,708,60435,camera,positive,0.792,good,lexicon
25395,176,708,60436,camera,positive,0.86,great,lexicon
25396,176,708,60437,battery,positive,0.792,good,lexicon
25397,176,708,60441,battery,positive,0.792,good,lexicon
25398,176,709,60442,design,positive,0.927,excellent,lexicon
25399,176,710,60447,camera,neutral,0.55,,lexicon
25400,176,710,60447,display,neutral,0.55,,lexicon
25401,176,710,60450,battery,negative,0.716,lasts,lexicon
25402,176,710,60452,display,neutral,0.55,,lexicon
25403,176,710,60456,battery,positive,0.95,best,lexicon
25404,176,710,60457,camera,negative,0.95,poorly,lexicon
25405,176,710,60457,performance,negative,0.95,poorly,lexicon
25406,176,710,60458,camera,neutral,0.55,,lexicon
25407,176,710,60459,camera,negative,0.611,broken,lexicon
25408,176,711,60461,price,positive,0.95,great,lexicon
25409,176,711,60462,price,positive,0.86,great,lexicon
25410,176,718,60473,display,negative,0.905,defective,lexicon
25411,177,1693,60479,price,neutral,0.55,,lexicon
25412,177,1693,60481,price,positive,0.86,great,lexicon
25413,177,1693,60485,battery,neutral,0.55,,lexicon
25414,177,1693,60489,battery,neutral,0.55,,lexicon
25415,177,1693,60496,camera,neutral,0.55,,lexicon
25416,177,1693,60499,battery,neutral,0.55,,lexicon
25417,177,1693,60503,price,positive,0.86,great,lexicon
25418,177,1693,60504,camera,neutral,0.55,,lexicon
25419,177,1693,60504,design,neutral,0.55,,lexicon
25420,177,1693,60506,camera,neutral,0.55,,lexicon
25421,177,1694,60510,camera,positive,0.86,crisp,lexicon
25422,177,1694,60511,camera,neutral,0.55,,lexicon
25423,177,1695,60520,display,positive,0.95,responsive,lexicon
25424,177,1695,60520,performance,positive,0.95,responsive,lexicon
25425,177,1695,60538,price,neutral,0.55,,lexicon
25426,177,1695,60542,price,neutral,0.55,,lexicon
25427,177,1696,60547,price,positive,0.95,exceptional,lexicon
25428,177,1696,60548,battery,neutral,0.55,,lexicon
25429,177,1696,60549,battery,negative,0.748,issue,lexicon
25430,177,1696,60551,battery,positive,0.95,excellent,lexicon
25431,177,1696,60552,camera,positive,0.86,great,lexicon
25432,177,1696,60553,price,neutral,0.511,recommend,lexicon
25433,177,1697,60555,battery,positive,0.927,perfect,lexicon
25434,177,1698,60558,design,positive,0.86,great,lexicon
25435,177,1699,60560,camera,negative,0.748,issue,lexicon
25436,177,1700,60564,camera,positive,0.95,great,lexicon
25437,177,1707,60570,display,positive,0.95,perfect,lexicon
25438,177,1707,60570,battery,neutral,0.55,,lexicon
25439,177,1707,60571,performance,positive,0.86,fast,lexicon
25440,178,2642,60575,price,neutral,0.55,,lexicon
25441,178,2642,60577,price,positive,0.86,great,lexicon
25442,178,2642,60581,battery,neutral,0.55,,lexicon
25443,178,2642,60585,battery,neutral,0.55,,lexicon
25444,178,2642,60592,camera,neutral,0.55,,lexicon
25445,178,2642,60595,battery,neutral,0.55,,lexicon
25446,178,2642,60599,price,positive,0.86,great,lexicon
25447,178,2642,60600,camera,neutral,0.55,,lexicon
25448,178,2642,60600,design,neutral,0.55,,lexicon
25449,178,2642,60602,camera,neutral,0.55,,lexicon
25450,178,2643,60606,camera,positive,0.86,crisp,lexicon
25451,178,2643,60607,camera,neutral,0.55,,lexicon
25452,178,2644,60616,display,positive,0.95,responsive,lexicon
25453,178,2644,60616,performance,positive,0.95,responsive,lexicon
25454,178,2644,60634,price,neutral,0.55,,lexicon
25455,178,2644,60638,price,neutral,0.55,,lexicon
25456,178,2645,60643,price,positive,0.95,exceptional,lexicon
25457,178,2645,60644,battery,neutral,0.55,,lexicon
25458,178,2645,60645,battery,negative,0.748,issue,lexicon
25459,178,2645,60647,battery,positive,0.95,excellent,lexicon
25460,178,2645,60648,camera,positive,0.86,great,lexicon
25461,178,2645,60649,price,neutral,0.511,recommend,lexicon
25462,178,2646,60651,battery,positive,0.927,perfect,lexicon
25463,178,2647,60654,design,positive,0.86,great,lexicon
25464,178,2648,60656,camera,negative,0.748,issue,lexicon
25465,178,2649,60660,camera,positive,0.95,great,lexicon
25466,178,2657,60666,display,positive,0.95,perfect,lexicon
25467,178,2657,60666,battery,neutral,0.55,,lexicon
25468,178,2657,60667,performance,positive,0.86,fast,lexicon
25469,178,2660,60671,battery,neutral,0.55,,lexicon
25470,178,2660,60673,design,positive,0.725,like,lexicon
25471,178,2660,60673,price,positive,0.725,like,lexicon
25472,178,2663,60676,price,positive,0.95,great,lexicon
25473,178,2663,60679,battery,positive,0.792,good,lexicon
25474,178,2663,60680,battery,positive,0.914,fast,lexicon
25475,178,2663,60680,performance,positive,0.914,fast,lexicon
25476,178,2664,60682,price,positive,0.86,great,lexicon
25477,178,2664,60683,design,positive,0.95,love,lexicon
25478,178,2665,60684,battery,positive,0.86,great,lexicon
25479,178,2665,60684,display,positive,0.86,great,lexicon
25480,178,2666,60688,battery,positive,0.822,better,lexicon
25481,179,3389,60695,price,neutral,0.55,,lexicon
25482,179,3389,60697,price,positive,0.86,great,lexicon
25483,179,3389,60701,battery,neutral,0.55,,lexicon
25484,179,3389,60705,battery,neutral,0.55,,lexicon
25485,179,3389,60712,camera,neutral,0.55,,lexicon
25486,179,3389,60715,battery,neutral,0.55,,lexicon
25487,179,3389,60719,price,positive,0.86,great,lexicon
25488,179,3389,60720,camera,neutral,0.55,,lexicon
25489,179,3389,60720,design,neutral,0.55,,lexicon
25490,179,3389,60722,camera,neutral,0.55,,lexicon
25491,179,3390,60726,camera,positive,0.86,crisp,lexicon
25492,179,3390,60727,camera,neutral,0.55,,lexicon
25493,179,3391,60736,display,positive,0.95,responsive,lexicon
25494,179,3391,60736,performance,positive,0.95,responsive,lexicon
25495,179,3391,60754,price,neutral,0.55,,lexicon
25496,179,3391,60758,price,neutral,0.55,,lexicon
25497,179,3392,60763,price,positive,0.95,exceptional,lexicon
25498,179,3392,60764,battery,neutral,0.55,,lexicon
25499,179,3392,60765,battery,negative,0.748,issue,lexicon
25500,179,3392,60767,battery,positive,0.95,excellent,lexicon
25501,179,3392,60768,camera,positive,0.86,great,lexicon
25502,179,3392,60769,price,neutral,0.511,recommend,lexicon
25503,179,3393,60771,battery,positive,0.927,perfect,lexicon
25504,179,3394,60774,design,positive,0.86,great,lexicon
25505,179,3395,60776,camera,negative,0.748,issue,lexicon
25506,179,3396,60780,camera,positive,0.95,great,lexicon
25507,179,3404,60786,display,positive,0.95,perfect,lexicon
25508,179,3404,60786,battery,neutral,0.55,,lexicon
25509,179,3404,60787,performance,positive,0.86,fast,lexicon
25510,179,3407,60791,battery,neutral,0.55,,lexicon
25511,179,3407,60793,design,positive,0.725,like,lexicon
25512,179,3407,60793,price,positive,0.725,like,lexicon
25513,179,3410,60796,price,positive,0.95,great,lexicon
25514,179,3410,60799,battery,positive,0.792,good,lexicon
25515,179,3410,60800,battery,positive,0.914,fast,lexicon
25516,179,3410,60800,performance,positive,0.914,fast,lexicon
25517,179,3411,60802,price,positive,0.86,great,lexicon
25518,179,3411,60803,design,positive,0.95,love,lexicon
25519,179,3412,60804,battery,positive,0.86,great,lexicon
25520,179,3412,60804,display,positive,0.86,great,lexicon
25521,179,3413,60808,battery,positive,0.822,better,lexicon
25522,180,594,60812,camera,positive,0.95,excellent,lexicon
25523,180,594,60812,design,positive,0.95,excellent,lexicon
25524,180,594,60812,price,positive,0.95,excellent,lexicon
25525,180,594,60815,camera,neutral,0.55,,lexicon
25526,180,594,60820,display,neutral,0.55,,lexicon
25527,180,594,60821,display,neutral,0.55,,lexicon
25528,180,594,60822,design,positive,0.725,like,lexicon
25529,180,594,60823,camera,positive,0.792,good,lexicon
25530,180,594,60823,design,positive,0.882,good,lexicon
25531,180,594,60824,camera,neutral,0.55,,lexicon
25532,180,594,60834,display,positive,0.725,like,lexicon
25533,180,594,60835,display,neutral,0.55,,lexicon
25534,180,594,60838,battery,negative,0.734,slow,lexicon
25535,180,594,60838,performance,negative,0.734,slow,lexicon
25536,180,594,60839,battery,negative,0.842,outstanding,lexicon
25537,180,594,60840,battery,neutral,0.55,,lexicon
25538,180,594,60841,display,positive,0.93,clear,lexicon
25539,180,594,60842,display,neutral,0.55,,lexicon
25540,180,594,60843,design,neutral,0.55,,lexicon
25541,180,594,60844,design,positive,0.792,good,lexicon
25542,180,594,60847,performance,positive,0.86,fast,lexicon
25543,180,594,60848,performance,negative,0.748,issue,lexicon
25544,180,594,60849,camera,positive,0.927,excellent,lexicon
25545,180,594,60850,camera,positive,0.882,quick,lexicon
25546,180,594,60850,display,positive,0.882,quick,lexicon
25547,180,594,60851,camera,neutral,0.55,,lexicon
25548,180,594,60858,price,positive,0.86,great,lexicon
25549,180,594,60859,price,neutral,0.55,,lexicon
25550,180,594,60860,performance,neutral,0.55,,lexicon
25551,180,594,60860,camera,neutral,0.55,,lexicon
25552,180,595,60873,performance,positive,0.95,responsive,lexicon
25553,180,596,60875,battery,neutral,0.55,,lexicon
25554,180,596,60877,battery,positive,0.95,excellent,lexicon
25555,180,596,60878,price,positive,0.95,excellent,lexicon
25556,180,596,60879,price,neutral,0.55,,lexicon
25557,180,596,60881,price,positive,0.914,best,lexicon
25558,180,597,60886,display,neutral,0.55,,lexicon
25559,180,597,60888,battery,neutral,0.55,,lexicon
25560,180,597,60890,price,neutral,0.55,,lexicon
25561,180,597,60891,price,positive,0.86,great,lexicon
25562,180,598,60907,camera,negative,0.824,exceptional,lexicon
25563,180,600,60918,design,negative,0.734,good,lexicon
25564,180,601,60934,display,positive,0.792,good,lexicon
25565,180,601,60935,battery,positive,0.748,better,lexicon
25566,180,601,60935,performance,positive,0.748,better,lexicon
25567,180,601,60938,camera,positive,0.86,great,lexicon
25568,180,601,60938,display,positive,0.86,great,lexicon
25569,180,601,60939,performance,neutral,0.55,,lexicon
25570,180,603,60941,design,neutral,0.55,,lexicon
25571,180,603,60944,design,neutral,0.55,,lexicon
25572,180,603,60945,battery,neutral,0.55,,lexicon
25573,180,604,60948,price,positive,0.815,worth,lexicon
25574,180,604,60949,price,positive,0.792,good,lexicon
25575,180,608,60953,design,positive,0.95,amazing,lexicon
25576,180,609,60957,display,neutral,0.55,,lexicon
25577,180,611,60975,battery,positive,0.95,awesome,lexicon
25578,180,611,60978,design,neutral,0.55,,lexicon
25579,180,611,60980,price,neutral,0.55,,lexicon
25580,180,613,60982,design,positive,0.86,great,lexicon
25581,180,617,60999,design,positive,0.792,good,lexicon
25582,181,744,61000,camera,positive,0.95,excellent,lexicon
25583,181,744,61000,design,positive,0.95,excellent,lexicon
25584,181,744,61000,price,positive,0.95,excellent,lexicon
25585,181,744,61003,camera,neutral,0.55,,lexicon
25586,181,744,61008,display,neutral,0.55,,lexicon
25587,181,744,61009,display,neutral,0.55,,lexicon
25588,181,744,61010,design,positive,0.725,like,lexicon
25589,181,744,61011,camera,positive,0.792,good,lexicon
25590,181,744,61011,design,positive,0.882,good,lexicon
25591,181,744,61012,camera,neutral,0.55,,lexicon
25592,181,744,61022,display,positive,0.725,like,lexicon
25593,181,744,61023,display,neutral,0.55,,lexicon
25594,181,744,61026,battery,negative,0.734,slow,lexicon
25595,181,744,61026,performance,negative,0.734,slow,lexicon
25596,181,744,61027,battery,negative,0.842,outstanding,lexicon
25597,181,744,61028,battery,neutral,0.55,,lexicon
25598,181,744,61029,display,positive,0.93,clear,lexicon
25599,181,744,61030,display,neutral,0.55,,lexicon
25600,181,744,61031,design,neutral,0.55,,lexicon
25601,181,744,61032,design,positive,0.792,good,lexicon
25602,181,744,61035,performance,positive,0.86,fast,lexicon
25603,181,744,61036,performance,negative,0.748,issue,lexicon
25604,181,744,61037,camera,positive,0.927,excellent,lexicon
25605,181,744,61038,camera,positive,0.882,quick,lexicon
25606,181,744,61038,display,positive,0.882,quick,lexicon
25607,181,744,61039,camera,neutral,0.55,,lexicon
25608,181,744,61046,price,positive,0.86,great,lexicon
25609,181,744,61047,price,neutral,0.55,,lexicon
25610,181,744,61048,performance,neutral,0.55,,lexicon
25611,181,744,61048,camera,neutral,0.55,,lexicon
25612,181,745,61061,performance,positive,0.95,responsive,lexicon
25613,181,746,61063,battery,neutral,0.55,,lexicon
25614,181,746,61065,battery,positive,0.95,excellent,lexicon
25615,181,746,61066,price,positive,0.95,excellent,lexicon
25616,181,746,61067,price,neutral,0.55,,lexicon
25617,181,746,61069,price,positive,0.914,best,lexicon
25618,181,747,61074,display,neutral,0.55,,lexicon
25619,181,747,61076,battery,neutral,0.55,,lexicon
25620,181,747,61078,price,neutral,0.55,,lexicon
25621,181,747,61079,price,positive,0.86,great,lexicon
25622,181,748,61095,camera,negative,0.824,exceptional,lexicon
25623,181,750,61106,design,negative,0.734,good,lexicon
25624,181,751,61122,display,positive,0.792,good,lexicon
25625,181,751,61123,battery,positive,0.748,better,lexicon
25626,181,751,61123,performance,positive,0.748,better,lexicon
25627,181,751,61126,camera,positive,0.86,great,lexicon
25628,181,751,61126,display,positive,0.86,great,lexicon
25629,181,751,61127,performance,neutral,0.55,,lexicon
25630,181,753,61129,design,neutral,0.55,,lexicon
25631,181,753,61132,design,neutral,0.55,,lexicon
25632,181,753,61133,battery,neutral,0.55,,lexicon
25633,181,754,61136,price,positive,0.815,worth,lexicon
25634,181,754,61137,price,positive,0.792,good,lexicon
25635,181,758,61141,design,positive,0.95,amazing,lexicon
25636,182,1856,61144,price,positive,0.815,premium,lexicon
25637,182,1856,61146,price,neutral,0.55,,lexicon
25638,182,1856,61148,design,neutral,0.55,,lexicon
25639,182,1856,61149,performance,neutral,0.55,,lexicon
25640,182,1856,61149,design,neutral,0.55,,lexicon
25641,182,1856,61149,price,neutral,0.55,,lexicon
25642,182,1856,61150,performance,negative,0.86,lags,lexicon
25643,182,1856,61150,price,positive,0.927,perfect,lexicon
25644,182,1856,61151,price,neutral,0.55,,lexicon
25645,182,1856,61152,battery,neutral,0.55,,lexicon
25646,182,1856,61152,camera,neutral,0.55,,lexicon
25647,182,1856,61152,performance,neutral,0.55,,lexicon
25648,182,1856,61153,price,positive,0.748,better,lexicon
25649,182,1856,61154,battery,positive,0.838,recommend,lexicon
25650,182,1856,61154,display,positive,0.838,recommend,lexicon
25651,182,1856,61157,battery,neutral,0.55,,lexicon
25652,182,1858,61168,design,positive,0.792,good,lexicon
25653,182,1858,61171,display,neutral,0.55,,lexicon
25654,182,1858,61172,battery,positive,0.86,fast,lexicon
25655,182,1858,61172,performance,positive,0.86,fast,lexicon
25656,182,1860,61178,battery,neutral,0.55,,lexicon
25657,182,1861,61185,price,negative,0.815,expensive,lexicon
25658,182,1862,61192,battery,positive,0.927,excellent,lexicon
25659,182,1862,61193,battery,neutral,0.55,,lexicon
25660,182,1867,61200,design,positive,0.865,nice,lexicon
25661,182,1867,61200,camera,positive,0.86,loves,lexicon
25662,182,1867,61200,price,positive,0.815,worth,lexicon
25663,182,1869,61201,camera,neutral,0.55,,lexicon
25664,182,1869,61206,camera,neutral,0.55,,lexicon
25665,182,1869,61206,display,neutral,0.55,,lexicon
25666,182,1869,61207,camera,neutral,0.55,,lexicon
25667,182,1869,61208,camera,negative,0.927,worst,lexicon
25668,182,1869,61209,camera,neutral,0.55,,lexicon
25669,182,1869,61210,camera,neutral,0.55,,lexicon
25670,182,1869,61211,camera,neutral,0.55,,lexicon
25671,182,1869,61213,camera,negative,0.95,disappointing,lexicon
25672,183,1603,61217,design,positive,0.86,great,lexicon
25673,183,1604,61219,battery,positive,0.86,great,lexicon
25674,183,1605,61220,price,positive,0.86,great,lexicon
25675,183,1605,61221,battery,neutral,0.55,,lexicon
25676,183,1605,61221,design,neutral,0.55,,lexicon
25677,183,1605,61223,battery,neutral,0.55,,lexicon
25678,183,1606,61225,design,positive,0.86,great,lexicon
25679,183,1606,61227,price,negative,0.95,disappointed,lexicon
25680,183,1606,61230,price,neutral,0.55,,lexicon
25681,183,1606,61231,price,neutral,0.55,,lexicon
25682,183,1607,61236,battery,neutral,0.55,,lexicon
25683,183,1607,61238,battery,positive,0.86,great,lexicon
25684,183,1608,61241,battery,neutral,0.55,,lexicon
25685,183,1608,61242,display,neutral,0.55,,lexicon
25686,183,1609,61247,battery,positive,0.898,great,lexicon
25687,183,1616,61257,display,negative,0.883,shattered,lexicon
25688,184,183,61260,battery,neutral,0.55,,lexicon
25689,184,184,61267,design,positive,0.905,best,lexicon
25690,184,184,61268,display,neutral,0.55,,lexicon
25691,184,184,61269,camera,negative,0.642,dull,lexicon
25692,184,184,61269,display,negative,0.642,dull,lexicon
25693,184,184,61269,design,neutral,0.55,,lexicon
25694,184,184,61271,price,positive,0.725,like,lexicon
25695,184,184,61272,price,positive,0.854,happy,lexicon
25696,184,185,61274,battery,neutral,0.55,,lexicon
25697,184,186,61276,camera,negative,0.748,issues,lexicon
25698,184,186,61278,camera,neutral,0.55,,lexicon
25699,184,186,61278,display,neutral,0.55,,lexicon
25700,184,188,61289,battery,neutral,0.55,,lexicon
25701,184,188,61292,battery,positive,0.883,love,lexicon
25702,184,189,61295,battery,positive,0.698,issues,lexicon
25703,184,189,61296,camera,positive,0.95,great,lexicon
25704,184,190,61298,price,positive,0.93,worth,lexicon
25705,184,190,61301,battery,positive,0.716,problems,lexicon
25706,184,190,61301,design,positive,0.716,problems,lexicon
25707,184,197,61305,battery,neutral,0.55,,lexicon
25708,184,197,61306,display,neutral,0.55,,lexicon
25709,184,198,61310,battery,negative,0.95,faulty,lexicon
25710,184,199,61311,display,positive,0.95,great,lexicon
25711,184,200,61314,battery,positive,0.716,problems,lexicon
25712,184,200,61314,price,positive,0.907,great,lexicon
25713,184,202,61319,battery,neutral,0.55,,lexicon
25714,184,203,61325,display,negative,0.95,disappointed,lexicon
25715,184,204,61329,battery,positive,0.95,good,lexicon
25716,184,204,61329,price,positive,0.95,great,lexicon
25717,184,206,61333,battery,neutral,0.55,,lexicon
25718,184,207,61336,design,positive,0.792,good,lexicon
25719,185,358,61338,battery,neutral,0.55,,lexicon
25720,185,359,61345,design,positive,0.905,best,lexicon
25721,185,359,61346,display,neutral,0.55,,lexicon
25722,185,359,61347,camera,negative,0.642,dull,lexicon
25723,185,359,61347,display,negative,0.642,dull,lexicon
25724,185,359,61347,design,neutral,0.55,,lexicon
25725,185,359,61349,price,positive,0.725,like,lexicon
25726,185,359,61350,price,positive,0.854,happy,lexicon
25727,185,360,61352,battery,neutral,0.55,,lexicon
25728,185,361,61354,camera,negative,0.748,issues,lexicon
25729,185,361,61356,camera,neutral,0.55,,lexicon
25730,185,361,61356,display,neutral,0.55,,lexicon
25731,185,363,61367,battery,neutral,0.55,,lexicon
25732,185,363,61370,battery,positive,0.883,love,lexicon
25733,185,364,61373,battery,positive,0.698,issues,lexicon
25734,185,364,61374,camera,positive,0.95,great,lexicon
25735,185,365,61376,price,positive,0.93,worth,lexicon
25736,185,365,61379,battery,positive,0.716,problems,lexicon
25737,185,365,61379,design,positive,0.716,problems,lexicon
25738,185,372,61383,battery,neutral,0.55,,lexicon
25739,185,372,61384,display,neutral,0.55,,lexicon
25740,186,1996,61388,battery,neutral,0.55,,lexicon
25741,186,1997,61395,design,positive,0.905,best,lexicon
25742,186,1997,61396,display,neutral,0.55,,lexicon
25743,186,1997,61397,camera,negative,0.642,dull,lexicon
25744,186,1997,61397,display,negative,0.642,dull,lexicon
25745,186,1997,61397,design,neutral,0.55,,lexicon
25746,186,1997,61399,price,positive,0.725,like,lexicon
25747,186,1997,61400,price,positive,0.854,happy,lexicon
25748,186,1998,61402,battery,neutral,0.55,,lexicon
25749,186,1999,61404,camera,negative,0.748,issues,lexicon
25750,186,1999,61406,camera,neutral,0.55,,lexicon
25751,186,1999,61406,display,neutral,0.55,,lexicon
25752,186,2001,61417,battery,neutral,0.55,,lexicon
25753,186,2001,61420,battery,positive,0.883,love,lexicon
25754,186,2002,61423,battery,positive,0.698,issues,lexicon
25755,186,2002,61424,camera,positive,0.95,great,lexicon
25756,186,2003,61426,price,positive,0.93,worth,lexicon
25757,186,2003,61429,battery,positive,0.716,problems,lexicon
25758,186,2003,61429,design,positive,0.716,problems,lexicon
25759,186,2010,61433,battery,neutral,0.55,,lexicon
25760,186,2010,61434,display,neutral,0.55,,lexicon
25761,186,2011,61438,battery,negative,0.95,faulty,lexicon
25762,186,2012,61439,display,positive,0.95,great,lexicon
25763,186,2013,61442,battery,positive,0.716,problems,lexicon
25764,186,2013,61442,price,positive,0.907,great,lexicon
25765,186,2015,61447,battery,neutral,0.55,,lexicon
25766,186,2016,61453,display,negative,0.95,disappointed,lexicon
25767,186,2017,61457,battery,positive,0.95,good,lexicon
25768,186,2017,61457,price,positive,0.95,great,lexicon
25769,186,2019,61461,battery,neutral,0.55,,lexicon
25770,186,2020,61464,design,positive,0.792,good,lexicon
25771,187,3364,61466,battery,neutral,0.55,,lexicon
25772,187,3365,61473,design,positive,0.905,best,lexicon
25773,187,3365,61474,display,neutral,0.55,,lexicon
25774,187,3365,61475,camera,negative,0.642,dull,lexicon
25775,187,3365,61475,display,negative,0.642,dull,lexicon
25776,187,3365,61475,design,neutral,0.55,,lexicon
25777,187,3365,61477,price,positive,0.725,like,lexicon
25778,187,3365,61478,price,positive,0.854,happy,lexicon
25779,187,3366,61480,battery,neutral,0.55,,lexicon
25780,187,3367,61482,camera,negative,0.748,issues,lexicon
25781,187,3367,61484,camera,neutral,0.55,,lexicon
25782,187,3367,61484,display,neutral,0.55,,lexicon
25783,187,3368,61488,battery,neutral,0.55,,lexicon
25784,187,3368,61491,battery,positive,0.883,love,lexicon
25785,187,3369,61492,design,positive,0.914,good,lexicon
25786,187,3370,61494,battery,neutral,0.55,,lexicon
25787,187,3371,61497,battery,positive,0.698,issues,lexicon
25788,187,3371,61498,camera,positive,0.95,great,lexicon
25789,187,3378,61502,battery,neutral,0.55,,lexicon
25790,187,3378,61503,display,neutral,0.55,,lexicon
25791,187,3379,61507,battery,negative,0.95,faulty,lexicon
25792,187,3380,61508,display,positive,0.95,great,lexicon
25793,187,3381,61511,battery,positive,0.716,problems,lexicon
25794,187,3381,61511,price,positive,0.907,great,lexicon
25795,187,3383,61516,battery,neutral,0.55,,lexicon
25796,187,3384,61522,display,negative,0.95,disappointed,lexicon
25797,187,3385,61526,battery,positive,0.95,good,lexicon
25798,187,3385,61526,price,positive,0.95,great,lexicon
25799,187,3387,61530,battery,neutral,0.55,,lexicon
25800,187,3388,61533,design,positive,0.792,good,lexicon
25801,188,3917,61535,battery,neutral,0.55,,lexicon
25802,188,3918,61542,design,positive,0.905,best,lexicon
25803,188,3918,61543,display,neutral,0.55,,lexicon
25804,188,3918,61544,camera,negative,0.642,dull,lexicon
25805,188,3918,61544,display,negative,0.642,dull,lexicon
25806,188,3918,61544,design,neutral,0.55,,lexicon
25807,188,3918,61546,price,positive,0.725,like,lexicon
25808,188,3918,61547,price,positive,0.854,happy,lexicon
25809,188,3919,61549,battery,neutral,0.55,,lexicon
25810,188,3920,61551,camera,negative,0.748,issues,lexicon
25811,188,3920,61553,camera,neutral,0.55,,lexicon
25812,188,3920,61553,display,neutral,0.55,,lexicon
25813,188,3921,61557,battery,neutral,0.55,,lexicon
25814,188,3921,61560,battery,positive,0.883,love,lexicon
25815,188,3922,61561,design,positive,0.914,good,lexicon
25816,188,3923,61563,battery,neutral,0.55,,lexicon
25817,188,3924,61566,battery,positive,0.698,issues,lexicon
25818,188,3924,61567,camera,positive,0.95,great,lexicon
25819,188,3931,61571,battery,neutral,0.55,,lexicon
25820,188,3931,61572,display,neutral,0.55,,lexicon
25821,188,3932,61576,battery,negative,0.95,faulty,lexicon
25822,188,3933,61577,display,positive,0.95,great,lexicon
25823,188,3934,61580,battery,positive,0.716,problems,lexicon
25824,188,3934,61580,price,positive,0.907,great,lexicon
25825,188,3936,61585,battery,neutral,0.55,,lexicon
25826,188,3937,61591,display,negative,0.95,disappointed,lexicon
25827,188,3938,61595,battery,positive,0.95,good,lexicon
25828,188,3938,61595,price,positive,0.95,great,lexicon
25829,188,3940,61599,battery,neutral,0.55,,lexicon
25830,188,3941,61602,design,positive,0.792,good,lexicon
25831,189,1225,61606,battery,positive,0.86,fast,lexicon
25832,189,1225,61606,performance,positive,0.86,fast,lexicon
25833,189,1225,61611,battery,positive,0.86,fast,lexicon
25834,189,1225,61611,performance,positive,0.86,fast,lexicon
25835,189,1226,61617,price,neutral,0.55,,lexicon
25836,189,1226,61621,display,neutral,0.55,,lexicon
25837,189,1226,61622,display,neutral,0.55,,lexicon
25838,189,1226,61623,display,neutral,0.55,,lexicon
25839,189,1226,61623,performance,neutral,0.55,,lexicon
25840,189,1226,61624,battery,positive,0.932,fast,lexicon
25841,189,1226,61624,performance,positive,0.932,fast,lexicon
25842,189,1226,61627,performance,positive,0.95,fast,lexicon
25843,189,1226,61627,design,positive,0.95,fast,lexicon
25844,189,1226,61628,battery,neutral,0.55,,lexicon
25845,189,1226,61630,battery,positive,0.95,incredible,lexicon
25846,189,1226,61635,display,positive,0.95,great,lexicon
25847,189,1227,61639,battery,positive,0.95,excellent,lexicon
25848,189,1227,61640,battery,positive,0.883,love,lexicon
25849,189,1227,61640,display,positive,0.883,love,lexicon
25850,189,1228,61641,battery,positive,0.927,amazing,lexicon
25851,189,1228,61641,performance,positive,0.95,amazing,lexicon
25852,189,1228,61642,battery,positive,0.901,all day,lexicon
25853,189,1228,61643,battery,neutral,0.55,,lexicon
25854,189,1228,61645,battery,positive,0.905,fantastic,lexicon
25855,189,1228,61645,display,positive,0.905,fantastic,lexicon
25856,189,1228,61646,design,neutral,0.55,,lexicon
25857,189,1228,61647,battery,negative,0.748,issue,lexicon
25858,189,1228,61648,battery,neutral,0.55,,lexicon
25859,189,1228,61649,camera,negative,0.734,good,lexicon
25860,189,1228,61649,design,neutral,0.55,,lexicon
25861,189,1228,61650,camera,neutral,0.55,,lexicon
25862,189,1228,61651,camera,positive,0.86,great,lexicon
25863,189,1228,61652,price,positive,0.95,value for money,lexicon
25864,189,1228,61653,display,positive,0.905,incredible,lexicon
25865,189,1228,61653,design,positive,0.905,incredible,lexicon
25866,189,1230,61659,camera,neutral,0.55,,lexicon
25867,189,1230,61659,display,neutral,0.55,,lexicon
25868,189,1230,61663,display,positive,0.815,quick,lexicon
25869,189,1230,61665,display,neutral,0.55,,lexicon
25870,189,1230,61669,display,positive,0.838,happy,lexicon
25871,189,1230,61669,design,positive,0.838,happy,lexicon
25872,189,1230,61670,display,positive,0.95,perfect,lexicon
25873,190,619,61671,camera,positive,0.95,great,lexicon
25874,190,619,61672,price,positive,0.815,worth,lexicon
25875,190,622,61684,price,positive,0.86,great,lexicon
25876,190,624,61688,price,neutral,0.55,,lexicon
25877,190,624,61689,price,positive,0.792,good,lexicon
25878,190,624,61694,price,negative,0.905,not worth,lexicon
25879,190,626,61697,price,positive,0.914,great,lexicon
25880,190,626,61698,design,positive,0.725,like,lexicon
25881,190,626,61699,camera,positive,0.95,excellent,lexicon
25882,190,626,61699,performance,positive,0.95,responsive,lexicon
25883,190,626,61699,design,positive,0.95,responsive,lexicon
25884,190,626,61700,performance,positive,0.86,fast,lexicon
25885,190,626,61703,price,positive,0.95,recommend,lexicon
25886,190,633,61713,price,neutral,0.55,,lexicon
25887,191,784,61717,camera,positive,0.95,great,lexicon
25888,191,784,61718,price,positive,0.815,worth,lexicon
25889,191,787,61730,price,positive,0.86,great,lexicon
25890,191,789,61734,price,neutral,0.55,,lexicon
25891,191,789,61735,price,positive,0.792,good,lexicon
25892,191,789,61740,price,negative,0.905,not worth,lexicon
25893,191,791,61743,price,positive,0.914,great,lexicon
25894,191,791,61744,design,positive,0.725,like,lexicon
25895,191,791,61745,camera,positive,0.95,excellent,lexicon
25896,191,791,61745,performance,positive,0.95,responsive,lexicon
25897,191,791,61745,design,positive,0.95,responsive,lexicon
25898,191,791,61746,performance,positive,0.86,fast,lexicon
25899,191,791,61749,price,positive,0.95,recommend,lexicon
25900,191,798,61759,price,neutral,0.55,,lexicon
25901,191,801,61778,battery,negative,0.838,bad,lexicon
25902,191,801,61779,battery,positive,0.927,flawless,lexicon
25903,191,801,61780,battery,negative,0.95,disappointing,lexicon
25904,191,801,61781,battery,neutral,0.55,,lexicon
25905,191,801,61782,battery,negative,0.914,bad,lexicon
25906,191,801,61784,battery,negative,0.748,issue,lexicon
25907,191,801,61785,battery,negative,0.95,bad,lexicon
25908,191,801,61787,battery,neutral,0.55,,lexicon
25909,191,802,61792,display,neutral,0.55,,lexicon
25910,191,802,61793,display,neutral,0.55,,lexicon
25911,191,806,61813,display,neutral,0.55,,lexicon
25912,191,806,61815,camera,neutral,0.401,excellent,lexicon
25913,191,806,61815,display,neutral,0.401,excellent,lexicon
25914,191,808,61819,camera,neutral,0.55,,lexicon
25915,192,486,61821,price,positive,0.86,great,lexicon
25916,192,486,61822,price,positive,0.86,great,lexicon
25917,192,486,61823,performance,neutral,0.55,,lexicon
25918,192,486,61824,battery,positive,0.945,great,lexicon
25919,192,486,61824,camera,positive,0.86,great,lexicon
25920,192,486,61827,price,positive,0.927,excellent,lexicon
25921,192,486,61828,price,neutral,0.393,expensive,lexicon
25922,192,487,61835,price,positive,0.95,perfect,lexicon
25923,192,489,61844,design,neutral,0.55,,lexicon
25924,192,489,61847,display,positive,0.927,amazing,lexicon
25925,192,489,61848,camera,positive,0.725,like,lexicon
25926,192,489,61848,design,positive,0.725,like,lexicon
25927,192,489,61849,display,positive,0.95,vibrant,lexicon
25928,192,489,61851,battery,positive,0.914,all day,lexicon
25929,192,489,61851,camera,positive,0.95,all day,lexicon
25930,192,490,61857,performance,neutral,0.55,,lexicon
25931,192,491,61861,price,positive,0.95,great,lexicon
25932,192,494,61869,display,positive,0.815,clear,lexicon
25933,192,494,61871,battery,neutral,0.55,,lexicon
25934,192,494,61872,battery,positive,0.792,good,lexicon
25935,192,496,61875,price,neutral,0.354,great,lexicon
25936,192,496,61877,design,positive,0.86,great,lexicon
25937,192,496,61879,battery,positive,0.883,smooth,lexicon
25938,192,496,61879,performance,positive,0.883,smooth,lexicon
25939,192,496,61880,price,positive,0.927,excellent,lexicon
25940,193,541,61884,price,positive,0.86,great,lexicon
25941,193,541,61885,price,positive,0.86,great,lexicon
25942,193,541,61886,performance,neutral,0.55,,lexicon
25943,193,541,61887,battery,positive,0.945,great,lexicon
25944,193,541,61887,camera,positive,0.86,great,lexicon
25945,193,541,61890,price,positive,0.927,excellent,lexicon
25946,193,541,61891,price,neutral,0.393,expensive,lexicon
25947,193,542,61898,price,positive,0.95,perfect,lexicon
25948,193,544,61907,design,neutral,0.55,,lexicon
25949,193,544,61910,display,positive,0.927,amazing,lexicon
25950,193,544,61911,camera,positive,0.725,like,lexicon
25951,193,544,61911,design,positive,0.725,like,lexicon
25952,193,544,61912,display,positive,0.95,vibrant,lexicon
25953,193,544,61914,battery,positive,0.914,all day,lexicon
25954,193,544,61914,camera,positive,0.95,all day,lexicon
25955,193,545,61920,performance,neutral,0.55,,lexicon
25956,193,546,61924,price,positive,0.95,great,lexicon
25957,193,549,61932,display,positive,0.815,clear,lexicon
25958,193,549,61934,battery,neutral,0.55,,lexicon
25959,193,549,61935,battery,positive,0.792,good,lexicon
25960,193,551,61938,price,neutral,0.354,great,lexicon
25961,193,551,61940,design,positive,0.86,great,lexicon
25962,193,551,61942,battery,positive,0.883,smooth,lexicon
25963,193,551,61942,performance,positive,0.883,smooth,lexicon
25964,193,551,61943,price,positive,0.927,excellent,lexicon
25965,194,1349,61953,camera,positive,0.95,awesome,lexicon
25966,194,1349,61954,camera,negative,0.95,best,lexicon
25967,194,1349,61955,camera,positive,0.95,happy,lexicon
25968,194,1349,61957,camera,positive,0.895,good,lexicon
25969,194,1349,61958,camera,neutral,0.55,,lexicon
25970,194,1349,61963,battery,positive,0.815,worth,lexicon
25971,194,1349,61963,camera,positive,0.815,worth,lexicon
25972,194,1349,61964,battery,neutral,0.55,,lexicon
25973,194,1349,61965,battery,neutral,0.55,,lexicon
25974,194,1349,61966,battery,positive,0.815,pleased,lexicon
25975,194,1349,61966,performance,positive,0.815,pleased,lexicon
25976,194,1349,61967,battery,positive,0.883,impressive,lexicon
25977,194,1349,61968,display,positive,0.905,brilliant,lexicon
25978,194,1349,61968,design,positive,0.905,brilliant,lexicon
25979,194,1349,61969,display,positive,0.77,nice,lexicon
25980,194,1349,61970,performance,positive,0.95,fast,lexicon
25981,194,1349,61972,design,neutral,0.55,,lexicon
25982,194,1349,61973,design,neutral,0.55,,lexicon
25983,194,1350,61976,price,positive,0.883,loved,lexicon
25984,194,1350,61979,display,neutral,0.55,,lexicon
25985,194,1350,61980,display,negative,0.734,good,lexicon
25986,194,1350,61981,design,positive,0.883,love,lexicon
25987,194,1350,61982,camera,positive,0.86,great,lexicon
25988,194,1351,61986,performance,positive,0.95,excellent,lexicon
25989,194,1351,61991,battery,positive,0.748,better,lexicon
25990,194,1351,61994,battery,positive,0.927,excellent,lexicon
25991,194,1351,61994,performance,positive,0.927,excellent,lexicon
25992,194,1352,61998,battery,positive,0.927,perfect,lexicon
25993,194,1352,61999,battery,positive,0.927,perfect,lexicon
25994,194,1352,62004,design,neutral,0.55,,lexicon
25995,194,1352,62006,battery,neutral,0.55,,lexicon
25996,194,1353,62008,battery,neutral,0.55,,lexicon
25997,194,1353,62010,battery,negative,0.748,issue,lexicon
25998,194,1353,62011,battery,neutral,0.55,,lexicon
25999,194,1354,62015,design,positive,0.95,stunning,lexicon
26000,194,1354,62016,design,neutral,0.55,,lexicon
26001,194,1354,62018,battery,negative,0.748,issue,lexicon
26002,194,1354,62018,camera,neutral,0.471,good,lexicon
26003,194,1354,62019,display,positive,0.95,perfect,lexicon
26004,194,1354,62021,battery,positive,0.95,excellent,lexicon
26005,194,1354,62022,design,neutral,0.55,,lexicon
26006,194,1355,62030,battery,positive,0.77,lasts,lexicon
26007,194,1355,62031,design,positive,0.927,amazing,lexicon
26008,194,1355,62032,price,positive,0.925,worth,lexicon
26009,194,1355,62033,camera,positive,0.661,better,lexicon
26010,194,1355,62033,performance,negative,0.86,slow,lexicon
26011,194,1356,62036,battery,positive,0.927,perfect,lexicon
26012,194,1356,62036,display,positive,0.927,perfect,lexicon
26013,194,1356,62037,price,positive,0.815,worth,lexicon
26014,194,1357,62038,price,positive,0.815,worth,lexicon
26015,194,1357,62041,battery,neutral,0.55,,lexicon
26016,194,1359,62045,battery,neutral,0.55,,lexicon
26017,194,1360,62048,battery,positive,0.927,excellent,lexicon
26018,194,1361,62049,battery,positive,0.95,excellent,lexicon
26019,194,1361,62056,battery,positive,0.95,excellent,lexicon
26020,194,1361,62057,battery,neutral,0.55,,lexicon
26021,194,1361,62063,battery,negative,0.927,terrible,lexicon
26022,194,1361,62063,camera,negative,0.927,terrible,lexicon
26023,194,1361,62063,display,negative,0.927,terrible,lexicon
26024,194,1361,62064,camera,neutral,0.55,,lexicon
26025,194,1361,62064,display,neutral,0.55,,lexicon
26026,194,1361,62065,battery,neutral,0.55,,lexicon
26027,194,1361,62066,design,neutral,0.55,,lexicon
26028,194,1361,62067,display,neutral,0.55,,lexicon
26029,194,1361,62067,design,neutral,0.55,,lexicon
26030,194,1361,62068,battery,neutral,0.55,,lexicon
26031,194,1361,62068,camera,neutral,0.55,,lexicon
26032,194,1362,62071,design,positive,0.95,love,lexicon
26033,195,1429,62079,camera,positive,0.95,awesome,lexicon
26034,195,1429,62080,camera,negative,0.95,best,lexicon
26035,195,1429,62081,camera,positive,0.95,happy,lexicon
26036,195,1429,62083,camera,positive,0.895,good,lexicon
26037,195,1429,62084,camera,neutral,0.55,,lexicon
26038,195,1429,62089,battery,positive,0.815,worth,lexicon
26039,195,1429,62089,camera,positive,0.815,worth,lexicon
26040,195,1429,62090,battery,neutral,0.55,,lexicon
26041,195,1429,62091,battery,neutral,0.55,,lexicon
26042,195,1429,62092,battery,positive,0.815,pleased,lexicon
26043,195,1429,62092,performance,positive,0.815,pleased,lexicon
26044,195,1429,62093,battery,positive,0.883,impressive,lexicon
26045,195,1429,62094,display,positive,0.905,brilliant,lexicon
26046,195,1429,62094,design,positive,0.905,brilliant,lexicon
26047,195,1429,62095,display,positive,0.77,nice,lexicon
26048,195,1429,62096,performance,positive,0.95,fast,lexicon
26049,195,1429,62098,design,neutral,0.55,,lexicon
26050,195,1429,62099,design,neutral,0.55,,lexicon
26051,195,1430,62102,price,positive,0.883,loved,lexicon
26052,195,1430,62105,display,neutral,0.55,,lexicon
26053,195,1430,62106,display,negative,0.734,good,lexicon
26054,195,1430,62107,design,positive,0.883,love,lexicon
26055,195,1430,62108,camera,positive,0.86,great,lexicon
26056,195,1431,62112,performance,positive,0.95,excellent,lexicon
26057,195,1431,62117,battery,positive,0.748,better,lexicon
26058,195,1431,62120,battery,positive,0.927,excellent,lexicon
26059,195,1431,62120,performance,positive,0.927,excellent,lexicon
26060,195,1432,62124,battery,positive,0.927,perfect,lexicon
26061,195,1432,62125,battery,positive,0.927,perfect,lexicon
26062,195,1432,62130,design,neutral,0.55,,lexicon
26063,195,1432,62132,battery,neutral,0.55,,lexicon
26064,195,1433,62134,battery,neutral,0.55,,lexicon
26065,195,1433,62136,battery,negative,0.748,issue,lexicon
26066,195,1433,62137,battery,neutral,0.55,,lexicon
26067,195,1434,62141,design,positive,0.95,stunning,lexicon
26068,195,1434,62142,design,neutral,0.55,,lexicon
26069,195,1434,62144,battery,negative,0.748,issue,lexicon
26070,195,1434,62144,camera,neutral,0.471,good,lexicon
26071,195,1434,62145,display,positive,0.95,perfect,lexicon
26072,195,1434,62147,battery,positive,0.95,excellent,lexicon
26073,195,1434,62148,design,neutral,0.55,,lexicon
26074,195,1435,62156,battery,positive,0.77,lasts,lexicon
26075,195,1435,62157,design,positive,0.927,amazing,lexicon
26076,195,1435,62158,price,positive,0.925,worth,lexicon
26077,195,1435,62159,camera,positive,0.661,better,lexicon
26078,195,1435,62159,performance,negative,0.86,slow,lexicon
26079,195,1436,62162,battery,positive,0.927,perfect,lexicon
26080,195,1436,62162,display,positive,0.927,perfect,lexicon
26081,195,1436,62163,price,positive,0.815,worth,lexicon
26082,195,1437,62164,price,positive,0.815,worth,lexicon
26083,195,1437,62167,battery,neutral,0.55,,lexicon
26084,195,1439,62171,battery,neutral,0.55,,lexicon
26085,195,1440,62174,battery,positive,0.927,excellent,lexicon
26086,195,1441,62175,battery,positive,0.95,excellent,lexicon
26087,195,1441,62182,battery,positive,0.95,excellent,lexicon
26088,195,1441,62183,battery,neutral,0.55,,lexicon
26089,195,1441,62189,battery,negative,0.927,terrible,lexicon
26090,195,1441,62189,camera,negative,0.927,terrible,lexicon
26091,195,1441,62189,display,negative,0.927,terrible,lexicon
26092,195,1441,62190,camera,neutral,0.55,,lexicon
26093,195,1441,62190,display,neutral,0.55,,lexicon
26094,195,1441,62191,battery,neutral,0.55,,lexicon
26095,195,1441,62192,design,neutral,0.55,,lexicon
26096,195,1441,62193,display,neutral,0.55,,lexicon
26097,195,1441,62193,design,neutral,0.55,,lexicon
26098,195,1441,62194,battery,neutral,0.55,,lexicon
26099,195,1441,62194,camera,neutral,0.55,,lexicon
26100,195,1442,62197,design,positive,0.95,love,lexicon
26101,195,1443,62201,display,neutral,0.55,,lexicon
26102,195,1443,62201,design,positive,0.725,like,lexicon
26103,195,1444,62206,price,positive,0.86,great,lexicon
26104,195,1444,62207,battery,positive,0.927,perfect,lexicon
26105,195,1444,62208,price,positive,0.882,reasonable,lexicon
26106,195,1446,62209,battery,positive,0.86,great,lexicon
26107,195,1446,62209,price,positive,0.86,great,lexicon
26108,195,1447,62210,price,positive,0.895,good,lexicon
26109,196,2036,62218,camera,positive,0.95,awesome,lexicon
26110,196,2036,62219,camera,negative,0.95,best,lexicon
26111,196,2036,62220,camera,positive,0.95,happy,lexicon
26112,196,2036,62222,camera,positive,0.895,good,lexicon
26113,196,2036,62223,camera,neutral,0.55,,lexicon
26114,196,2036,62228,battery,positive,0.815,worth,lexicon
26115,196,2036,62228,camera,positive,0.815,worth,lexicon
26116,196,2036,62229,battery,neutral,0.55,,lexicon
26117,196,2036,62230,battery,neutral,0.55,,lexicon
26118,196,2036,62231,battery,positive,0.815,pleased,lexicon
26119,196,2036,62231,performance,positive,0.815,pleased,lexicon
26120,196,2036,62232,battery,positive,0.883,impressive,lexicon
26121,196,2036,62233,display,positive,0.905,brilliant,lexicon
26122,196,2036,62233,design,positive,0.905,brilliant,lexicon
26123,196,2036,62234,display,positive,0.77,nice,lexicon
26124,196,2036,62235,performance,positive,0.95,fast,lexicon
26125,196,2036,62237,design,neutral,0.55,,lexicon
26126,196,2036,62238,design,neutral,0.55,,lexicon
26127,196,2037,62241,price,positive,0.883,loved,lexicon
26128,196,2037,62244,display,neutral,0.55,,lexicon
26129,196,2037,62245,display,negative,0.734,good,lexicon
26130,196,2037,62246,design,positive,0.883,love,lexicon
26131,196,2037,62247,camera,positive,0.86,great,lexicon
26132,196,2038,62251,performance,positive,0.95,excellent,lexicon
26133,196,2038,62256,battery,positive,0.748,better,lexicon
26134,196,2038,62259,battery,positive,0.927,excellent,lexicon
26135,196,2038,62259,performance,positive,0.927,excellent,lexicon
26136,196,2039,62263,battery,positive,0.927,perfect,lexicon
26137,196,2039,62264,battery,positive,0.927,perfect,lexicon
26138,196,2039,62269,design,neutral,0.55,,lexicon
26139,196,2039,62271,battery,neutral,0.55,,lexicon
26140,196,2040,62273,battery,neutral,0.55,,lexicon
26141,196,2040,62275,battery,negative,0.748,issue,lexicon
26142,196,2040,62276,battery,neutral,0.55,,lexicon
26143,196,2041,62280,design,positive,0.95,stunning,lexicon
26144,196,2041,62281,design,neutral,0.55,,lexicon
26145,196,2041,62283,battery,negative,0.748,issue,lexicon
26146,196,2041,62283,camera,neutral,0.471,good,lexicon
26147,196,2041,62284,display,positive,0.95,perfect,lexicon
26148,196,2041,62286,battery,positive,0.95,excellent,lexicon
26149,196,2041,62287,design,neutral,0.55,,lexicon
26150,196,2042,62295,battery,positive,0.77,lasts,lexicon
26151,196,2042,62296,design,positive,0.927,amazing,lexicon
26152,196,2042,62297,price,positive,0.925,worth,lexicon
26153,196,2042,62298,camera,positive,0.661,better,lexicon
26154,196,2042,62298,performance,negative,0.86,slow,lexicon
26155,196,2043,62301,battery,positive,0.927,perfect,lexicon
26156,196,2043,62301,display,positive,0.927,perfect,lexicon
26157,196,2043,62302,price,positive,0.815,worth,lexicon
26158,196,2044,62303,price,positive,0.815,worth,lexicon
26159,196,2044,62306,battery,neutral,0.55,,lexicon
26160,196,2046,62310,battery,neutral,0.55,,lexicon
26161,196,2047,62313,battery,positive,0.927,excellent,lexicon
26162,196,2049,62314,battery,positive,0.95,excellent,lexicon
26163,196,2049,62321,battery,positive,0.95,excellent,lexicon
26164,196,2049,62322,battery,neutral,0.55,,lexicon
26165,196,2049,62328,battery,negative,0.927,terrible,lexicon
26166,196,2049,62328,camera,negative,0.927,terrible,lexicon
26167,196,2049,62328,display,negative,0.927,terrible,lexicon
26168,196,2049,62329,camera,neutral,0.55,,lexicon
26169,196,2049,62329,display,neutral,0.55,,lexicon
26170,196,2049,62330,battery,neutral,0.55,,lexicon
26171,196,2049,62331,design,neutral,0.55,,lexicon
26172,196,2049,62332,display,neutral,0.55,,lexicon
26173,196,2049,62332,design,neutral,0.55,,lexicon
26174,196,2049,62333,battery,neutral,0.55,,lexicon
26175,196,2049,62333,camera,neutral,0.55,,lexicon
26176,196,2050,62336,design,positive,0.95,love,lexicon
26177,196,2051,62340,display,neutral,0.55,,lexicon
26178,196,2051,62340,design,positive,0.725,like,lexicon
26179,196,2052,62345,price,positive,0.86,great,lexicon
26180,196,2052,62346,battery,positive,0.927,perfect,lexicon
26181,196,2052,62347,price,positive,0.882,reasonable,lexicon
26182,196,2054,62348,battery,positive,0.86,great,lexicon
26183,196,2054,62348,price,positive,0.86,great,lexicon
26184,196,2055,62349,price,positive,0.895,good,lexicon
26185,197,2501,62357,camera,positive,0.95,awesome,lexicon
26186,197,2501,62358,camera,negative,0.95,best,lexicon
26187,197,2501,62359,camera,positive,0.95,happy,lexicon
26188,197,2501,62361,camera,positive,0.895,good,lexicon
26189,197,2501,62362,camera,neutral,0.55,,lexicon
26190,197,2501,62367,battery,positive,0.815,worth,lexicon
26191,197,2501,62367,camera,positive,0.815,worth,lexicon
26192,197,2501,62368,battery,neutral,0.55,,lexicon
26193,197,2501,62369,battery,neutral,0.55,,lexicon
26194,197,2501,62370,battery,positive,0.815,pleased,lexicon
26195,197,2501,62370,performance,positive,0.815,pleased,lexicon
26196,197,2501,62371,battery,positive,0.883,impressive,lexicon
26197,197,2501,62372,display,positive,0.905,brilliant,lexicon
26198,197,2501,62372,design,positive,0.905,brilliant,lexicon
26199,197,2501,62373,display,positive,0.77,nice,lexicon
26200,197,2501,62374,performance,positive,0.95,fast,lexicon
26201,197,2501,62376,design,neutral,0.55,,lexicon
26202,197,2501,62377,design,neutral,0.55,,lexicon
26203,197,2502,62380,price,positive,0.883,loved,lexicon
26204,197,2502,62383,display,neutral,0.55,,lexicon
26205,197,2502,62384,display,negative,0.734,good,lexicon
26206,197,2502,62385,design,positive,0.883,love,lexicon
26207,197,2502,62386,camera,positive,0.86,great,lexicon
26208,197,2503,62390,performance,positive,0.95,excellent,lexicon
26209,197,2503,62395,battery,positive,0.748,better,lexicon
26210,197,2503,62398,battery,positive,0.927,excellent,lexicon
26211,197,2503,62398,performance,positive,0.927,excellent,lexicon
26212,197,2504,62402,battery,positive,0.927,perfect,lexicon
26213,197,2504,62403,battery,positive,0.927,perfect,lexicon
26214,197,2504,62408,design,neutral,0.55,,lexicon
26215,197,2504,62410,battery,neutral,0.55,,lexicon
26216,197,2505,62412,battery,neutral,0.55,,lexicon
26217,197,2505,62414,battery,negative,0.748,issue,lexicon
26218,197,2505,62415,battery,neutral,0.55,,lexicon
26219,197,2506,62419,design,positive,0.95,stunning,lexicon
26220,197,2506,62420,design,neutral,0.55,,lexicon
26221,197,2506,62422,battery,negative,0.748,issue,lexicon
26222,197,2506,62422,camera,neutral,0.471,good,lexicon
26223,197,2506,62423,display,positive,0.95,perfect,lexicon
26224,197,2506,62425,battery,positive,0.95,excellent,lexicon
26225,197,2506,62426,design,neutral,0.55,,lexicon
26226,197,2507,62434,battery,positive,0.77,lasts,lexicon
26227,197,2507,62435,design,positive,0.927,amazing,lexicon
26228,197,2507,62436,price,positive,0.925,worth,lexicon
26229,197,2507,62437,camera,positive,0.661,better,lexicon
26230,197,2507,62437,performance,negative,0.86,slow,lexicon
26231,197,2508,62440,battery,positive,0.927,perfect,lexicon
26232,197,2508,62440,display,positive,0.927,perfect,lexicon
26233,197,2508,62441,price,positive,0.815,worth,lexicon
26234,197,2509,62442,price,positive,0.815,worth,lexicon
26235,197,2509,62445,battery,neutral,0.55,,lexicon
26236,197,2511,62449,battery,neutral,0.55,,lexicon
26237,197,2512,62452,battery,positive,0.927,excellent,lexicon
26238,197,2514,62453,battery,positive,0.95,excellent,lexicon
26239,197,2514,62460,battery,positive,0.95,excellent,lexicon
26240,197,2514,62461,battery,neutral,0.55,,lexicon
26241,197,2514,62467,battery,negative,0.927,terrible,lexicon
26242,197,2514,62467,camera,negative,0.927,terrible,lexicon
26243,197,2514,62467,display,negative,0.927,terrible,lexicon
26244,197,2514,62468,camera,neutral,0.55,,lexicon
26245,197,2514,62468,display,neutral,0.55,,lexicon
26246,197,2514,62469,battery,neutral,0.55,,lexicon
26247,197,2514,62470,design,neutral,0.55,,lexicon
26248,197,2514,62471,display,neutral,0.55,,lexicon
26249,197,2514,62471,design,neutral,0.55,,lexicon
26250,197,2514,62472,battery,neutral,0.55,,lexicon
26251,197,2514,62472,camera,neutral,0.55,,lexicon
26252,197,2515,62475,design,positive,0.95,love,lexicon
26253,197,2516,62479,display,neutral,0.55,,lexicon
26254,197,2516,62479,design,positive,0.725,like,lexicon
26255,197,2517,62484,price,positive,0.86,great,lexicon
26256,197,2517,62485,battery,positive,0.927,perfect,lexicon
26257,197,2517,62486,price,positive,0.882,reasonable,lexicon
26258,197,2519,62487,battery,positive,0.86,great,lexicon
26259,197,2519,62487,price,positive,0.86,great,lexicon
26260,197,2520,62488,price,positive,0.895,good,lexicon
26261,198,2980,62496,camera,positive,0.95,awesome,lexicon
26262,198,2980,62497,camera,negative,0.95,best,lexicon
26263,198,2980,62498,camera,positive,0.95,happy,lexicon
26264,198,2980,62500,camera,positive,0.895,good,lexicon
26265,198,2980,62501,camera,neutral,0.55,,lexicon
26266,198,2980,62506,battery,positive,0.815,worth,lexicon
26267,198,2980,62506,camera,positive,0.815,worth,lexicon
26268,198,2980,62507,battery,neutral,0.55,,lexicon
26269,198,2980,62508,battery,neutral,0.55,,lexicon
26270,198,2980,62509,battery,positive,0.815,pleased,lexicon
26271,198,2980,62509,performance,positive,0.815,pleased,lexicon
26272,198,2980,62510,battery,positive,0.883,impressive,lexicon
26273,198,2980,62511,display,positive,0.905,brilliant,lexicon
26274,198,2980,62511,design,positive,0.905,brilliant,lexicon
26275,198,2980,62512,display,positive,0.77,nice,lexicon
26276,198,2980,62513,performance,positive,0.95,fast,lexicon
26277,198,2980,62515,design,neutral,0.55,,lexicon
26278,198,2980,62516,design,neutral,0.55,,lexicon
26279,198,2981,62519,price,positive,0.883,loved,lexicon
26280,198,2981,62522,display,neutral,0.55,,lexicon
26281,198,2981,62523,display,negative,0.734,good,lexicon
26282,198,2981,62524,design,positive,0.883,love,lexicon
26283,198,2981,62525,camera,positive,0.86,great,lexicon
26284,198,2982,62529,performance,positive,0.95,excellent,lexicon
26285,198,2982,62534,battery,positive,0.748,better,lexicon
26286,198,2982,62537,battery,positive,0.927,excellent,lexicon
26287,198,2982,62537,performance,positive,0.927,excellent,lexicon
26288,198,2983,62541,battery,positive,0.927,perfect,lexicon
26289,198,2983,62542,battery,positive,0.927,perfect,lexicon
26290,198,2983,62547,design,neutral,0.55,,lexicon
26291,198,2983,62549,battery,neutral,0.55,,lexicon
26292,198,2984,62551,battery,neutral,0.55,,lexicon
26293,198,2984,62553,battery,negative,0.748,issue,lexicon
26294,198,2984,62554,battery,neutral,0.55,,lexicon
26295,198,2985,62558,design,positive,0.95,stunning,lexicon
26296,198,2985,62559,design,neutral,0.55,,lexicon
26297,198,2985,62561,battery,negative,0.748,issue,lexicon
26298,198,2985,62561,camera,neutral,0.471,good,lexicon
26299,198,2985,62562,display,positive,0.95,perfect,lexicon
26300,198,2985,62564,battery,positive,0.95,excellent,lexicon
26301,198,2985,62565,design,neutral,0.55,,lexicon
26302,198,2986,62573,battery,positive,0.77,lasts,lexicon
26303,198,2986,62574,design,positive,0.927,amazing,lexicon
26304,198,2986,62575,price,positive,0.925,worth,lexicon
26305,198,2986,62576,camera,positive,0.661,better,lexicon
26306,198,2986,62576,performance,negative,0.86,slow,lexicon
26307,198,2987,62579,battery,positive,0.927,perfect,lexicon
26308,198,2987,62579,display,positive,0.927,perfect,lexicon
26309,198,2987,62580,price,positive,0.815,worth,lexicon
26310,198,2988,62581,price,positive,0.815,worth,lexicon
26311,198,2988,62584,battery,neutral,0.55,,lexicon
26312,198,2990,62588,battery,neutral,0.55,,lexicon
26313,198,2991,62591,battery,positive,0.927,excellent,lexicon
26314,198,2993,62592,battery,positive,0.95,excellent,lexicon
26315,198,2993,62599,battery,positive,0.95,excellent,lexicon
26316,198,2993,62600,battery,neutral,0.55,,lexicon
26317,198,2993,62606,battery,negative,0.927,terrible,lexicon
26318,198,2993,62606,camera,negative,0.927,terrible,lexicon
26319,198,2993,62606,display,negative,0.927,terrible,lexicon
26320,198,2993,62607,camera,neutral,0.55,,lexicon
26321,198,2993,62607,display,neutral,0.55,,lexicon
26322,198,2993,62608,battery,neutral,0.55,,lexicon
26323,198,2993,62609,design,neutral,0.55,,lexicon
26324,198,2993,62610,display,neutral,0.55,,lexicon
26325,198,2993,62610,design,neutral,0.55,,lexicon
26326,198,2993,62611,battery,neutral,0.55,,lexicon
26327,198,2993,62611,camera,neutral,0.55,,lexicon
26328,198,2994,62614,design,positive,0.95,love,lexicon
26329,198,2995,62618,display,neutral,0.55,,lexicon
26330,198,2995,62618,design,positive,0.725,like,lexicon
26331,198,2996,62623,price,positive,0.86,great,lexicon
26332,198,2996,62624,battery,positive,0.927,perfect,lexicon
26333,198,2996,62625,price,positive,0.882,reasonable,lexicon
26334,198,2998,62626,battery,positive,0.86,great,lexicon
26335,198,2998,62626,price,positive,0.86,great,lexicon
26336,198,2999,62627,price,positive,0.895,good,lexicon
26337,199,2957,62631,display,negative,0.77,problems,lexicon
26338,199,2957,62636,price,neutral,0.55,,lexicon
26339,199,2957,62637,battery,neutral,0.55,,lexicon
26340,199,2958,62643,design,positive,0.95,excellent,lexicon
26341,199,2958,62648,price,positive,0.815,worth,lexicon
26342,199,2961,62658,price,neutral,0.55,,lexicon
26343,199,2962,62660,price,neutral,0.55,,lexicon
26344,199,2962,62663,price,neutral,0.55,,lexicon
26345,200,1620,62682,battery,positive,0.792,good,lexicon
26346,200,1620,62682,performance,positive,0.86,fast,lexicon
26347,200,1620,62683,price,positive,0.95,recommended,lexicon
26348,200,1624,62696,battery,neutral,0.55,,lexicon
26349,200,1626,62701,performance,positive,0.788,poor,lexicon
26350,201,1895,62703,design,positive,0.86,great,lexicon
26351,201,1896,62706,display,neutral,0.55,,lexicon
26352,201,1896,62712,price,negative,0.748,issue,lexicon
26353,201,1897,62721,performance,positive,0.95,great,lexicon
26354,201,1897,62721,price,positive,0.95,great,lexicon
26355,201,1898,62731,camera,positive,0.86,great,lexicon
26356,201,1898,62734,battery,neutral,0.55,,lexicon
26357,201,1899,62735,battery,positive,0.945,great,lexicon
26358,201,1899,62736,design,neutral,0.55,,lexicon
26359,201,1899,62737,display,neutral,0.55,,lexicon
26360,201,1900,62739,battery,positive,0.95,fast,lexicon
26361,201,1900,62739,performance,positive,0.95,fast,lexicon
26362,201,1900,62740,battery,neutral,0.55,,lexicon
26363,201,1902,62746,design,positive,0.725,like,lexicon
26364,201,1902,62747,battery,neutral,0.55,,lexicon
26365,201,1902,62749,price,neutral,0.55,,lexicon
26366,201,1903,62751,battery,positive,0.928,disappointed,lexicon
26367,201,1903,62752,battery,negative,0.86,died,lexicon
26368,201,1903,62753,battery,neutral,0.55,,lexicon
26369,201,1904,62760,camera,neutral,0.55,,lexicon
26370,202,2345,62766,design,positive,0.86,great,lexicon
26371,202,2346,62769,display,neutral,0.55,,lexicon
26372,202,2346,62775,price,negative,0.748,issue,lexicon
26373,202,2347,62784,performance,positive,0.95,great,lexicon
26374,202,2347,62784,price,positive,0.95,great,lexicon
26375,202,2348,62794,camera,positive,0.86,great,lexicon
26376,202,2348,62797,battery,neutral,0.55,,lexicon
26377,202,2349,62798,battery,positive,0.945,great,lexicon
26378,202,2349,62799,design,neutral,0.55,,lexicon
26379,202,2349,62800,display,neutral,0.55,,lexicon
26380,202,2350,62802,battery,positive,0.95,fast,lexicon
26381,202,2350,62802,performance,positive,0.95,fast,lexicon
26382,202,2350,62803,battery,neutral,0.55,,lexicon
26383,202,2352,62809,design,positive,0.725,like,lexicon
26384,202,2352,62810,battery,neutral,0.55,,lexicon
26385,202,2352,62812,price,neutral,0.55,,lexicon
26386,202,2353,62814,battery,positive,0.928,disappointed,lexicon
26387,202,2353,62815,battery,negative,0.86,died,lexicon
26388,202,2353,62816,battery,neutral,0.55,,lexicon
26389,202,2354,62823,camera,neutral,0.55,,lexicon
26390,203,2826,62829,design,positive,0.86,great,lexicon
26391,203,2827,62832,display,neutral,0.55,,lexicon
26392,203,2827,62838,price,negative,0.748,issue,lexicon
26393,203,2828,62847,performance,positive,0.95,great,lexicon
26394,203,2828,62847,price,positive,0.95,great,lexicon
26395,203,2829,62857,camera,positive,0.86,great,lexicon
26396,203,2829,62860,battery,neutral,0.55,,lexicon
26397,203,2830,62861,battery,positive,0.945,great,lexicon
26398,203,2830,62862,design,neutral,0.55,,lexicon
26399,203,2830,62863,display,neutral,0.55,,lexicon
26400,203,2831,62865,battery,positive,0.95,fast,lexicon
26401,203,2831,62865,performance,positive,0.95,fast,lexicon
26402,203,2831,62866,battery,neutral,0.55,,lexicon
26403,203,2833,62872,design,positive,0.725,like,lexicon
26404,203,2833,62873,battery,neutral,0.55,,lexicon
26405,203,2833,62875,price,neutral,0.55,,lexicon
26406,203,2834,62877,battery,positive,0.928,disappointed,lexicon
26407,203,2834,62878,battery,negative,0.86,died,lexicon
26408,203,2834,62879,battery,neutral,0.55,,lexicon
26409,203,2835,62886,camera,neutral,0.55,,lexicon
26410,204,1233,62891,performance,positive,0.927,excellent,lexicon
26411,204,1233,62892,battery,positive,0.815,satisfied,lexicon
26412,204,1233,62892,performance,positive,0.815,satisfied,lexicon
26413,204,1233,62893,camera,positive,0.611,best,lexicon
26414,205,2968,62896,battery,neutral,0.55,,lexicon
26415,205,2968,62897,display,positive,0.927,perfect,lexicon
26416,205,2968,62898,battery,positive,0.86,great,lexicon
26417,205,2968,62898,display,positive,0.86,great,lexicon
26418,205,2968,62900,display,neutral,0.55,,lexicon
26419,205,2968,62905,display,neutral,0.55,,lexicon
26420,205,2968,62905,design,neutral,0.55,,lexicon
26421,205,2968,62913,camera,positive,0.883,love,lexicon
26422,205,2969,62916,price,positive,0.95,great,lexicon
26423,205,2969,62918,design,neutral,0.55,,lexicon
26424,205,2969,62919,price,positive,0.95,great,lexicon
26425,205,2969,62924,display,neutral,0.55,,lexicon
26426,205,2969,62930,display,positive,0.86,beautiful,lexicon
26427,205,2970,62935,design,positive,0.927,excellent,lexicon
26428,205,2970,62936,battery,neutral,0.55,,lexicon
26429,205,2970,62937,battery,neutral,0.55,,lexicon
26430,205,2970,62938,display,neutral,0.55,,lexicon
26431,205,2970,62940,display,positive,0.792,bright,lexicon
26432,205,2970,62942,design,neutral,0.55,,lexicon
26433,205,2971,62945,battery,neutral,0.55,,lexicon
26434,205,2972,62948,price,positive,0.95,amazing,lexicon
26435,205,2975,62952,price,positive,0.95,horrible,lexicon
26436,205,2976,62956,battery,neutral,0.55,,lexicon
26437,205,2976,62957,display,positive,0.95,clear,lexicon
26438,205,2976,62957,design,positive,0.93,clear,lexicon
26439,205,2976,62959,display,neutral,0.55,,lexicon
26440,205,2976,62963,battery,positive,0.748,better,lexicon
26441,205,2976,62965,display,neutral,0.55,,lexicon
26442,205,2977,62967,price,positive,0.914,good,lexicon
26443,205,2977,62968,price,positive,0.95,love,lexicon
26444,205,2979,62969,battery,positive,0.792,good,lexicon
26445,205,2979,62971,battery,neutral,0.55,,lexicon
26446,206,1126,62975,battery,positive,0.95,amazing,lexicon
26447,206,1126,62975,display,positive,0.95,fast,lexicon
26448,206,1126,62975,performance,positive,0.95,fast,lexicon
26449,206,1126,62975,price,positive,0.95,amazing,lexicon
26450,206,1126,62976,price,positive,0.883,loved,lexicon
26451,206,1126,62977,display,neutral,0.55,,lexicon
26452,206,1126,62978,price,positive,0.927,perfect,lexicon
26453,206,1126,62979,price,positive,0.95,loves,lexicon
26454,206,1126,62981,design,neutral,0.55,,lexicon
26455,206,1126,62981,display,positive,0.86,beautiful,lexicon
26456,206,1126,62982,battery,positive,0.927,amazing,lexicon
26457,206,1127,62985,design,positive,0.927,perfect,lexicon
26458,206,1127,62985,price,positive,0.95,perfect,lexicon
26459,206,1127,62986,performance,neutral,0.432,rip off,lexicon
26460,206,1127,62986,price,positive,0.86,great,lexicon
26461,206,1129,62991,battery,positive,0.905,best,lexicon
26462,206,1129,62993,display,positive,0.883,love,lexicon
26463,206,1129,62994,performance,neutral,0.55,,lexicon
26464,206,1129,62997,display,negative,0.748,issue,lexicon
26465,206,1129,62998,display,neutral,0.55,,lexicon
26466,206,1130,63001,price,positive,0.77,solid,lexicon
26467,206,1130,63003,battery,neutral,0.55,,lexicon
26468,206,1130,63003,camera,neutral,0.55,,lexicon
26469,206,1131,63007,design,neutral,0.55,,lexicon
26470,206,1131,63009,performance,positive,0.86,fast,lexicon
26471,206,1131,63010,display,positive,0.86,great,lexicon
26472,206,1131,63011,battery,positive,0.792,good,lexicon
26473,206,1132,63012,design,positive,0.95,great,lexicon
26474,206,1134,63023,price,positive,0.95,good,lexicon
26475,206,1134,63024,display,positive,0.95,fast,lexicon
26476,206,1134,63024,performance,positive,0.95,fast,lexicon
26477,206,1134,63024,price,positive,0.95,fast,lexicon
26478,206,1134,63036,design,neutral,0.55,,lexicon
26479,206,1134,63038,price,positive,0.95,best,lexicon
26480,206,1135,63039,price,positive,0.866,good,lexicon
26481,206,1136,63043,battery,negative,0.927,terrible,lexicon
26482,206,1136,63047,battery,neutral,0.55,excellent,lexicon
26483,206,1136,63048,battery,neutral,0.55,,lexicon
26484,206,1138,63059,price,positive,0.95,great,lexicon
26485,206,1140,63069,camera,positive,0.86,great,lexicon
26486,206,1140,63069,price,positive,0.878,worth,lexicon
26487,207,1421,63074,price,positive,0.815,worth,lexicon
26488,207,1422,63077,battery,negative,0.734,drain,lexicon
26489,207,1423,63080,price,positive,0.95,recommend,lexicon
26490,207,1423,63081,battery,positive,0.95,amazing,lexicon
26491,207,1423,63081,performance,neutral,0.432,heats up,lexicon
26492,207,1424,63082,battery,negative,0.734,good,lexicon
26493,207,1424,63085,price,positive,0.95,quick,lexicon
26494,207,1424,63086,price,neutral,0.55,,lexicon
26495,207,1424,63087,price,positive,0.725,like,lexicon
26496,207,1425,63088,display,neutral,0.55,,lexicon
26497,207,1426,63089,battery,neutral,0.55,,lexicon
26498,207,1426,63090,battery,positive,0.927,perfect,lexicon
26499,208,1944,63097,display,neutral,0.55,,lexicon
26500,208,1944,63098,battery,neutral,0.55,,lexicon
26501,208,1944,63099,battery,positive,0.748,better,lexicon
26502,208,1947,63105,price,positive,0.815,worth,lexicon
26503,208,1947,63106,camera,negative,0.749,disappointing,lexicon
26504,208,1947,63108,battery,positive,0.905,awesome,lexicon
26505,208,1949,63116,display,positive,0.815,worth,lexicon
26506,208,1949,63116,price,negative,0.905,not worth,lexicon
26507,209,237,63127,battery,neutral,0.55,,lexicon
26508,209,238,63130,price,positive,0.895,great,lexicon
26509,209,241,63138,price,positive,0.905,best,lexicon
26510,209,241,63140,performance,positive,0.905,exceptional,lexicon
26511,210,1964,63150,battery,neutral,0.55,,lexicon
26512,210,1964,63152,battery,positive,0.725,like,lexicon
26513,210,1966,63156,performance,positive,0.93,great,lexicon
26514,210,1966,63158,battery,neutral,0.55,,lexicon
26515,210,1966,63159,performance,neutral,0.55,,lexicon
26516,210,1967,63163,design,neutral,0.55,,lexicon
26517,210,1968,63164,design,positive,0.86,great,lexicon
26518,210,1968,63166,battery,neutral,0.55,,lexicon
26519,210,1971,63172,battery,neutral,0.55,,lexicon
26520,211,1953,63182,battery,positive,0.682,dies,lexicon
26521,211,1953,63182,performance,positive,0.682,dies,lexicon
26522,211,1955,63184,battery,neutral,0.55,,lexicon
26523,211,1955,63185,battery,neutral,0.55,,lexicon
26524,211,1955,63186,battery,neutral,0.55,,lexicon
26525,211,1957,63191,price,positive,0.93,worth,lexicon
26526,211,1958,63192,price,positive,0.815,worth,lexicon
26527,211,1958,63193,price,positive,0.815,worth,lexicon
26528,211,1958,63195,battery,positive,0.77,nice,lexicon
26529,211,1958,63197,performance,positive,0.95,smooth,lexicon
26530,212,2114,63203,price,neutral,0.55,,lexicon
26531,212,2115,63206,battery,positive,0.95,excellent,lexicon
26532,212,2115,63206,performance,positive,0.95,excellent,lexicon
26533,212,2116,63207,design,positive,0.95,great,lexicon
26534,212,2119,63215,battery,positive,0.792,good,lexicon
26535,213,1923,63219,battery,neutral,0.55,,lexicon
26536,213,1924,63222,design,positive,0.86,loves,lexicon
26537,213,1925,63223,price,positive,0.86,great,lexicon
26538,213,1928,63238,design,negative,0.748,issue,lexicon
26539,213,1929,63244,display,positive,0.95,excellent,lexicon
26540,213,1930,63246,battery,positive,0.95,excellent,lexicon
26541,214,3026,63249,battery,neutral,0.55,,lexicon
26542,214,3027,63252,design,positive,0.86,loves,lexicon
26543,214,3028,63253,price,positive,0.86,great,lexicon
26544,214,3031,63268,design,negative,0.748,issue,lexicon
26545,214,3032,63274,display,positive,0.95,excellent,lexicon
26546,214,3033,63276,battery,positive,0.95,excellent,lexicon
26547,215,1889,63279,price,positive,0.824,waste,lexicon
26548,215,1891,63283,display,neutral,0.55,,lexicon
26549,216,1959,63290,battery,neutral,0.55,dies,lexicon
26550,216,1959,63290,performance,neutral,0.55,dies,lexicon
26551,216,1960,63292,price,neutral,0.55,,lexicon
26552,216,1963,63294,battery,neutral,0.55,,lexicon
26553,216,1963,63295,battery,neutral,0.55,,lexicon
26554,217,2916,63296,display,neutral,0.55,,lexicon
26555,217,2919,63300,battery,positive,0.95,great,lexicon
26556,217,2921,63303,display,positive,0.927,excellent,lexicon
26557,217,2921,63304,display,neutral,0.55,,lexicon
26558,217,2921,63305,camera,neutral,0.55,,lexicon
26559,217,2923,63310,battery,neutral,0.55,,lexicon
26560,217,2923,63310,camera,neutral,0.55,,lexicon
26561,217,2923,63311,camera,positive,0.838,happy,lexicon
26562,218,1887,63318,battery,positive,0.914,great,lexicon
26563,218,1887,63319,battery,neutral,0.55,,lexicon
26564,219,1922,63322,design,neutral,0.55,,lexicon
26565,220,1759,63324,battery,neutral,0.55,,lexicon
26566,220,1759,63328,battery,neutral,0.55,,lexicon
26567,220,1759,63330,battery,neutral,0.55,,lexicon
26568,220,1759,63331,battery,neutral,0.55,,lexicon
26569,220,1759,63332,battery,neutral,0.55,,lexicon
26570,224,1275,63345,battery,neutral,0.55,,lexicon
26571,224,1275,63347,battery,positive,0.725,like,lexicon
26572,224,1277,63351,performance,positive,0.93,great,lexicon
26573,224,1277,63353,battery,neutral,0.55,,lexicon
26574,224,1277,63354,performance,neutral,0.55,,lexicon
26575,224,1278,63358,design,neutral,0.55,,lexicon
26576,224,1279,63359,design,positive,0.86,great,lexicon
26577,224,1279,63361,battery,neutral,0.55,,lexicon
26578,224,1282,63367,battery,neutral,0.55,,lexicon
